Account,Business Name,Address,City,State,Postal Code,Country,Storecode,Tags,Reviewer Name,Review,Rating,Date Posted,Reply,Date Replied,Vendor,URL
synergyhlthcr-nspire,NSPIRE Healthcare Lauderhill,2599 NW 55th Ave,Lauderhill,FL,33313-2443,US,2010,,Lynden James,"My mom is 100% different from prior. she is responsive her look is better
Here at nspire they treat her better.i am very happy",5,1/28/2026,,,gmb,https://maps.google.com/maps?cid=11701062337551936383
synergyhlthcr-nspire,NSPIRE Healthcare Tamarac,5901 NW 79th Ave,Tamarac,FL,33321-4639,US,2012,,Cindy P,"If I could negative stars I would.  This place is a joke.  My neighbor was there for just over a week and it took 8 days of repeated requests for a phone in her room so that her family could speak with her, everyone would point to someone else. I spoke with in person AND left several messages to speak with the facility doctor, or nurse practitioner, and charge nurse, no one EVER called and when I asked for their names, they would not provide.  The ONLY person who cared there was a Nurse named Cindy and the receptionist when you walked in.  If your family member cannot advocate for themselves, they will be left to die there.   My neighbor, once we were able to get her a phone, was able to call and get herself out of there.   Do better NSpire!",1,1/28/2026,,,gmb,https://maps.google.com/maps?cid=15546200343318802219
synergyhlthcr-nspire,NSPIRE Healthcare Kendall,9400 SW 137th Ave,Miami,FL,33186-1434,US,2014,,ALFREDO REGUEIRO,"Thank you everyone,.Especially all nursing Department .Professional  nursing staff,CNA and maintenance Department. My wife is in this facility for rehab ,I recommend this place for any family. THANK YOU",5,1/26/2026,,,gmb,https://maps.google.com/maps?cid=1603705479706553161
synergyhlthcr-nspire,NSPIRE Healthcare Kendall,9400 SW 137th Ave,Miami,FL,33186-1434,US,2014,,OSCAR ALBERTO MOLINA,"Excellent nursing care services.I recommend this place totally.My wife has lived in that facility for years and the care she has received from everyone has been incredible.Thank you to all staff,CNAs,DON,ED and nurse.Lucia Barrios family members",5,1/26/2026,,,gmb,https://maps.google.com/maps?cid=1603705479706553161
synergyhlthcr-nspire,NSPIRE Healthcare Kendall,9400 SW 137th Ave,Miami,FL,33186-1434,US,2014,,yuleisy toledo,"My family member stayed at Nspire of Kendall Rehabilitation center .Thank you to the entire nursing department,CNA,nurses ,supervisors,administrators,DON,housekeeping,excellent care and support.I highly recommend this facility",5,1/24/2026,,,gmb,https://maps.google.com/maps?cid=1603705479706553161
synergyhlthcr-nspire,NSPIRE Healthcare Kendall,9400 SW 137th Ave,Miami,FL,33186-1434,US,2014,,Arturo Gómez,"(Translated by Google) I wanted to thank all the staff at this very special center for their professional nursing service. My mother was discharged yesterday, and it was an excellent experience. I highly recommend this place. Thank you all.

(Original)
Quería dar las gracias a todos los trabajadores de este centro tan especial,por todo su servicio profesional de enfermería.Mi mamá fue discharged ayer y fue una experiencia excelente.Recomiendo el lugar sin duda alguna.Gracias a todos",5,1/24/2026,,,gmb,https://maps.google.com/maps?cid=1603705479706553161
synergyhlthcr-nspire,NSPIRE Healthcare Kendall,9400 SW 137th Ave,Miami,FL,33186-1434,US,2014,,Felicia Pacheco,"My father stayed at Nspire of Kendall at the moment,and I am truly grateful for the care he received,especially from the nursing staff.Throughout his stay ,the nurses were professional ,compassionate ,and consistently attentive to his needs.Thank you The DON and nursing Supervisor Jose .Their dedication and level of care made a very positive difference in his recovery.Thank you to entire nursing team for the excellent care and support",5,1/24/2026,,,gmb,https://maps.google.com/maps?cid=1603705479706553161
synergyhlthcr-nspire,NSPIRE Healthcare Kendall,9400 SW 137th Ave,Miami,FL,33186-1434,US,2014,,Yosvani Montelongo,"I want to Thank Nspire of Kendall for the outstanding care provided by their nursing staff .From day the team demonstrated professionalism,patience,and genuine compassion.The nurses are attentive,respectful and always willing to go the extra mole to ensure patients feel confortable and well care for.Their dedication truly makes a difference in the recovery process.I am very grateful for the excellent service and would highly recomended this center to anyone in need of quality rehabilitation care",5,1/24/2026,,,gmb,https://maps.google.com/maps?cid=1603705479706553161
synergyhlthcr-nspire,NSPIRE Healthcare Kendall,9400 SW 137th Ave,Miami,FL,33186-1434,US,2014,,Yadira Rivero,"I cannot say enough wonderful things about this rehab center. From the moment my aunt arrived,  she felt supported, respected, and genuinely cared for. The staff is incredibly professional, compassionate, and attentive—they truly go above and beyond to make sure every patient feels safe and encouraged throughout their recovery journey.",5,1/24/2026,,,gmb,https://maps.google.com/maps?cid=1603705479706553161
synergyhlthcr-nspire,NSPIRE Healthcare Kendall,9400 SW 137th Ave,Miami,FL,33186-1434,US,2014,,Cindy Lopez Fraga,"I have my father in this facility.Im recommended this center ,excellent nursing care and maintenance services.Thank you for nursing services,CNA,especially Yoanka and Yeili .",5,1/24/2026,,,gmb,https://maps.google.com/maps?cid=1603705479706553161
synergyhlthcr-nspire,NSPIRE Healthcare Kendall,9400 SW 137th Ave,Miami,FL,33186-1434,US,2014,,Estrella Crego,"I would like to express my sincere gratitude  to Nspire of kendall center,especially to the nursing staff,for their excellent and highly professional care.The nursing team consistently shows dedication,compassion and genuine concern for the patients well -being.Their attentiveness and professionalism make a meaningful difference and create a safe and supportive environment.Thank you for you outstanding service and for treating patients with such respect and humanity.I highly recommend this facility",5,1/24/2026,,,gmb,https://maps.google.com/maps?cid=1603705479706553161
synergyhlthcr-nspire,NSPIRE Healthcare Kendall,9400 SW 137th Ave,Miami,FL,33186-1434,US,2014,,JOSE ARMANDO GOMEZ MORALES,"(Translated by Google) My father is in this rehabilitation center, and I want to express my gratitude to the entire nursing department and all the other staff for their dedication and professionalism. I wholeheartedly recommend this place without a doubt. Thank you again.

(Original)
TENGO A MI PADRE EN ESTE REHABILITACIÓN CENTER Y QUIERO DAR LAS GRACIAS Y AGRADECIMIENTO A TODO EL DEPARTAMENTO DE ENFERMERÍA Y DEMAS TRABAJADORES POR TODA SU DEDICACIÓN Y PROFESIONALIDAD. RECOMIENDO TOTALMENTE ESTE LUGAR SIN DUDA ALGUNA.UNA VEZ MAS GRACIAS",5,1/24/2026,,,gmb,https://maps.google.com/maps?cid=1603705479706553161
synergyhlthcr-nspire,NSPIRE Healthcare Kendall,9400 SW 137th Ave,Miami,FL,33186-1434,US,2014,,Abdiela Sanz,"This place is terrible. The negligence is surreal. My aunt is here after a fall on Dec 27. Sadly, we can’t care for her at home since she’s not walking at all. My mom goes to visit everyday and today we find this on my aunt. Come to find they have never bathed her since she’s been at this place. She has sores on her body. Then we find a cup next to her bed growing mold. Clearly they aren’t even cleaning her room. This place is horrible.",1,1/24/2026,,,gmb,https://maps.google.com/maps?cid=1603705479706553161
synergyhlthcr-nspire,NSPIRE Healthcare Tamarac,5901 NW 79th Ave,Tamarac,FL,33321-4639,US,2012,,Chris Johnson,Great Therapy and Great People 👍🏽,5,1/24/2026,,,gmb,https://maps.google.com/maps?cid=15546200343318802219
synergyhlthcr-nspire,NSPIRE Healthcare Kendall,9400 SW 137th Ave,Miami,FL,33186-1434,US,2014,,Susana Fuentes,"(Translated by Google) Excellent nurses, assistants, and office staff. Thank you all for making my father's last days a happy journey to his eternal rest. Today, January 17, 2025

(Original)
Excelentes.enfermeros.asistentes .personal de officina.para todos ellos gracias.por hacer de los últimos días de mi padre un paseo feliz hacia su descanso eterno hoy 17 de enero 2025",5,1/17/2026,,,gmb,https://maps.google.com/maps?cid=1603705479706553161
synergyhlthcr-nspire,NSPIRE Healthcare Tamarac,5901 NW 79th Ave,Tamarac,FL,33321-4639,US,2012,,Nicole Leontsinis,"This review is written on behalf of my sister who was at Nspire Tamarac for 100 days recovering from shoulder replacement surgery on her right arm.  She is paralyzed on her left side so her recovery was unique. What follows are my sisters words.

I came here after shoulder replacement surgery. The therapy department is led by Julie who is compassionate and well versed in therapy strategies. Her coworkers are also knowledgeable and compassionate individuals who use a gentle approach to motivate their patients into doing the exercises to help them regain their independence. The therapists who worked directly with me and used this approach include Tahmina, Heidi, Sheila, Reji, Jerry, Rena, Vicky, Marecio. These kind souls will always have a special place in my heart.",5,1/16/2026,,,gmb,https://maps.google.com/maps?cid=15546200343318802219
synergyhlthcr-nspire,NSPIRE Healthcare Tamarac,5901 NW 79th Ave,Tamarac,FL,33321-4639,US,2012,,Jennifer Slattery,"My dad has been to Nsipre Tamarac a few times and I have to say this time has been the best. The place is cleaner, staff has been great and the PT and OT team has been AMAZING!!  Seeing my dad improve has been wonderful to see.

Julie the PT coordinator has great! She listened to us and is always checking in on my dads progress.  Raji is phenomenal,  even on days when my dad has low energy, he’s pushing him to go the extra mile.
Erna with OT has helped him a lot and is patient with him. Vicki is great too!",5,1/12/2026,,,gmb,https://maps.google.com/maps?cid=15546200343318802219
synergyhlthcr-nspire,NSPIRE Healthcare Tamarac,5901 NW 79th Ave,Tamarac,FL,33321-4639,US,2012,,Lynn in Flawrida,"Updated today 1-6-16 in fairness. Mother was discharged and the overall experience should be fairly reported in hindsight. Patient support is still the most critical. In that regard, the experience is a ""3"" because it really depends on the specific professionals working at the site. If you are currently caretaking for a loved one, you will absolutely understand this statement. The PT and one of the aides and one of the nurses we had the privilege of working with, were so great, it impacts the scale.  Next, after engaging with the ENTIRE case management team, I must share that when collaborating directly with them, they truly take care of business. It is because of those specific staff, including the friendly receptionists, that I am modifying my personal review from ""1"" to a ""3.""  Lastly, there is an overall shortage of ""good"" elder care and I pray that all caregivers in the struggle receive miracle relief at some point in this journey. Hang in there.  -End.  Today is October 14, 2025 and nothing from the bad reviews has changed. The PT work is apparently decent and the only professionals my parent has met. Your parents, if mentally cognizant, will tell you horror stories you won't believe until you see for yourself.  Any decent employee here needs to self report to the state.  Pulling parent out.  I shouldn't have waited this long (several weeks) to request a transfer.  I posted the date above so that I can update how long it takes to get the social worker appt to plan the transfer for my parent's well being.",3,1/6/2026,,,gmb,https://maps.google.com/maps?cid=15546200343318802219
synergyhlthcr-nspire,NSPIRE Healthcare Miami Lakes,5725 NW 186th St,Hialeah,FL,33015-6019,US,2011,,Gloria Perez,"(Translated by Google) Today I had a very bad experience. I've been visiting the place because my 89-year-old mother is there for rehabilitation after a left hip fracture, and the assistant who was on duty received my mother clean from the previous shift. She didn't go to my mother's room again. By one in the afternoon, my mother hadn't been bathed, she didn't have fresh water to drink, her linens weren't changed, and she had been urinating since very early in the morning.

(Original)
Hoy tuve una experiencia muy fea llevo visitando el lugar porque mi madre de 89 años está ahí por una rehabilitación por fractura de cadera izquierda y la asistente que le tocó recibió a mi madre limpia del otro turno ella no fue más al cuarto de mami,a la una de la tarde a mi madre no la habían bañado no tenía agua fresca del día para tomar y no le cambió y estaba orinada desde muy temprano",1,1/2/2026,,,gmb,https://maps.google.com/maps?cid=11088859613584633623
synergyhlthcr-nspire,NSPIRE Healthcare Lauderhill,2599 NW 55th Ave,Lauderhill,FL,33313-2443,US,2010,,Mary Jo Leary,"My brother is a resident in this Florida facility living with dementia. I live in San Francisco. Long distance anything can be problematic. Not so with the staff from Nspire-they are caring and reassuring. They are timely, professional and kind. The front office is good to work with and nursing staff goes beyond.
Shout out to Cassandre, Social Worker and to DeeDee the activities director—their concern for my brother is such a comfort.
They do care about their residents!
Happy New Year.",5,12/31/2025,,,gmb,https://maps.google.com/maps?cid=11701062337551936383
synergyhlthcr-nspire,NSPIRE Healthcare Kendall,9400 SW 137th Ave,Miami,FL,33186-1434,US,2014,,Nurys De Leon,"Excellent services care by nursing department,especially by DON and CNA, Maria Lorenzo is one of the cnas with a special care and patience for the patients I’m really grateful for her care of my dad.",5,12/31/2025,,,gmb,https://maps.google.com/maps?cid=1603705479706553161
synergyhlthcr-nspire,NSPIRE Healthcare Kendall,9400 SW 137th Ave,Miami,FL,33186-1434,US,2014,,Armando Sotolongo,Good nursing carr service and excellent professional staff,5,12/30/2025,,,gmb,https://maps.google.com/maps?cid=1603705479706553161
synergyhlthcr-nspire,NSPIRE Healthcare Kendall,9400 SW 137th Ave,Miami,FL,33186-1434,US,2014,,Angelica Sganga,Recomiendo NSPIRE Kendall Excelente nursing care and Staff very profesional,5,12/30/2025,,,gmb,https://maps.google.com/maps?cid=1603705479706553161
synergyhlthcr-nspire,NSPIRE Healthcare Kendall,9400 SW 137th Ave,Miami,FL,33186-1434,US,2014,,Zaida Silva,"(Translated by Google) Excellent nursing service, CNA, and the rest of the department. My sister is at the facility, and we are very happy with everyone. Thank you so much. Highly recommended.

(Original)
Excelente servicio de enfermeria,CNA y el resto de departmento.Tengo mi hermana en el facility y estamos felices con todos.Muchas gracias .Recomendado totalmente",5,12/30/2025,,,gmb,https://maps.google.com/maps?cid=1603705479706553161
synergyhlthcr-nspire,NSPIRE Healthcare Kendall,9400 SW 137th Ave,Miami,FL,33186-1434,US,2014,,Aleja Vazquez,"(Translated by Google) Excellent place, I highly recommend it 💯💯💯. The nursing service, CNA, PCT, in short, all the staff are very good and friendly.

(Original)
Excelente lugar lo recomiendo 💯💯💯  el servicio  de enfermería ,CNA ,PCT en fin todo el personal es muy bueno y amable",5,12/30/2025,,,gmb,https://maps.google.com/maps?cid=1603705479706553161
synergyhlthcr-nspire,NSPIRE Healthcare Kendall,9400 SW 137th Ave,Miami,FL,33186-1434,US,2014,,Eduardo Moises,"(Translated by Google) The service is good, the staff and nurses are very friendly, especially in Maria Lorenzo's cafeteria

(Original)
El servicio es bueno, el trato de los trabajadores y enfermeras son muy buenos , en especial en la cafetería de Maria Lorenzo",5,12/30/2025,,,gmb,https://maps.google.com/maps?cid=1603705479706553161
synergyhlthcr-nspire,NSPIRE Healthcare Kendall,9400 SW 137th Ave,Miami,FL,33186-1434,US,2014,,Lidia Marquez Perez,"(Translated by Google) I wanted to let you know about the excellent nursing service and care provided by the staff and professionals at this center. I highly recommend it to all families who need this service. Many blessings and thank you all. Feliberto Acosta's Family

(Original)
Quería dejarles saber ,el excelente servicio y cuidados de enfermería,por parte del colectivo de trabajo y profesionales de este centro.Recomiendo totalmente ,a todas las familias,que necesiten de este servicio.Muchas bendiciones y gracias a todos .Familia de Feliberto Acosta",5,12/30/2025,,,gmb,https://maps.google.com/maps?cid=1603705479706553161
synergyhlthcr-nspire,NSPIRE Healthcare Kendall,9400 SW 137th Ave,Miami,FL,33186-1434,US,2014,,olga caballero,Very appreciated with te care of everyone all nubes and stand realito recomend this facility amazign care,5,12/30/2025,,,gmb,https://maps.google.com/maps?cid=1603705479706553161
synergyhlthcr-nspire,NSPIRE Healthcare Kendall,9400 SW 137th Ave,Miami,FL,33186-1434,US,2014,,maria oare,"My mother Maria T Maite T  is currently receiving rehabilitation care at NSPIRE Healthcare Kendall. The staff have been kind and attentive, and they treat her with respect.

We appreciate the care and support she is receiving during her recovery.",5,12/22/2025,,,gmb,https://maps.google.com/maps?cid=1603705479706553161
synergyhlthcr-nspire,NSPIRE Healthcare Kendall,9400 SW 137th Ave,Miami,FL,33186-1434,US,2014,,Almetria Hanks,,1,12/21/2025,,,gmb,https://maps.google.com/maps?cid=1603705479706553161
synergyhlthcr-nspire,NSPIRE Healthcare Kendall,9400 SW 137th Ave,Miami,FL,33186-1434,US,2014,,Mr.George,Great place to have mom,5,12/21/2025,,,gmb,https://maps.google.com/maps?cid=1603705479706553161
synergyhlthcr-nspire,NSPIRE Healthcare Kendall,9400 SW 137th Ave,Miami,FL,33186-1434,US,2014,,Carlos Gomez,"Manager Amauri excellent, Maria Lorenzo from north food services ,she is great and help every body,lala is great too,Rachel another  excellent nurse,Erik help my mother with his knowledge and services ,great places for rehabilitation.",5,12/19/2025,,,gmb,https://maps.google.com/maps?cid=1603705479706553161
synergyhlthcr-nspire,NSPIRE Healthcare Miami Lakes,5725 NW 186th St,Hialeah,FL,33015-6019,US,2011,,Michelle Antropov,"Our Director of Nursing truly goes above and beyond every single day.
Antonio Padura, not only ensures excellent care but also takes time out of his busy schedule to personally interact with residents—even taking them outside for walks. His compassion, dedication, and hands-on approach make a real difference. It’s comforting to know residents are cared for by someone who genuinely cares.",5,12/17/2025,,,gmb,https://maps.google.com/maps?cid=11088859613584633623
synergyhlthcr-nspire,NSPIRE Healthcare Plantation,6931 W Sunrise Blvd,Plantation,FL,33313-4406,US,2013,,Sakeenia Brown,"I was at Inspire Healthcare for over a month on October 1st at first I didn't liked the place but once I got used to it I really liked it. The cook is amazing she came to my room a few times and asked me what I want to eat and she was very nice. All of the staff were nice and very respectful. Some of the nurses I had were nice and very helpful. Some of the nurse aid were nice and very helpful and a couple of them I had to report for not doing their job. I wouldn't mind coming back to Nspire Healthcare in the future. I would recommend someone to go there. I really thank and appreciate the staff especially Mr. Sheldon, the nurses, and the nurse aid for taking care of me and cared about my feelings. And thanks to the cook for remembering to make my tuna fish sandwiches for a late night snack lol.",5,12/17/2025,,,gmb,https://maps.google.com/maps?cid=532821204325464843
synergyhlthcr-nspire,NSPIRE Healthcare Kendall,9400 SW 137th Ave,Miami,FL,33186-1434,US,2014,,Bella Lol,"My uncle was here, the nursing care service was absolutely amazing! The director of nursing Amaury was amazing, extremely helpful with everything and always had a great attitude. I will recommend this place to all my family and friends. I am super pleased with the service my uncle received!",5,12/14/2025,,,gmb,https://maps.google.com/maps?cid=1603705479706553161
synergyhlthcr-nspire,NSPIRE Healthcare Tamarac,5901 NW 79th Ave,Tamarac,FL,33321-4639,US,2012,,George W.,Nurses don't care it takes them a half an hour to answer the call buttons thre are bugs crawling on the floor food is bad lf you care about your loved one don't bring them here.,1,12/14/2025,,,yelp-yelp,https://www.yelp.com/biz/nspire-healthcare-tamarac-tamarac?adjust_creative=P_TwBYTdY_PDw12TMXrf3w&hrid=Iv7SoAHYYBewXKmMpPjVog&utm_campaign=yelp_api_v3&utm_medium=api_v3_graphql&utm_source=P_TwBYTdY_PDw12TMXrf3w
synergyhlthcr-nspire,NSPIRE Healthcare Kendall,9400 SW 137th Ave,Miami,FL,33186-1434,US,2014,,Yolanda Calderin,"(Translated by Google) Excellent work by the nursing department. My family has been at this rehabilitation center for two years, and it has been a pleasure for our family.

(Original)
Excelente trabajo por parte del departamento de enfermería. TENGO mi familia haces dos anos en ese Rehabilitación center,y ha sido un placer para nuestra familia",5,12/12/2025,,,gmb,https://maps.google.com/maps?cid=1603705479706553161
synergyhlthcr-nspire,NSPIRE Healthcare Tamarac,5901 NW 79th Ave,Tamarac,FL,33321-4639,US,2012,,George MacGregor,Junia CNA is great.   She has a lot of compassion for her patients.  Sabrina really likes when she takes care of her.,5,12/11/2025,,,gmb,https://maps.google.com/maps?cid=15546200343318802219
synergyhlthcr-nspire,NSPIRE Healthcare Tamarac,5901 NW 79th Ave,Tamarac,FL,33321-4639,US,2012,,Debra Riles,The staff was very considerate and caring and the food was delicious,5,12/11/2025,,,gmb,https://maps.google.com/maps?cid=15546200343318802219
synergyhlthcr-nspire,NSPIRE Healthcare Tamarac,5901 NW 79th Ave,Tamarac,FL,33321-4639,US,2012,,Nancy Martin,"My husband receives excellent patient care at this facility. The case managers, the social worker, the administrative director Javier, Gigi, Joanne, Chris Nada. Shade Alberdite ,the nurses all the staff.have been excellent. Staff keeps
the facility spotless. The facility itself is older than some newer ones, however, we need to take into account the quality of care provided. I highly recommend this facility.",5,12/11/2025,,,gmb,https://maps.google.com/maps?cid=15546200343318802219
synergyhlthcr-nspire,NSPIRE Healthcare Kendall,9400 SW 137th Ave,Miami,FL,33186-1434,US,2014,,Manuel Lopez,"(Translated by Google) I am Manuel Lopez's son, and I highly recommend this place to your family. It's the best of the best; the treatment is exceptional and the service is excellent. Everyone in the rehabilitation area is very professional and kind.

(Original)
Soy el hijo de Manuel Lopez este lugar lo recomiendo completamente para sus familiares es Lo mejor de lo mejor, el trato es muy especial y  el servicio es excelente . La area de rehabilitacion todos son muy profecionales y muy amables.",5,12/9/2025,,,gmb,https://maps.google.com/maps?cid=1603705479706553161
synergyhlthcr-nspire,NSPIRE Healthcare Tamarac,5901 NW 79th Ave,Tamarac,FL,33321-4639,US,2012,,Gisele Fergile,,5,12/9/2025,,,gmb,https://maps.google.com/maps?cid=15546200343318802219
synergyhlthcr-nspire,NSPIRE Healthcare Tamarac,5901 NW 79th Ave,Tamarac,FL,33321-4639,US,2012,,Eddy R.,"The time that my brother spent in Nspire health was relaxing and safe, the facility stays clean  family and  friends comfortability   for elderly one of the favorite parts at the facility nurses are nice and helps out with daily routine",5,12/9/2025,,,yelp-yelp,https://www.yelp.com/biz/nspire-healthcare-tamarac-tamarac?adjust_creative=P_TwBYTdY_PDw12TMXrf3w&hrid=zfHcs_pMHxFQKKZCl2Bsjg&utm_campaign=yelp_api_v3&utm_medium=api_v3_graphql&utm_source=P_TwBYTdY_PDw12TMXrf3w
synergyhlthcr-nspire,NSPIRE Healthcare Tamarac,5901 NW 79th Ave,Tamarac,FL,33321-4639,US,2012,,Naomi Lafrance,"Nspire Tamarac has been an incredible experience from start to finish. The staff is welcoming, professional, and truly committed to helping every individual who walks through their doors. They create A supportive, uplifting environment that makes you feel seen, heard, and valued . Whether you’re visiting for services, support , or information, they treat you with respect and compassion. I’m grateful for the positive impact Nspire Tamarac has had on me, and would highly recommend them to anyone looking for care and dedicated support in the community",5,12/9/2025,,,gmb,https://maps.google.com/maps?cid=15546200343318802219
synergyhlthcr-nspire,NSPIRE Healthcare Kendall,9400 SW 137th Ave,Miami,FL,33186-1434,US,2014,,Dayanna Iglesias,"My experience at this rehab center couldn't have been better. The care and empathy shown exceeded my expectations. I don't usually write reviews of the places I visit, regardless of whether I have a good or bad experience, but in this case I felt compelled to do so because I feel indebted to all the staff at that place. From the person who assisted me upon arrival to the one who took care of my hygiene and meals, not to mention the medical staff who, with their professionalism and compassion, made me feel not only safe but also right at home. Thank you, NSPIRE Healthcare Kendall. God bless you all!",5,12/9/2025,,,gmb,https://maps.google.com/maps?cid=1603705479706553161
synergyhlthcr-nspire,NSPIRE Healthcare Kendall,9400 SW 137th Ave,Miami,FL,33186-1434,US,2014,,Yazira Molina,Good care by nurse and CNA.Rehabilitation center with best   and professional care,5,12/9/2025,,,gmb,https://maps.google.com/maps?cid=1603705479706553161
synergyhlthcr-nspire,NSPIRE Healthcare Tamarac,5901 NW 79th Ave,Tamarac,FL,33321-4639,US,2012,,Gilberte Caseneuve,,5,12/9/2025,,,gmb,https://maps.google.com/maps?cid=15546200343318802219
synergyhlthcr-nspire,NSPIRE Healthcare Kendall,9400 SW 137th Ave,Miami,FL,33186-1434,US,2014,,Lycia Silva,"(Translated by Google) I am a long-term care patient at this wonderful facility and I am truly grateful to be part of this family of professional people and for the excellent care provided by the entire staff. Thank you to the administration, nurses, and assistants.

(Original)
Soy paciente de long term care,de este gran facilito y verdaderamente me siento agradecida, por ser parte de esta familia ,de personas profesionales y excelente cuidado por parte de todo el Staff de centro.Gracias a la administración, enfermeros y asistentes",5,12/9/2025,,,gmb,https://maps.google.com/maps?cid=1603705479706553161
synergyhlthcr-nspire,NSPIRE Healthcare Kendall,9400 SW 137th Ave,Miami,FL,33186-1434,US,2014,,rose rejda,Best care 💓  Dr nurses all excellent 👌 👏,5,12/9/2025,,,gmb,https://maps.google.com/maps?cid=1603705479706553161
synergyhlthcr-nspire,NSPIRE Healthcare Kendall,9400 SW 137th Ave,Miami,FL,33186-1434,US,2014,,NILDA ECHEVARRIAS,"(Translated by Google) I am very happy and grateful to this facility. I am a patient here, and I feel very happy thanks to the excellent professionalism and team. Thank you all for your support: nurses, CNA staff, directors, and everyone else. I highly recommend it.

(Original)
Muy feliz y agradecida con este Facility.Soy paciente en este centro,en el cual me siento feliz,con todo el excelente profesionalismo y equipo de trabajo. Gracias a todos por su apoyo, enfermeros,CNA, directores y demas.Lo recomiendo sin duda alguna.",5,12/9/2025,,,gmb,https://maps.google.com/maps?cid=1603705479706553161
synergyhlthcr-nspire,NSPIRE Healthcare Kendall,9400 SW 137th Ave,Miami,FL,33186-1434,US,2014,,Adalberto Claro,"(Translated by Google) I am very grateful for all the services at this center, especially the therapy, nursing, and intermediate care assistant. I am also very grateful to the maintenance and cleaning staff. Finally, I highly recommend this place to everyone.

(Original)
Muy agradecido por todo el servicio de este Centro ,agradecido con la terapia,enfermwroa y asiatente de intermedia.Por parte del servicio de Mantenimiento y Limpieza ,muy agradecido a con Ellos tambien.Finalmente recomiendo este lugar a todos",5,12/9/2025,,,gmb,https://maps.google.com/maps?cid=1603705479706553161
synergyhlthcr-nspire,NSPIRE Healthcare Kendall,9400 SW 137th Ave,Miami,FL,33186-1434,US,2014,,Milaidi Rodriguez,"(Translated by Google) I highly recommend this place. The staff is professional and the other workers are very special. The therapy department is superb, and the care provided by CNA and nursing staff is 5 stars.

(Original)
Recomiendo este lugar ,el personal profesional y demás trabajadores muy especiales,el departamento de terapia ,súper excelente,el cuidado de CNA y enfermería,es 5 estrellas",5,12/9/2025,,,gmb,https://maps.google.com/maps?cid=1603705479706553161
synergyhlthcr-nspire,NSPIRE Healthcare Kendall,9400 SW 137th Ave,Miami,FL,33186-1434,US,2014,,LEONIDES TAMAY,"I am writing this feedback to express serious concerns regarding the conditions at NSPIRE of Kendall. This facility is extremely dirty, outdated, and poorly maintained. For years, the floors were covered with carpets saturated with patient urine, saliva, and other bodily fluids. Only recently were those carpets removed and replaced with flooring, which should have been done long ago. The beds are old and malfunction frequently. My aunt’s bed barely goes up, making it extremely difficult for the nursing assistants to care for her. It is evident that this puts physical strain on the staff, and I can only imagine the back pain they must endure due to faulty equipment. Additionally, when my aunt was receiving IV antibiotics, she was provided with a severely rusted IV pole base, which is both unsafe and unacceptable. The handrails throughout the facility are visibly filthy, covered in dirt and residue, and on some occasions even contained coffee cups left inside them. When I opened one of the bedside drawers, three cockroaches came out. During all the days my aunt has been at this facility, I have never witnessed any fumigation or pest control services. This facility is in dire need of extensive repairs, proper sanitation, and accountability. I have attempted to report these concerns to the administration on three separate occasions. Each time, the administrative office was closed—morning, afternoon, and evening—making it impossible to file a complaint or receive any response. The conditions at NSPIRE of Kendall are unacceptable for patients, families, and staff. This facility requires immediate attention, repairs, and leadership oversight to ensure a safe and dignified environment for everyone involved.",1,12/7/2025,,,gmb,https://maps.google.com/maps?cid=1603705479706553161
synergyhlthcr-nspire,NSPIRE Healthcare Kendall,9400 SW 137th Ave,Miami,FL,33186-1434,US,2014,,Mandy Alvarez,"My father was at NSPIRE about 3 weeks ago and I can not stress enough run down the facility is. When he was there they were placing new tile on the floor to give the place an aesthetic new look.  The rooms have holes in the wall, the paint is peeling of the wall, I saw mold in the bathroom, the beds were chipped and worn out. The mobile IV bag holder had rust on it. My dad had scratches all over his legs when I went to visit him one day as he sat stationary in front of the nurse's station. My father contracted an infection while he was there and developed bed sores as well.

The owners should knock down the building and in its place build a state of the art facility for the patients that they serve. The nurses were any better to my father.  I would see and hear them gossiping and talking about their weekends when you could clearly hear a patient calling out for help.  That happens multiple times while my sister and I visited my father. If I could give a negative start rating I would.",1,12/6/2025,,,gmb,https://maps.google.com/maps?cid=1603705479706553161
synergyhlthcr-nspire,NSPIRE Healthcare Miami Lakes,5725 NW 186th St,Hialeah,FL,33015-6019,US,2011,,Oralia Cruz,"Please do not take your loved ones to this facility. I would stay all day with my mother after hip surgery, was asked to leave at 8 pm everyday...3 times when I arrived in the morning my mom was in a wheelchair eyes closed and not even sitting correctly, I knew immediately that her blood pressure was very low....Asked for help to take her blood pressure they would take their time to help....if you call to ask for anything specially change her pamper they would take their sweet time and come in the room complaining....the TV did not work, rooms are dated, nurses have an attitude....they tried to move my mom from the bed to the wheelchair, I was told that she got hurt in the process, her right knee was so bad they had to call a special wound care to help my mom....another day in the morning I walked in the room and my mom had her breakfast next to the bed intact, making a gurgly sound. I asked the nurse to please call the dr. she needed an x ray....in the afternoon one of the nurses told me that it came back negative...the following day my mom was sent to the hospital, she had aspirated and had neumonia.....another day the night nurse called me late that my mom did not want to take her pills and was loud..  I went to NSPIRE my mom was by the nurses station alone confused wondering why she was there so late, she had dementia....I asked the nurse to give me the pills and my mom took them with no problem...after that. The nurse told me she called the ambulance to send my mom to Larkin....she said they will be here in 2 hours.  I said I will put her in bed myself .. she came in the room arguing with me telling me that she was the nurse working that night and that she said she was going and she was going...The ambulance came , mom was sleeping the EMTs asked me , why is she going at this time she is sleeping....nurse came in and said, because I said so.  ....By this point it was past 10 pm....arrived at Larkin hospital...the nurse asked me , why is she here she is sleeping....I said call the nurse that sent her here....he called and she did not even want to speak to him, she didn't...my mom was 93 years old at this time...this so called nurse and many more from there should not even work anywhere with patients because all they care about is the money not the patients well being. ...I have been there signed forms to receive my moms medical records and still have not, for two years now, her primary physician tried also, still nothing....I don't know who is writing these positive reviews because I was there and lived a nightmare for 2 months ...  DO NOT BRING YOUR LOVED ONES HERE !!!!
Do not ask me if I have brought any of this to administration because nothing will be done and when there is a complaint the same little message is sent .. .who writes nice reviews ? Your families and friends?",1,12/5/2025,,,gmb,https://maps.google.com/maps?cid=11088859613584633623
synergyhlthcr-nspire,NSPIRE Healthcare Kendall,9400 SW 137th Ave,Miami,FL,33186-1434,US,2014,,Rosa Pacheco,"(Translated by Google) I had an excellent experience with my family member at Nspire Kendall. The nursing team and staff were incredible. I highly recommend this place. Thank you all.

(Original)
He tenido excellent experiencing, con mi familiar en Nspire Kendall.Un equipment de enfermeria y trabajadores increibles,recomiendo el lugar ,sin duda alguna.Gracias a todos",5,11/30/2025,,,gmb,https://maps.google.com/maps?cid=1603705479706553161
synergyhlthcr-nspire,NSPIRE Healthcare Kendall,9400 SW 137th Ave,Miami,FL,33186-1434,US,2014,,Lori Bodfield-Torres,"DO NOT PUT ANYONE YOU LOVE HERE!! I read the reviews; figured it was Kendall should be ok right? WRONG!! Go in person before sending your loved one there. Very unprofessional staff. No one speaks English. My mother didn’t make it overnight her first 24 hours! Her oxygen was not on when transported from Homestead Hospital. Then I had to tell them to connect & turn it on. It was in her nose, but not on! Then I realized she still wasn’t looking good still. So I had to go to the station again because they never come when you call them with the button. Come to find out the oxygen tank was empty! So she was there from 2:30 until about 5 without oxygen. Dinner comes around 6:30 and it was a tuna sandwich., a carton of milk, a cranberry juice and a minestrone soup bowl. From that moment I knew I needed to get her out of there ASAP so I figured I would get her out first thing in the morning. Unfortunately my mom did not make it.
They sent me a text in Spanish that said my mom died at 5:14am! How is this place even open? This place is a disgrace!! I’m writing this to prevent this from happening to anyone else.",1,11/29/2025,,,gmb,https://maps.google.com/maps?cid=1603705479706553161
synergyhlthcr-nspire,NSPIRE Healthcare Kendall,9400 SW 137th Ave,Miami,FL,33186-1434,US,2014,,Fernando Cruz,"Im husband of Marlene quesada the staff give to My wife a excellent service i have no words to express how grateful im with nspire the nurses, cnas are really profesional and more important really kind. The service is 10 of a 10 recommended to your love ones.",5,11/28/2025,,,gmb,https://maps.google.com/maps?cid=1603705479706553161
synergyhlthcr-nspire,NSPIRE Healthcare Kendall,9400 SW 137th Ave,Miami,FL,33186-1434,US,2014,,Aleida o Hernandez,"(Translated by Google) I highly recommend this Nursing Rehabilitation Center. It was an incredible experience for my family member. The nursing staff, the CNA (Center for Neurological Assistance), and the rest of the team were all very kind and helpful. Thank you all.

(Original)
Totalmente recomiendo este Nursing rehabilitation Center,una experiencia increíble con mi familiar,muy buen trato ,por todo el servicio de Enfermería ,CNA y resto del colectivo de trabajadores.Gracias a todos",5,11/23/2025,,,gmb,https://maps.google.com/maps?cid=1603705479706553161
synergyhlthcr-nspire,NSPIRE Healthcare Kendall,9400 SW 137th Ave,Miami,FL,33186-1434,US,2014,,Meryen Concepcion,"Having had a family member here, I can speak to the quality care offered at this facility. The workers really care about the patients and making sure they are recovering well. I recommend!",5,11/23/2025,,,gmb,https://maps.google.com/maps?cid=1603705479706553161
synergyhlthcr-nspire,NSPIRE Healthcare Miami Lakes,5725 NW 186th St,Hialeah,FL,33015-6019,US,2011,,Evy Pierce,"Honestly, if I could give ZERO stars, I would! These recent reviews HAVE to be either paid or from family members or something bc there is just no way!
I was skeptical based on the negative reviews and tbh, many of them were spot on. If you love your loved one, please dont send them here. The place is absolutely depressing and not welcoming. Everything is outdated. The beds are old metal beds that give the feel like your loved one is in a jail. You have about a handful of people there that care about their job but it is very evident that they are understaffed. People would call for help and no one would come. There were a few times I had to help them myself. One man fell and those who saw were asked not to report it because the nurse wasnt planning to. You have to be there very often making sure they are feeding, changing, and bathing your loved one. The food literally looks and tastes like poop. The physical therapy team is great, and many times, they helped us more than the CNAs.

No one has their ID showing, only the good ones, so its clearly done on purpose. Ive seen them literally flip it back so you cant see their name. I remember witnessing a family member immediate take their loved one out and they kept asking for names.. not sure if they ever got them but the man was upset and took their family member with them. We've heard many more stories when we left of people not being cared for properly and falling multiple times. This place honestly needs to be shut down. We took our loved one out bc there was no purpose for her to be there. We have taken better care for her at home and now she is finally starting to calm down after about a month. Our poor loved one is traumatized after that.. not even joking. It breaks my heart. We should've taken her out before we officially admitted her.",1,11/21/2025,,,gmb,https://maps.google.com/maps?cid=11088859613584633623
synergyhlthcr-nspire,NSPIRE Healthcare Kendall,9400 SW 137th Ave,Miami,FL,33186-1434,US,2014,,KATILEIDYS VALDES CORRALES,"NSPIRE Kendall is a facility full of caring and attentive staff. From the administrators to the nurses, everyone really cares for the patients.",5,11/21/2025,,,gmb,https://maps.google.com/maps?cid=1603705479706553161
synergyhlthcr-nspire,NSPIRE Healthcare Miami Lakes,5725 NW 186th St,Hialeah,FL,33015-6019,US,2011,,Julie Lorenzo,"The family of Dora Lorenzo would like to express our deepest appreciation for the care she received at Inspīr Rehabilitation Center.

From the very beginning, Brian Cento and the business administration team guided us with patience and compassion, helping us navigate her admission during an incredibly difficult time. Their kindness made a painful process just a little easier to bear.

The nursing staff cared for our mother with extraordinary gentleness. Every day, they showed up with steady hands and warm hearts, making sure she was comfortable, safe, and treated with dignity. We are forever grateful for the way they looked after her.

We would especially like to thank Gerda, with whom Dora shared a very special bond. Gerda was loving, attentive, and truly cared for our mother as if she were her own. That kind of devotion is rare, and it meant the world to us. We thanked God daily that our mother was being cared for by someone like her.

We would also like to acknowledge Miss Dawson at the front desk. She is lovely, pleasant, and genuinely cares about the families walking through those doors. Her kindness was felt every time we arrived.

In one of the most challenging seasons of our lives, Inspīr Rehab provided comfort, humanity, and honest care. We are grateful beyond words.

With love,

The Lorenzo Family",5,11/16/2025,,,gmb,https://maps.google.com/maps?cid=11088859613584633623
synergyhlthcr-nspire,NSPIRE Healthcare Plantation,6931 W Sunrise Blvd,Plantation,FL,33313-4406,US,2013,,bobbie jo Horton,"I previously left a 5-star review because my family had an excellent experience when Greta was the Director of Nursing. She truly went above and beyond, and staff like Jean treated my grandmother with real dignity.

Unfortunately, after Greta left, our experiences changed dramatically. My grandmother would call me late at night saying she had been left sitting in her own feces, and when meals were delivered, no help was offered. It felt as though she was expected to eat while soiled, which was heartbreaking and unacceptable.

Although the physician was kind and accessible, I often felt he was working against a larger, dysfunctional administrative system. On two occasions, I personally felt that important clinical signs were either missed or not acted on, resulting in delayed transfers to the hospital. As a family member, it gave me the impression—my opinion—that the facility was more focused on maintaining their census than ensuring timely care.",1,11/15/2025,We really appreciate that you took the time to share details about your recent visit to our care center. We will be sharing your review with the care community.,3/4/2025,gmb,https://maps.google.com/maps?cid=532821204325464843
synergyhlthcr-nspire,NSPIRE Healthcare Kendall,9400 SW 137th Ave,Miami,FL,33186-1434,US,2014,,Jose Alvarez,Good nurse and staff highly recommend,5,11/14/2025,,,gmb,https://maps.google.com/maps?cid=1603705479706553161
synergyhlthcr-nspire,NSPIRE Healthcare Kendall,9400 SW 137th Ave,Miami,FL,33186-1434,US,2014,,Judith Marcela Garay Melgarejo,"The family member of Blanca Molina we  really appreciated the good healthcare and excellent service that nspire provide, specially nursing department.  I recommend this place is a second house for my mom❤️🏡",5,11/14/2025,,,gmb,https://maps.google.com/maps?cid=1603705479706553161
synergyhlthcr-nspire,NSPIRE Healthcare Kendall,9400 SW 137th Ave,Miami,FL,33186-1434,US,2014,,Mercedes Bland,,4,11/14/2025,,,gmb,https://maps.google.com/maps?cid=1603705479706553161
synergyhlthcr-nspire,NSPIRE Healthcare Kendall,9400 SW 137th Ave,Miami,FL,33186-1434,US,2014,,karel Diaz,NPIRE is a Very nice Skil nursing in my opinion. Staff very knowledgeable and competent. They are working hard in remodeling so aesthetically will look better in the next future . A lot of potential!!!,5,11/13/2025,,,gmb,https://maps.google.com/maps?cid=1603705479706553161
synergyhlthcr-nspire,NSPIRE Healthcare Miami Lakes,5725 NW 186th St,Hialeah,FL,33015-6019,US,2011,,Mirelys Chavez,"(Translated by Google) My father-in-law was there after leaving Mount Sinai for hip surgery. He recovered well, and my husband thought his rehabilitation in Miami Lakes would be the perfect place for his recovery. But that was the worst decision we ever made. Taking him to that place was a nightmare. The nurses were indifferent and showed no compassion for the patient. When you asked them why they hadn't moved him, they got annoyed. In the end, my father-in-law left with pneumonia because the room flooded, and they didn't care at all. Please, if you have a family member, don't take them there. The staff is inhumane, and the patients don't deserve to be treated that way. They are adult patients who deserve to be respected and cared for because they have health insurance. The end of this painful story is that, due to the staff's negligence, we lost my father-in-law to pneumonia. I would never recommend this place to any family member. It's the worst place you could take your loved one.

(Original)
Mi suegro estuvo allí después de salir del
Mount Sinai operado de la cadera quedo bien y mi esposo pensó que su rehabilitación  en Miami lakes seria el lie far perfecto para su recuperación pero eso fue la peor decisión que tomamos llevándolo a ese lugar las enfermeras indolentes  sin compasión al paciente luego le preguntas porque no lo han cambiado y se molestan en fin salió de allí  mi suegro con una neumonía porque la habitación se inundó en agua y eso a ellos nada les importo por favor si tienes  un familiar no lo lleves allí el personal es inhumano y los pacientes no merecen ser tratados de esa manera son pacientes adultos que merecen ser respetados y atendidos porque tienen un seguro médico , el final de esta historia tan dolorosa que debido a la despreocupación del personal perdimos a mi suegro con la neumonía , no recomendaría jamás a ningún familiar que tome esta mala desicion es el peor lugar que puedes llevar a tu familiar",1,11/11/2025,,,gmb,https://maps.google.com/maps?cid=11088859613584633623
synergyhlthcr-nspire,NSPIRE Healthcare Miami Lakes,5725 NW 186th St,Hialeah,FL,33015-6019,US,2011,,Eleises Cepero,,1,11/9/2025,,,gmb,https://maps.google.com/maps?cid=11088859613584633623
synergyhlthcr-nspire,NSPIRE Healthcare Kendall,9400 SW 137th Ave,Miami,FL,33186-1434,US,2014,,Marlene Gomez,"I don’t usually leave reviews, but I feel compelled to share my wonderful experience at NSPIRE Rehabilitation in Kendall. My grandmother received excellent care from the moment she walked in until she left.

The therapy is amazing. The treatments were effective, and the progress she made was noticeable.
The therapists are dedicated and professional. They genuinely care about their patients and take the time to explain every step of the process.
The entire staff was kind and attentive. Everyone, from the front desk to the clinical team, treated my grandmother with respect and warmth.
They continue to check in. Even after she left, they still call to see how she’s doing, which means a lot to our family.
It’s clear that they love what they do. Their passion for helping others shines through in their care.
Forever thankful

Marlene Gómez",5,11/9/2025,,,gmb,https://maps.google.com/maps?cid=1603705479706553161
synergyhlthcr-nspire,NSPIRE Healthcare Miami Lakes,5725 NW 186th St,Hialeah,FL,33015-6019,US,2011,,Alberto Garcia,,5,11/8/2025,,,gmb,https://maps.google.com/maps?cid=11088859613584633623
synergyhlthcr-nspire,NSPIRE Healthcare Kendall,9400 SW 137th Ave,Miami,FL,33186-1434,US,2014,,Lilliam Santos,"(Translated by Google) Thank you all very much

(Original)
Muchas gracias a todos",5,11/7/2025,,,gmb,https://maps.google.com/maps?cid=1603705479706553161
synergyhlthcr-nspire,NSPIRE Healthcare Kendall,9400 SW 137th Ave,Miami,FL,33186-1434,US,2014,,Inclusion Culture,"(Translated by Google) My family member received excellent care. The nurses and the entire team demonstrated great professionalism and compassion. Many blessings to all.

(Original)
El trato a mi familiar fue muy bueno. Los enfermeros y todo el equipo demostraron mucho profesionalismo y compasión. Muchas bendiciones a todos.",5,11/7/2025,,,gmb,https://maps.google.com/maps?cid=1603705479706553161
synergyhlthcr-nspire,NSPIRE Healthcare Kendall,9400 SW 137th Ave,Miami,FL,33186-1434,US,2014,,Melissa Morales,"(Translated by Google) Excellent service and very good attention from all the staff.

(Original)
Excelente servicio y muy buena atención de parte de todo el staff.",5,11/7/2025,,,gmb,https://maps.google.com/maps?cid=1603705479706553161
synergyhlthcr-nspire,NSPIRE Healthcare Kendall,9400 SW 137th Ave,Miami,FL,33186-1434,US,2014,,Clara Martinez,"The service here is excellent and the staff really cares for their patients. From the nursing to the administrative staff, everyone puts the best effort to providing quality care. I recommend!",5,11/7/2025,,,gmb,https://maps.google.com/maps?cid=1603705479706553161
synergyhlthcr-nspire,NSPIRE Healthcare Kendall,9400 SW 137th Ave,Miami,FL,33186-1434,US,2014,,Anolan Leston,"I can confirm the quality care patients receive here at NSPIRE. Amaury (DON) is very attentive and does a great job managing the facility. The nursing staff, CNAs, and receptionists are really helpful with all my needs. The PT and Maintenance department are also top notch. This is the one of the best rehabilitation centers, I highly recommend.",5,11/7/2025,,,gmb,https://maps.google.com/maps?cid=1603705479706553161
synergyhlthcr-nspire,NSPIRE Healthcare Kendall,9400 SW 137th Ave,Miami,FL,33186-1434,US,2014,,Ramon Astengo,"(Translated by Google) Excellent care for the elderly. The nursing staff are very professional.

(Original)
Muy buen cuidado hacia los envejecientes El personal enfermeria muy profesionales.",5,11/7/2025,,,gmb,https://maps.google.com/maps?cid=1603705479706553161
synergyhlthcr-nspire,NSPIRE Healthcare Kendall,9400 SW 137th Ave,Miami,FL,33186-1434,US,2014,,Felix,"My name is Felix noa I would like to sincerely congratulate Nspire of Kendall Rehabilitation Center for their exceptional care, professionalism, and humanity. From the cleaning staff to the CNAs, nurses, and therapists, everyone has demonstrated outstanding dedication and compassion. I am expressing this without any intent to seek privilege or recognition, despite my background as a Genetic Doctor — only with the honest intention of acknowledging the excellent service I received. I want to highlight Don Amaury Alonso and Supervisor Rafael Torrez for their leadership; the most exceptional CNA I have encountered, Ivis Delgado, for her humane and professional care; and other dedicated CNAs such as Denisse, Bernadette, Carmen, Yoanka, and Maria. I also want to thank the therapy team — especially Zulema, Grey, and Angela, who stands out as the best in PT. In terms of nursing care, my sincere appreciation goes to Rachel, Annalisa, and Yelenys, who provided outstanding service with kindness. Lastly, I would like to commend Gabriel, the social worker, whose professionalism and support made a meaningful difference during my stay. Thank you to everyone at Nspire of Kendall for upholding such high standards and treating each patient with dignity and respect.",5,11/7/2025,,,gmb,https://maps.google.com/maps?cid=1603705479706553161
synergyhlthcr-nspire,NSPIRE Healthcare Kendall,9400 SW 137th Ave,Miami,FL,33186-1434,US,2014,,Ana Bartlett,Great care and attention. The staff cares for the wellbeing of the patients. I appreciate everyone there and how they make the patient feel at home.,5,11/7/2025,,,gmb,https://maps.google.com/maps?cid=1603705479706553161
synergyhlthcr-nspire,NSPIRE Healthcare Kendall,9400 SW 137th Ave,Miami,FL,33186-1434,US,2014,,Daisy Corcho,"I am a patient here at Nspire Kendall and I can attest to the quality of care provided by the staff. The director, Amaury, the nurses, and the CNAs are very attentive. I am very happy with my care and I recommend this place!",5,11/7/2025,,,gmb,https://maps.google.com/maps?cid=1603705479706553161
synergyhlthcr-nspire,NSPIRE Healthcare Miami Lakes,5725 NW 186th St,Hialeah,FL,33015-6019,US,2011,,Daniela Morales,"The building is always very clean and well-maintained. The staff are friendly, caring, and professional, and the therapy services are truly exceptional. I’m very impressed with the quality of care provided here!",5,11/6/2025,,,gmb,https://maps.google.com/maps?cid=11088859613584633623
synergyhlthcr-nspire,NSPIRE Healthcare Lauderhill,2599 NW 55th Ave,Lauderhill,FL,33313-2443,US,2010,,kim Leger,,5,11/5/2025,,,gmb,https://maps.google.com/maps?cid=11701062337551936383
synergyhlthcr-nspire,NSPIRE Healthcare Plantation,6931 W Sunrise Blvd,Plantation,FL,33313-4406,US,2013,,kim Leger,,5,11/5/2025,,,gmb,https://maps.google.com/maps?cid=532821204325464843
synergyhlthcr-nspire,NSPIRE Healthcare Miami Lakes,5725 NW 186th St,Hialeah,FL,33015-6019,US,2011,,kim Leger,,5,11/5/2025,,,gmb,https://maps.google.com/maps?cid=11088859613584633623
synergyhlthcr-nspire,NSPIRE Healthcare Tamarac,5901 NW 79th Ave,Tamarac,FL,33321-4639,US,2012,,kim Leger,,5,11/5/2025,,,gmb,https://maps.google.com/maps?cid=15546200343318802219
synergyhlthcr-nspire,NSPIRE Healthcare Lauderhill,2599 NW 55th Ave,Lauderhill,FL,33313-2443,US,2010,,Steven Privett,The staff is great my mom is happy she’s been here for 3years,5,10/31/2025,,,gmb,https://maps.google.com/maps?cid=11701062337551936383
synergyhlthcr-nspire,Chipola Health and Rehabilitation Center,4294 3rd Ave,Marianna,FL,32446-2137,US,2016,,Joanne McLoughlin,"Very happy with this facility! The staff are dedicated, professional, and genuinely care about the well-being of their residents. It’s clear they take pride in creating a positive and supportive environment!",5,10/31/2025,,,gmb,https://maps.google.com/maps?cid=16367368198969937937
synergyhlthcr-nspire,Chipola Health and Rehabilitation Center,4294 3rd Ave,Marianna,FL,32446-2137,US,2016,,Geriann Milton,,5,10/29/2025,,,gmb,https://maps.google.com/maps?cid=16367368198969937937
synergyhlthcr-nspire,NSPIRE Healthcare Plantation,6931 W Sunrise Blvd,Plantation,FL,33313-4406,US,2013,,Michelle Caballero,"When I first walked into nspire Planation rehab facility, the receptionist Jasmine was incredibly welcoming. She greeted me with a warm smile and immediately made me feel at home. As a new employee, I appreciated how she took the time to guide me through everything and make sure I was comfortable. Her kindness, professionalism and fun personality truly set the tone for a positive first day. Jasmine is a wonderful first impression for the facility!",5,10/29/2025,,,gmb,https://maps.google.com/maps?cid=532821204325464843
synergyhlthcr-nspire,NSPIRE Healthcare Miami Lakes,5725 NW 186th St,Hialeah,FL,33015-6019,US,2011,,Michelle Caballero,,5,10/29/2025,,,gmb,https://maps.google.com/maps?cid=11088859613584633623
synergyhlthcr-nspire,NSPIRE Healthcare Kendall,9400 SW 137th Ave,Miami,FL,33186-1434,US,2014,,yaumara gonzalez,"Great service, amazing staff. Love this place!",5,10/29/2025,,,gmb,https://maps.google.com/maps?cid=1603705479706553161
synergyhlthcr-nspire,NSPIRE Healthcare Kendall,9400 SW 137th Ave,Miami,FL,33186-1434,US,2014,,Linnette Dube,,5,10/29/2025,,,gmb,https://maps.google.com/maps?cid=1603705479706553161
synergyhlthcr-nspire,NSPIRE Healthcare Tamarac,5901 NW 79th Ave,Tamarac,FL,33321-4639,US,2012,,irma luz velasco,"Thank you to all the Staff. They were really great wirh my husband, especially the Dialysis Team. Their lead Nurse was always very professional and takes care of his patients with lots of love. Also, Jullisa and Joann were always very helpful and willing to assist us. The ADON Veron took the prize with her attentiveness and customer service. Our only concern, is the food. They should have a different menu for diabetics. Besides that, their staff was great also. Thank you to everyone!! God bless.",5,10/29/2025,,,gmb,https://maps.google.com/maps?cid=15546200343318802219
synergyhlthcr-nspire,NSPIRE Healthcare Kendall,9400 SW 137th Ave,Miami,FL,33186-1434,US,2014,,Yali Salazar,"(Translated by Google) The staff at the facility are incredibly attentive and friendly. The wound nurse is very kind and caring.

(Original)
El personal en la facilidad es super atento y agradable. La enfermera de las heridas es bien buena y preocupada .",5,10/29/2025,,,gmb,https://maps.google.com/maps?cid=1603705479706553161
synergyhlthcr-nspire,NSPIRE Healthcare Kendall,9400 SW 137th Ave,Miami,FL,33186-1434,US,2014,,Danna Rodriguez,"More than just a rehabilitation center, Nspire of Kendall feels like a true family for our loved ones to receive care, comfort, and support. Under the new administration, the facility has truly evolved to the next level—not only through their incredible teamwork, but also through the beautiful remodeling that makes the place feel like a warm, welcoming home.

The quality of service is exceptional. I have to give special kudos to Benita, the Director of Activities—her dedication and passion for the residents are evident every single time you visit. She puts her heart into making sure patients enjoy every moment of their day.

The medical staff and case management team are compassionate, attentive, and deeply involved in their patients’ well-being. The admissions department is supportive and responsive, and the director deserves enormous credit for bringing all these amazing people together to make Nspire of Kendall the wonderful place it is today.

Truly a 5-star experience in every way!",5,10/29/2025,,,gmb,https://maps.google.com/maps?cid=1603705479706553161
synergyhlthcr-nspire,NSPIRE Healthcare Plantation,6931 W Sunrise Blvd,Plantation,FL,33313-4406,US,2013,,JADE HILL,"FIRST OFF I WANT TO START BY THANKING THE GOOD LORD ABOVE I WAS VERY NERVOUS COMING INTO THIS REHAB WHEN FIRST COMING IN FROM A TERRIBLE REHAB OF KINDRED IN HOLLYWOOD MY ANXIETY LEVELS WERE TERRIBLE I BEGAN TO CRY AND I HAD TO WONDERFUL NURSES THERE THAT REASSURED ME THAT I WOULD BE OK NURSE MERILYN, AND NURSE BERNADINE, THEY MADE ME FEEL LIKE FAMILY AND THAT MADE ME FEEL REALLY GOOD. IF YOU HAVE A FAMILY MEMBER AND YOU'RE NOT SURE WHERE TO TAKE THEM NSPIRE HEALTHCARE OF PLANTATION IS THE PLACE TO TAKE THEM PHENOMENAL NURSES PHENOMENAL PCA'S CARING DIRECTORS AND SOCIAL WORKERS I MEAN A REAL FAMILY ORIENTED ESTABLISHMENT AND THE FOOD WAS EXCELLENT MAN YOU WILL REALLY FEEL LIKE HOME I JUST WANT TO TAKE THIS TIME AND MENTION THE NAMES OF MY NURSES AND CNAS AND DIRECTORS EVEN ENVIRONMENTAL SERVICE HEADS AND STAFF AND MAINTENANCE HEAD. HERE WE GO. THANK YOU TO THE WONDERFUL STAFF THANK YOU FROM THE BOTTOM OF MY HEART FOR MAKING MY STAY BEAUTIFUL. THANK YOU DIRECTOR MR. SAM TATE SOCIAL WORKERS MICHELLE, SHELDON, I FORGET THE OTHER LADY NAME I'M SO SORRY BUT I REPRESENT HER BY MY PUERTO RICAN MOMMY SHE KNOWS WHOM SHE IS PT/OT HEAD MARSHA AND THE STAFF OF PT/OT ASHLEY, RAFAEL, PATRICK, NATALIE ENVIRONMENTAL HEAD SHERNETT, MAINTENANCE HEAD, ADRIAN, ALL MY NURSES MRS. MERILYN, BERNADINE, PAULINE,THOMPSON, SHENETTE,CELIA,ROSE,MYRTHO,NERDEGE,TAMARA,JAZMINE, MARIE, AND OLGA MY CNAS, MRS. DOREEN THANK YOU YOU ALREADY KNOW, MRS. CHARLENE, ANGIE, ADRIANNA,ELIKA, TRICIA, NEHEMIE, KAYLA, AND CARINE, MARIELLE, GUERLE,KITCHEN STAFF MRS. ANNETTE HEAD, ALONG WITH THE STAFF MRS. DENISE. MR.EMILE AND ACTIVITIES ASSISTANT MRS. MARIE. THANK YOU ALL FOR EVERYTHING YOU DID FOR ME AND MAKING ME FEEL LIKE FAMILY. TO ALL THE KING AND QUEENS THANK YOU FOR THE PHENOMENAL JOB PLEASE DON'T EVER CHANGE AGAIN THANK YOU TO YOU ALL AND GOD BLESS YOU ALL💯💯💜💗💜💪🏾💪🏾",5,10/29/2025,,,gmb,https://maps.google.com/maps?cid=532821204325464843
synergyhlthcr-nspire,NSPIRE Healthcare Plantation,6931 W Sunrise Blvd,Plantation,FL,33313-4406,US,2013,,Mark D.,First off I would like to say this place is very unprofessional and needs to be shutdown they do nothing for your love ones just feed them and charge dapper and sheets nothing else it's post be rehabilitation for your love ones nothing but some money hungry Jamaica  especially that one Sheldon  very unprofessional I witnessed with my own eyes when someone like the bigger bosses or higher up is around you want to see everyone running around like they working and it should be like that but is I hope help someone!,1,10/28/2025,,,yelp-yelp,https://www.yelp.com/biz/nspire-healthcare-plantation-plantation?adjust_creative=P_TwBYTdY_PDw12TMXrf3w&hrid=3SxEraj4KPOh8sn0kY8I8A&utm_campaign=yelp_api_v3&utm_medium=api_v3_graphql&utm_source=P_TwBYTdY_PDw12TMXrf3w
synergyhlthcr-nspire,NSPIRE Healthcare Kendall,9400 SW 137th Ave,Miami,FL,33186-1434,US,2014,,Luis Vidal,,5,10/27/2025,,,gmb,https://maps.google.com/maps?cid=1603705479706553161
synergyhlthcr-nspire,Chipola Health and Rehabilitation Center,4294 3rd Ave,Marianna,FL,32446-2137,US,2016,,Scotty Monk,Great place,5,10/27/2025,,,gmb,https://maps.google.com/maps?cid=16367368198969937937
synergyhlthcr-nspire,Chipola Health and Rehabilitation Center,4294 3rd Ave,Marianna,FL,32446-2137,US,2016,,Dexter Barber,"Chipola Health and Rehab is a small sixty bed skilled nursing facility that offers excellent nursing care and outstanding therapy services. Staff offer friendly, compassionate care. Administration team makes it easy to navigate all the steps for a successful rehab stay. Five star service!",5,10/27/2025,,,gmb,https://maps.google.com/maps?cid=16367368198969937937
synergyhlthcr-nspire,Chipola Health and Rehabilitation Center,4294 3rd Ave,Marianna,FL,32446-2137,US,2016,,Regan Harris,,5,10/27/2025,,,gmb,https://maps.google.com/maps?cid=16367368198969937937
synergyhlthcr-nspire,Chipola Health and Rehabilitation Center,4294 3rd Ave,Marianna,FL,32446-2137,US,2016,,GerriLynn Hussey,"Clean facility, caring staff, and excellent patient care!",5,10/27/2025,,,gmb,https://maps.google.com/maps?cid=16367368198969937937
synergyhlthcr-nspire,NSPIRE Healthcare Tamarac,5901 NW 79th Ave,Tamarac,FL,33321-4639,US,2012,,Jhoan Ramirez`,"This place is absolutely the worst facility you could ever place your loved ones in. My father underwent triple bypass surgery, and on his very first night there, he was completely neglected. He urinated on himself, and while they did clean him up, they left him sitting there soaked and shivering at 4 a.m. with the air conditioning blasting at 65 degrees. My father called me in tears, begging me to get him out of there, saying he felt like they were going to kill him.

The following day, they failed to administer his prescribed insulin correctly, and his blood sugar skyrocketed into the 500s. This level of neglect is unacceptable and dangerous. Please, do not send your loved ones to this place. They will suffer. Avoid this facility at all costs.  Too bad google doesn’t have a 0 stars to choose because that is exactly what it deserves……",1,10/26/2025,,,gmb,https://maps.google.com/maps?cid=15546200343318802219
synergyhlthcr-nspire,NSPIRE Healthcare Kendall,9400 SW 137th Ave,Miami,FL,33186-1434,US,2014,,Dalila Landestoy,"My mom has been living at NSPIRE for some time now, and although no place is perfect and resources or staffing can sometimes be limited, I truly want to emphasize what stands out the most to me, the kindness and dedication of the people who work here. From the nurses and caregivers to the cleaning staff, handyman, transportation team, office staff, and secretaries, everyone I’ve met has shown compassion, patience, and genuine care. The Nurse Director deserves special recognition for being results-driven, attentive, and incredibly understanding. He always addresses questions or concerns right away and makes sure residents and families feel supported and heard. Through some very difficult times on our lives I’ve met many people with truly big hearts here, and I’m deeply grateful for their help, kindness, and dedication. Thank you all for what you do every day. ❤️",5,10/26/2025,,,gmb,https://maps.google.com/maps?cid=1603705479706553161
synergyhlthcr-nspire,NSPIRE Healthcare Miami Lakes,5725 NW 186th St,Hialeah,FL,33015-6019,US,2011,,Nick Antrovpov,I am very grateful for the care the staff give to the residents. Everyone is very kind and professional. The place is always clean and peaceful. My family and I are very happy with the attention. I recommend this rehabilitation center with all my heart.,5,10/24/2025,,,gmb,https://maps.google.com/maps?cid=11088859613584633623
synergyhlthcr-nspire,NSPIRE Healthcare Lauderhill,2599 NW 55th Ave,Lauderhill,FL,33313-2443,US,2010,,Nardia Cecilia,"The staff at Nspire rehabilitation is very professional, kind and dedicated to the residents at the facility. The  makes the residents a part of one big family.
Including the Administrator, social worker, activity management team.
I couldn't have chosen a better place for my mom ❤️",5,10/24/2025,,,gmb,https://maps.google.com/maps?cid=11701062337551936383
synergyhlthcr-nspire,NSPIRE Healthcare Kendall,9400 SW 137th Ave,Miami,FL,33186-1434,US,2014,,Irene Orbea,"I would like to thank the nursing staff, the assistants and the therapy staff for the care and love the have shown to me. There are too many to mention and I don't want to miss anybody. They all deserve 5 🌟. The facility itself (the second floor specifically) needs a face lift. The rugs are badly stained, the room I stayed needs a paint job, the furniture looks extremely old and beat up. If you look past the appearance and look at how the staff treats you, is a great place to be. My sincere thanks to all the caring and loving staff.",3,10/23/2025,,,gmb,https://maps.google.com/maps?cid=1603705479706553161
synergyhlthcr-nspire,NSPIRE Healthcare Tamarac,5901 NW 79th Ave,Tamarac,FL,33321-4639,US,2012,,Adonis games Ad,"I highly recommend this facility to anyone looking for a place that will communicate, and be attentive to your loved one. My grandfather was a patient at this facility and when I tell you the staff was phenomenal. My families experience with this facility has been exceptional from the start and continued all the way until my grandpa transitioned.",5,10/23/2025,,,gmb,https://maps.google.com/maps?cid=15546200343318802219
synergyhlthcr-nspire,NSPIRE Healthcare Kendall,9400 SW 137th Ave,Miami,FL,33186-1434,US,2014,,Dennis Rodriguez,"I am a patient of Nspire Kendall in the assisted living facility. I have been here since 2023 and have enjoyed it so much. I am grateful to call this place my home. Everyone here is amazing from the CNA's to the nurses. Administrative team is always ready to help with my any needs. There is so many fun and entertaining things to do while living here, daily activities and shows. And special events monthly. Super happy I chose this place to be my home!",5,10/22/2025,,,gmb,https://maps.google.com/maps?cid=1603705479706553161
synergyhlthcr-nspire,NSPIRE Healthcare Kendall,9400 SW 137th Ave,Miami,FL,33186-1434,US,2014,,Carmen M Díaz,"My sister was rehab patient here and I was very pleased with the care and attention of everybody, I felt the homey environment and warmth of this collective of caring individuals… I was a lil shock by some state of physical appearance but also could see the much work they are putting under new management… is sad to see reviews by persons that probably did not even go visit before bringing their loved ones.  It happened to me , I came to see it before my sisters surgery.  The admission dept was very transparent and informative. I will recommend this rehab. The location is superb and easy access to parking and outside areas to walk and visit l. Wish this place all the blessings and thankful for how good they took care of my sister.",5,10/22/2025,,,gmb,https://maps.google.com/maps?cid=1603705479706553161
synergyhlthcr-nspire,NSPIRE Healthcare Kendall,9400 SW 137th Ave,Miami,FL,33186-1434,US,2014,,silvio prado,"My name is Silvio Prado, and as a patient at Nspire of Kendall, I’m very happy with the care I’ve received. The nurses, especially Anna Lisa and Rachel, are incredibly professional, efficient, and kind. There is a strong sense of humanity here that makes the place feel like family. Nurse Yelenys, who takes care of wound care, is also very attentive and gentle. The CNAs, Carmen and Ivis, treat me with great respect and warmth, always making sure I’m comfortable. I also want to thank the Director of Nursing, Amauri, for leading such a dedicated and compassionate team. I truly feel safe, well cared for, and at home at Nspire of Kendall.",5,10/22/2025,,,gmb,https://maps.google.com/maps?cid=1603705479706553161
synergyhlthcr-nspire,NSPIRE Healthcare Kendall,9400 SW 137th Ave,Miami,FL,33186-1434,US,2014,,maggie abreu,"I had to give a star so I can write a review. I work in healthcare  and the place should fail all inspection. The beds are outdated and have no safety rails. Tha place smells like mildew the air conditioning unit looks dirty. They have a rug in the hallway that is older than the 80s. if the patient is a risk of fall, they will place them in a wheelchair by the nurses station overnight. Wow  I really have no words do not recommend",1,10/21/2025,,,gmb,https://maps.google.com/maps?cid=1603705479706553161
synergyhlthcr-nspire,NSPIRE Healthcare Kendall,9400 SW 137th Ave,Miami,FL,33186-1434,US,2014,,Cecilia,"My name is Cecilia Parra, my husband currently resides in the facility for Rehab. The nursing staff has been exceptional, they have provided excellent service especially the DON Amaury, he has been very compassionate and has attended to our every need. The staff has been truly dedicated to his wellbeing. I highly recommend this facility.",5,10/21/2025,,,gmb,https://maps.google.com/maps?cid=1603705479706553161
synergyhlthcr-nspire,NSPIRE Healthcare Kendall,9400 SW 137th Ave,Miami,FL,33186-1434,US,2014,,Peter Patao,"My name is Peter Patao, my sister currently resides in this facily for long term care. The staff are compassionate, attentive, and truly dedicated to the residents wellbeing. The nursing staff is outstanding, they are always there and very knowledgable. Highly recommend for anyone seeking quality skilled nursing care.",5,10/21/2025,,,gmb,https://maps.google.com/maps?cid=1603705479706553161
synergyhlthcr-nspire,NSPIRE Healthcare Kendall,9400 SW 137th Ave,Miami,FL,33186-1434,US,2014,,SAHYEY TAMAYO,"My father was recently at Inspire Healthcare of Kendall for rehabilitation, and I can honestly say this was the best experience we’ve ever had in a rehab facility — and I’ve been in this country for over 50 years. From the moment he was admitted until he was discharged two weeks later, the entire team showed outstanding professionalism and compassion. I want to give special thanks to the Director of Nursing (D.O.N.), the nursing staff, and all the nurse assistants — they were absolutely amazing. Everyone worked together as an excellent team to help my father recover. The nurses were well-trained, efficient, and attentive, always making sure his medications were given on time and his needs were met. The doctors visited regularly, monitored his progress, and adjusted medications whenever necessary. I have nothing but positive things to say about the nursing department. They treated my father with respect, kindness, and true care. Inspire of Kendall is by far the best rehabilitation center I’ve ever seen, and I highly recommend it to any family looking for quality care for their loved ones",5,10/20/2025,We're so glad to hear that our team made a positive impact on your experience. Our people are the heart of our mission. We'll be sure to share your appreciation with the team. Thank you for recognizing their dedication and care!,10/21/2025,gmb,https://maps.google.com/maps?cid=1603705479706553161
synergyhlthcr-nspire,NSPIRE Healthcare Kendall,9400 SW 137th Ave,Miami,FL,33186-1434,US,2014,,Hetelvina artola,"My husband, Olion Arteola, has been at NSPIRE Kendall since September 4th, and we couldn't be more grateful for the exceptional care he's received. The nursing department has been outstanding, providing attentive and professional service every step of the way. One thing that stands out is how consistently his medications have been administered on time, which has given us peace of mind. Additionally, the CNA assigned to him has been incredibly caring and efficient, always ensuring his comfort and needs are met. Overall, the level of care at NSPIRE Kendall has been exemplary, and we truly appreciate the dedication and hard work of the entire team.""",5,10/20/2025,"We deeply appreciate your continued trust in NSPIRE Healthcare. Building lasting relationships rooted in respect, communication, and exceptional care is what we strive for every day. Thank you for allowing us to be part of your family’s journey—we remain committed to excellence at every step.",10/21/2025,gmb,https://maps.google.com/maps?cid=1603705479706553161
synergyhlthcr-nspire,NSPIRE Healthcare Miami Lakes,5725 NW 186th St,Hialeah,FL,33015-6019,US,2011,,Clara Capote,"Our experience with Nspire Healthcare Miami Lakes was a complete success. Our father was a patient there for almost two months. We can certainly say that while he was there his care was optimal. From the kitchen staff to the nurses and therapist were all very helpful and friendly. Their knowledge of my conditions was always good. The cleanliness in the facility was also excellent.

Aside from the health staff directly. I would like to also make special reference to the Admission Director Ovadis Cainzo Gordillo. The director went above and beyond for my father. He explained in detail what my dads care would be like. He walked us thru every step before things took place. He made sure we were informed ahead of time so we would be prepared for the steps to follow. All in all his work ethic was superb and his oversight needs to know that he is a wonderful asset to your center and would love for him to be acknowledged as a wonderful person, a great humanitarian that truly cares for patients. 10/10 5-stars and all the best reviews can go to him directly.",5,10/19/2025,"We’re delighted to hear that our team made a meaningful difference in your experience. At NSPIRE Healthcare, our people are the heart of everything we do. We’ll proudly share your appreciation with them—thank you for recognizing their dedication and compassion!",10/21/2025,gmb,https://maps.google.com/maps?cid=11088859613584633623
synergyhlthcr-nspire,Chipola Health and Rehabilitation Center,4294 3rd Ave,Marianna,FL,32446-2137,US,2016,,Anna Cates,,5,10/17/2025,Many thanks for your 5-star review!!,10/21/2025,gmb,https://maps.google.com/maps?cid=16367368198969937937
synergyhlthcr-nspire,Chipola Health and Rehabilitation Center,4294 3rd Ave,Marianna,FL,32446-2137,US,2016,,FL Dawg 71,,5,10/17/2025,Many thanks for your 5-star review!!,10/21/2025,gmb,https://maps.google.com/maps?cid=16367368198969937937
synergyhlthcr-nspire,NSPIRE Healthcare Tamarac,5901 NW 79th Ave,Tamarac,FL,33321-4639,US,2012,,Nellie Bullard,"I have been at NSire for 3 weeks
Would like to thank The PT worker, Sheila, and the social Worker.
Sheila did a very good job. Ibringing me back to my feet within three weeks now walking with a cane. The social worker has also been very attentive and able to help me with my needs.
Please tell Sheila thank you for me. She is the number one worker in PT.",3,10/16/2025,Thank you for your review and we will pass along the accolades to Sheila!  ,10/21/2025,gmb,https://maps.google.com/maps?cid=15546200343318802219
synergyhlthcr-nspire,NSPIRE Healthcare Tamarac,5901 NW 79th Ave,Tamarac,FL,33321-4639,US,2012,,Lynn Travert,"Today is October 14, 2025 and nothing from the bad reviews has changed. The PT work is apparently decent and the only professionals my parent has met. Your parents, if mentally cognizant, will tell you horror stories you won't believe until you see for yourself.  Any decent employee here needs to self report to the state.  Pulling parent out.  I shouldn't have waited this long (several weeks) to request a transfer.  I posted the date above so that I can update how long it takes to get the social worker appt to plan the transfer for my parent's well being.",1,10/14/2025,,,gmb,https://maps.google.com/maps?cid=15546200343318802219
synergyhlthcr-nspire,NSPIRE Healthcare Kendall,9400 SW 137th Ave,Miami,FL,33186-1434,US,2014,,Guillermo Alvarez,"My mom was admitted to this hospital because at the time I was operated for my lumbar back. She was taken to Jackson south at emergency.  At 152 st. When she was good to be sent home they couldn't release her because of my operation . So her social worker gave me three locations to choose. I chose Nspire because I wanted some place close . To my surprise 😮 it was a bad choice I went to visit her on a Sunday afternoon.she was staying on the second floor. As I was walking to her room I smelled a odor of urine very repugnant, like the staff didn't do anything to correct the problem. I also noticed that the floor was dirty .The staff said that they were working to replace the carpet with tile.  Also I saw my mom looking very sad 😔.  So I decided  to have her release to me . Also one more thing icalled this morning about 4 times and did not get a response . I find it very disturbing that the employees. Do.not take care of these things . I would  not recommend this hospital to your love ones",1,10/14/2025,,,gmb,https://maps.google.com/maps?cid=1603705479706553161
synergyhlthcr-nspire,NSPIRE Healthcare Kendall,9400 SW 137th Ave,Miami,FL,33186-1434,US,2014,,Salty B.,"Deep Concerns About Leadership and Care at Inspire Kendall 

I have serious concerns about the quality of care and oversight at Inspire Kendall -- especially regarding Physical and Occupational Therapy services. My family member is currently receiving inadequate therapy and inconsistent support, which has caused me great distress. In an inpatient setting, where patients depend on staff for daily progress and recovery, this level of neglect is unacceptable.

What's even more troubling is that the Director of Physical Therapy disappears after 11:45 AM -- completely missing in action for the rest of the day. How can proper supervision exist when leadership isn't present? To make matters worse, her live-in boyfriend (or husband) also works at the facility, yet he's rarely seen performing his duties, despite reportedly being given extra assignments. This pattern raises serious questions about nepotism, accountability, and patient care standards.

I am especially concerned for the residents who cannot speak for themselves -- those who depend entirely on staff advocacy for their health, dignity, and recovery. Every patient deserves consistent, compassionate, and professional attention, not to be left behind due to internal favoritism or poor management.

Inspire Kendall has the potential to be an excellent facility, but that requires leadership that leads, staff that shows up, and a culture that puts patients first. I sincerely hope management steps up, investigates these issues, and restores the integrity and trust that every family expects when placing a loved one in your care.",1,10/8/2025,,,yelp-yelp,https://www.yelp.com/biz/nspire-healthcare-kendall-miami?adjust_creative=P_TwBYTdY_PDw12TMXrf3w&hrid=UWRGuVRK3usydBdcZS2STA&utm_campaign=yelp_api_v3&utm_medium=api_v3_graphql&utm_source=P_TwBYTdY_PDw12TMXrf3w
synergyhlthcr-nspire,NSPIRE Healthcare Kendall,9400 SW 137th Ave,Miami,FL,33186-1434,US,2014,,Ellen F.,Everything needs to be changed and updated.  I would not recommend this place.  I lost weight when I was there.  Food is disgusting,1,10/2/2025,,,yelp-yelp,https://www.yelp.com/biz/nspire-healthcare-kendall-miami?adjust_creative=P_TwBYTdY_PDw12TMXrf3w&hrid=mWapNHzZcVoSVhUOBgzs0Q&utm_campaign=yelp_api_v3&utm_medium=api_v3_graphql&utm_source=P_TwBYTdY_PDw12TMXrf3w
synergyhlthcr-nspire,NSPIRE Healthcare Tamarac,5901 NW 79th Ave,Tamarac,FL,33321-4639,US,2012,,JandK L.,"I visit on average 3xs a week and I have been doing this for well over 2 years.My loved one is a permanent resident and is well taken care of in my absence. I appreciate walking in at several different times throughout the week and finding my loved one clean,content and safe!  I would recommend this nursing facility based on mine and my loved one's experiences with the nurses, the aides (notably Adeline), the social service department, the business office (Joanne) , Jill (nurse practitioner), Jackie( front desk) and many others.",5,9/25/2025,,,yelp-yelp,https://www.yelp.com/biz/nspire-healthcare-tamarac-tamarac?adjust_creative=P_TwBYTdY_PDw12TMXrf3w&hrid=PgGrHNoe7a4ViOfXczoX4A&utm_campaign=yelp_api_v3&utm_medium=api_v3_graphql&utm_source=P_TwBYTdY_PDw12TMXrf3w
synergyhlthcr-nspire,NSPIRE Healthcare Tamarac,5901 NW 79th Ave,Tamarac,FL,33321-4639,US,2012,,La La,Disgusting place of  service Jackie the front desk receptionist hung up on my face when I called about a particular patient told me she had no information kept putting me on hold. Very unprofessional extremely rude. I do not recommend this place to nobody if you have any family members at this location please go check on your family because I’m sure that Miss Jackie is probably doing something to them. She needs to be fired immediately,1,9/23/2025,,,gmb,https://maps.google.com/maps?cid=15546200343318802219
synergyhlthcr-nspire,NSPIRE Healthcare Kendall,9400 SW 137th Ave,Miami,FL,33186-1434,US,2014,,Ailsa cabrera,"(Translated by Google) This place is a place where human warmth, cleanliness and attention are very good. I just recommended Manuel Janes. I hope he feels grateful and satisfied with my decision. Thank you and many blessings.

(Original)
Este lugar , es un lugar donde el calor humano , la limpieza y la atención es muy buena , yo acabo de recomendar a Manuel Janes , espero que él se sienta agradecido y satisfecho con mi desicion, gracias y muchas bendiciones",5,9/16/2025,,,gmb,https://maps.google.com/maps?cid=1603705479706553161
synergyhlthcr-nspire,NSPIRE Healthcare Lauderhill,2599 NW 55th Ave,Lauderhill,FL,33313-2443,US,2010,,Margaret E.,Feeling the love!   The positive energy from the moment you walk in till you leave is amazing.  You experience the care and empathy each and every staff members generates.  My brother is in good hands and that peace of mind is everything.  The building is feeling the years but the staff is truly terrific.,5,9/16/2025,,,yelp-yelp,https://www.yelp.com/biz/nspire-healthcare-lauderhill-lauderhill?adjust_creative=P_TwBYTdY_PDw12TMXrf3w&hrid=STcCoBwhSn-nl2eTk44uJw&utm_campaign=yelp_api_v3&utm_medium=api_v3_graphql&utm_source=P_TwBYTdY_PDw12TMXrf3w
synergyhlthcr-nspire,NSPIRE Healthcare Lauderhill,2599 NW 55th Ave,Lauderhill,FL,33313-2443,US,2010,,Margaret/Steve Eklund,"Feeling the Love,  So grateful for the love and care our brother is getting.  From the moment we walked in till we left you can feel the compassion and care these residents receive. Highly recommend - genuine people - Genuine care. Thank you",5,9/15/2025,,,gmb,https://maps.google.com/maps?cid=11701062337551936383
synergyhlthcr-nspire,NSPIRE Healthcare Lauderhill,2599 NW 55th Ave,Lauderhill,FL,33313-2443,US,2010,,Yvonne Bernadin,"My husband is at Nspire since July 1st, the admission was very good Verlene was helpful and professional she did everything that was best for me and I appreciate her so much. The receptionist, and cna cared about the residents.",5,9/11/2025,,,gmb,https://maps.google.com/maps?cid=11701062337551936383
synergyhlthcr-nspire,NSPIRE Healthcare Miami Lakes,5725 NW 186th St,Hialeah,FL,33015-6019,US,2011,,Roshaan Paracha,"(Translated by Google) Words cannot describe nor does it amount to the grief and distress I feel toward this facility. Do not send your family members here. As a healthcare professional myself with a Bachelor's degree in nursing, I am highly disappointed in the incompetence and negligence of the nursing staff.  My mother was injured due to their incompetence. My mother nearly DIED from the respiratory distress she experienced because of their incompetence. I had her transferred to the hospital where it was determined she is septic. She was sent here to recover. Fortunately for her I have the knowledge and skills that I possess that saved her life. This will not remain here only for Google to see. Justice will be served!

Note: the injury noted in this picture is due to their incompetence. I also have pictures of her private area that was broken down due to neglecting them of changing her in a timely manner.

I repeat: DO NOT BRING YOUR FAMILY HERE!!

Words cannot describe nor compare to the pain and anguish I feel toward this center. Don't send your family here. As a healthcare professional with a bachelor's degree in nursing, I am deeply disappointed by the incompetence and negligence of the nursing staff. My mother was injured due to their incompetence. My mother almost DIED from the respiratory distress she was experiencing due to their negligence. I had to transfer her to the hospital, where it was determined she had sepsis. She was sent there to recover, and thanks to my knowledge and skills, I was able to save her life. This will not remain just on Google. Justice will be served!

Note: The injury shown in this photo is a result of their incompetence. I also have photos of her private area, which suffered severe deterioration due to negligence and neglect.

I repeat: DO NOT BRING YOUR FAMILY HERE!

(Original)
Words cannot describe nor does it amount to the grief and distress I feel toward this facility. Do not send your family members here. As a healthcare professional myself with a Bachelor's degree in nursing, I am highly disappointed in the incompetence and negligence of the nursing staff.  My mother was injured due to their incompetence. My mother nearly DIED from the respiratory distress she experienced because of their incompetence. I had her transferred to the hospital where it was determined she is septic. She was sent here to recuperate. Thankfully for her I have the knowledge and skills that I possess that saved her life. This will not remain here only for Google to see. Justice will be served!

Note: the injury noted in this picture is due to their incompetence. I also have pictures of her private area that was broken down due to their neglect of changing her in a timely manner.

I repeat: DO NOT BRING YOUR FAMILY HERE!!

Las palabras no pueden describir ni se comparan con el dolor y la angustia que siento hacia este centro. No envíen a sus familiares aquí. Como profesional de la salud con una licenciatura en enfermería, estoy profundamente decepcionada por la incompetencia y negligencia del personal de enfermería. Mi madre resultó herida debido a su incompetencia. Mi madre casi MUERE por la dificultad respiratoria que estaba experimentando a causa de su negligencia. Tuve que trasladarla al hospital, donde se determinó que tenía sepsis. Ella fue enviada a este lugar para recuperarse, y gracias a mis conocimientos y habilidades, pude salvarle la vida. Esto no se quedará solo en Google. ¡Se hará justicia!

Nota: La lesión que se muestra en esta foto es resultado de su incompetencia. También tengo fotos de su zona íntima, que sufrió un grave deterioro debido a que no la cambiaron a tiempo por negligencia.

¡Repito: NO TRAIGAN A SUS FAMILIARES AQUÍ!",1,9/9/2025,,,gmb,https://maps.google.com/maps?cid=11088859613584633623
synergyhlthcr-nspire,NSPIRE Healthcare Plantation,6931 W Sunrise Blvd,Plantation,FL,33313-4406,US,2013,,Gabrielle Rebillard,"Terrible  care. Lack of basic nursing skills and minimal effort given to provide what was needed  for my dad. He left in worse shape than he entered including malnourishment, and Stage 3 bedsores. This place  should be avoided  and closed. Shame on you, Nspire. Your patients and their loved ones deserve  much better!!",1,9/5/2025,"We're truly sorry to see a 1-star rating. Your experience matters to us, and take all concerns and feedback seriously. Please contact us directly so we can listen, learn, and work to make things right.  ",9/5/2025,gmb,https://maps.google.com/maps?cid=532821204325464843
synergyhlthcr-nspire,NSPIRE Healthcare Kendall,9400 SW 137th Ave,Miami,FL,33186-1434,US,2014,,Roxana Nigro,My mom was here for 2 months and this was the best experience I ever had. The staff was friendly and very patient with my and my mom. The center is having major upgrades and it is definitely showing. I appreciate everything this center has done for us and I would love to come back here again if I would have to! Thanks Nspire kendall for your service.,5,9/3/2025,,,gmb,https://maps.google.com/maps?cid=1603705479706553161
synergyhlthcr-nspire,NSPIRE Healthcare Tamarac,5901 NW 79th Ave,Tamarac,FL,33321-4639,US,2012,,Christine Francis,"My mother was sent there from the hospital for rehabilitation (physical and occupational therapy). Since the first day of my mother arriving I got to meet administrators, case managers, nurses, nursing staff, physical therapist… They were all very professional, helpful, supportive, had great bedside manner, and had cheerful dispositions. I’m grateful and thankful to this facility and its staff for helping my mother with her successful rehabilitation. My mother was able to come home with us so our family can continue her care. Special thanks to Joann Calixte that helped my mother get all services she needed and Vedrine, Greggory, Witley, Margo, Taiwo, Lourdes, Luprincia, Seshly, Reji and all the others that helped in caring for my mother. Thank you NSPIRE of Tamarac.",5,9/2/2025,,,gmb,https://maps.google.com/maps?cid=15546200343318802219
synergyhlthcr-nspire,NSPIRE Healthcare Tamarac,5901 NW 79th Ave,Tamarac,FL,33321-4639,US,2012,,Jameeljaiden Bernard,"Thank you to the staff for taking some great care of my mom. Especially updates given, which is very important. Housekeeping also has done a nice job in keeping the facility looking good and clean. Thank you to Social Services, Nursing and Rehab departments also. My mom and I are very happy with the service provided.",5,8/28/2025,,,gmb,https://maps.google.com/maps?cid=15546200343318802219
synergyhlthcr-nspire,NSPIRE Healthcare Miami Lakes,5725 NW 186th St,Hialeah,FL,33015-6019,US,2011,,Habib Paracha,"Most of the staff does not speak English, incompetent attnendants.

Even contacting the higher nurse and incharge, they are neglecting. The facility needs to be inspected by the health department and department of medecine.",1,8/28/2025,"We're truly sorry to see a 1-star rating. Your experience matters to us, and take all concerns and feedback seriously. Please contact us directly so we can listen, learn, and work to make things right.",8/26/2025,gmb,https://maps.google.com/maps?cid=11088859613584633623
synergyhlthcr-nspire,NSPIRE Healthcare Lauderhill,2599 NW 55th Ave,Lauderhill,FL,33313-2443,US,2010,,Wassane Burton,Miss Verlene Gedeon was awesome in how she presented herself and the facility. Very knowledgeable and welcoming.,5,8/21/2025,Thank you for sharing your experience. We appreciate the feedback!,8/25/2025,gmb,https://maps.google.com/maps?cid=11701062337551936383
synergyhlthcr-nspire,NSPIRE Healthcare Miami Lakes,5725 NW 186th St,Hialeah,FL,33015-6019,US,2011,,Loida Lappost,"(Translated by Google) The experience at this place with my brother has been horrible. It always smells like urine and feces. They mistreat the patients. They speak extremely badly to them. They ask for water and three hours later, the assistants have not brought it to them. They live with their cell phones in their hands. And they tell the patients that the rule of that place is to bathe them every other day. There is no professionalism. I hope people come to check that place out. It's bad.

(Original)
LA EXPERIENCIA EN ESTE LUGAR CON MI HERMANO HA SIDO HORRIBLE. SIEMPRE HUELE A ORINA Y  A HECES. MALTRATAN A LOS PACIENTES LE HABLAN SUPER MAL PIDEN AGUA Y TRES HORAS MA TARDE NO SE LA HAN LLEVADO LAS ASISTENTES VIVEN CON EL CELULAR EN LAS MANOS. Y LE DICEN A LIS PACIENTES QUE LA REGLA DE ESE LUGAR ES BAÑARLOS UN DÍA POR MEDIO. NO HAY PROFESIONALISMO. ESPERO VENGAN PERSONAS A CHEQUEAR ESE LUGAR. ES MALOOOO",1,8/13/2025,"We're truly sorry to hear that your experience did not reflect the standard of care we aim to deliver. We are committed to a culture of accountability, where every voice matters, especially those of the families we serve. Your feedback is invaluable and will be shared with our leadership team to help us do better. We would appreciate the opportunity to connect directly and learn more, so we can work toward a resolution together. Please call the Executive Director at the center to discuss in more detail. Thank you.",8/18/2025,gmb,https://maps.google.com/maps?cid=11088859613584633623
synergyhlthcr-nspire,NSPIRE Healthcare Lauderhill,2599 NW 55th Ave,Lauderhill,FL,33313-2443,US,2010,,Bob Smidth,I can't imagine a better place for my parents.,5,8/10/2025,Thank you for the 5-star rating! We are committed to helping every person in our care reach new heights. Your support means the world to our team!,8/18/2025,gmb,https://maps.google.com/maps?cid=11701062337551936383
synergyhlthcr-nspire,NSPIRE Healthcare Plantation,6931 W Sunrise Blvd,Plantation,FL,33313-4406,US,2013,,Andre,"So my mother got to Nspire Plantation on Tuesday night 8/5. From the time she got in her room she was treated with care and most importantly, respect!! This review can change based off future care but when I say I have been impressed as her caregiver at how everyone has just been so attentive. I mean, right down to the head chef coming to her room asking what my mother likes to eat (her name escapes my mind but she wears glasses, such a nice lady. Joked with my mother about her last names). I called my mom yesterday and she said she was eatting pound cake lol. My mom was on pureed diet in the hospital before getting here/she hated it. So far, so good! All you can ask is for a place to treat your mother as you would if you could. Mr. Tate met me the first night I was there and was very nice. Provided his contact number. And Mr. Sheldon came in and met my mother letting both us know he was available. Just very welcoming. Therapy team was very welcoming as well. Thank you all so far.",5,8/7/2025,Thank you for the 5-star rating! We are committed to helping every person in our care reach new heights. Your support means the world to our team!,8/18/2025,gmb,https://maps.google.com/maps?cid=532821204325464843
synergyhlthcr-nspire,NSPIRE Healthcare Miami Lakes,5725 NW 186th St,Hialeah,FL,33015-6019,US,2011,,Arlene Delgado,"My mother was in this facility and the service was great. Everyone is kind, compassionate, thoughtful, respectful and professional. Sadly my husband ended in an Nspire in Tamarac and the difference is like day and night.",5,8/1/2025,Thank you so much for your kind words. We are committed to person-centered care and compassionate service. It's our goal to ensure every individual and family feels valued and supported. Your feedback inspires us to continue reaching new heights in care excellence.,8/4/2025,gmb,https://maps.google.com/maps?cid=11088859613584633623
synergyhlthcr-nspire,NSPIRE Healthcare Kendall,9400 SW 137th Ave,Miami,FL,33186-1434,US,2014,,Maria Cristina Perez Rosquete,"(Translated by Google) I want to thank the Nspire center, but especially CNA Marta Aguero. She's a very sweet person, doing her best at this center. The way she cares for the patients is something special. She's a hard worker; she doesn't get upset when the patient calls her. Everything has been spectacular. Thank you all so much; we're so happy.

(Original)
Quiero darles las gracias al centro de Nspire pero especialmente para la CNA Marta Aguero. Es una persona bien dulce su labor en este centro haciedo el mejor. Como cuida los enfermos es algo especial. Muy trabajadora, no se molesta cuando el paciente la llama. Todo haciedo espectacular. Muchas gracias a todos estamos bien encantados.",5,7/30/2025,Thank you so much for your kind words. We are committed to person-centered care and compassionate service. It's our goal to ensure every individual and family feels valued and supported. Your feedback inspires us to continue reaching new heights in care excellence.,8/4/2025,gmb,https://maps.google.com/maps?cid=1603705479706553161
synergyhlthcr-nspire,NSPIRE Healthcare Plantation,6931 W Sunrise Blvd,Plantation,FL,33313-4406,US,2013,,Marcela Guerra,"My father was admitted to Nspire Healthcare on Friday, July 18, for rehabilitation after surgery. I was present within five minutes of his arrival and made sure to introduce myself to all staff. I let them know we would be checking on him daily—through visits and calls—to ensure he received proper care.

I was told physical therapy (PT) would evaluate him on Saturday, July 19, but no one came. Instead, I learned from his roommate that my father had fallen during the night, and it was the roommate who called for help. Staff never informed me until the following day, and only then did they place fall mats around his bed “just in case.”

Each day, my brother and I made our presence known, checking in and following up. On July 21, PT stood him up briefly on the mat but said he could not stand more than five seconds—even though he had been walking with assistance in the hospital. On July 22, a PT therapist told me my father was “combative” and “did not follow directions.” I reminded them that he has dementia, which should have been clearly noted in his records. The therapist seemed annoyed.

On July 24, after missing a visit the day before due to weather, I found my father in a new room. He was lying in bed with a blank expression, unshaven, wearing a hospital gown despite having four clean changes of clothes I had provided. His sheets were dirty. The TV was on with no volume, and the room felt neglected. When I checked his diaper, it was so soaked with urine it had leaked through the pad and into the bed. I was heartbroken. I cleaned him myself and dressed him.

While packing up his belongings to take him home, staff couldn’t find his shoes. Eventually, they were located in his old room—further proving that no PT had actually been done, since he hadn’t even had his shoes with him in the new room.

I immediately went to the main office and informed Khisha that I was taking my father home. There was no real sense of urgency or concern from the staff. The main nurse seemed unfazed. As I wheeled my father out, Sheldon stopped me and apologized, but by then, the damage was done.

The next day, with the help of his caregiver, I gave my father a proper shower. He screamed in pain from a severe diaper rash that was bleeding. Within two days of being home, he was walking again—like he had been before his surgery.

I truly believe that if I had left my father in that facility, he might not be alive today. What happened was not just neglect—it was a complete failure in basic human care.",1,7/29/2025,"We're truly sorry to hear that your experience did not reflect the standard of care we aim to deliver. We are committed to a culture of accountability, where every voice matters, especially those of the families we serve. Your feedback is invaluable and will be shared with our leadership team to help us do better. We would appreciate the opportunity to connect directly and learn more, so we can work toward a resolution together. Please contact the Executive Director at the center.",8/4/2025,gmb,https://maps.google.com/maps?cid=532821204325464843
synergyhlthcr-nspire,NSPIRE Healthcare Lauderhill,2599 NW 55th Ave,Lauderhill,FL,33313-2443,US,2010,,Daniela Ileana,,5,7/28/2025,Thank you for your review!,7/29/2025,gmb,https://maps.google.com/maps?cid=11701062337551936383
synergyhlthcr-nspire,NSPIRE Healthcare Plantation,6931 W Sunrise Blvd,Plantation,FL,33313-4406,US,2013,,annamaria pereira,"The worst
Mom went from rehab to the long term
In 3 weeks was bedridden with a bedsore and now in a diaper soiled for hours that caused her a severe uti that they didn’t follow up on after the 1st initial time. No bathing for over 2 weeks not pt or any dr over a month to assess her until I got nasty for someone to show up and talk to me. If you go as I did on a daily between noon and 2 and needed a wipe or towels on the floor you couldn’t find one and was told I would have to wait for the afternoon cart. Wouldn’t let my dog stay there let alone any any elderly person and especially if they don’t have family close to visit and have a voice for them.
Place smells like urine on a daily and trying to find a cna on the floor was a challenge as they sit at the end of another hallway on there phones. Absolutely disgusted. 0 ratting for cleanliness and compassion as well as staff following up on any patients!!",1,7/28/2025,Thank you for your feedback; your concerns are a priority to us and we'd like to discuss them with you. Please contact the Executive Director so your experience can be addressed. Thank you.,7/29/2025,gmb,https://maps.google.com/maps?cid=532821204325464843
synergyhlthcr-nspire,NSPIRE Healthcare Tamarac,5901 NW 79th Ave,Tamarac,FL,33321-4639,US,2012,,Sal Turchia,"Thank you for assisting my wife in everything. Everyone was polite, professional and courteous.  The food wasn't the best, but the therapy was Excellent!",5,7/28/2025,Thank you for your review!,7/29/2025,gmb,https://maps.google.com/maps?cid=15546200343318802219
synergyhlthcr-nspire,NSPIRE Healthcare Tamarac,5901 NW 79th Ave,Tamarac,FL,33321-4639,US,2012,,Ann Turchia,"The staff was wonderful! Thank you to the therapy staff for helping me walk again. They were excellent! Everyone was fantastic, helpful and polite.",5,7/28/2025,Thank you for your review!,7/29/2025,gmb,https://maps.google.com/maps?cid=15546200343318802219
synergyhlthcr-nspire,NSPIRE Healthcare Tamarac,5901 NW 79th Ave,Tamarac,FL,33321-4639,US,2012,,Arlene-Christina Rivers,"THIS COMPANY MISTREATS INDIVIDUALS. On 7/25 at 6:45pm I walked into my dad's room and there was a horrible odor of urin that filled up the whole room like he had been sitting in it for a while. I asked his CNA to change him she said ""ill be back in a few minutes"". I waited over 30mins and still no one came. I politely went up to the front and asked for his nurse to come and change him. The nurse at the front desk said she would send somebody. 10min later his CNA walked in barking at me that I need to be patient he's not her only patient and the worst part...she said ""if I want him changed so bad take him home and do it myself"". She then started slammimg his furniture and saying ""what you gonna do?! What you gonna do?!"" threatening me. What kind of horrible hate speech is that?! My dad is a retired pastor who suffered 6 strokes. We kept him in our home as long as we could but the state told us he needed professional care that is the ONLY REASON he is not with us. For that CNA to say something so hurtful makes me question the treatment of my father as a whole. When I asked for a supervisor everyone refused to get a supervisor except for my dad's nurse who snuck down the hallway and secretly called the supervisor. The front desk REFUSED to give me his CNA's name. As of today the supervisor, Paula Calixte, still hasn't done anything, nor gave me any plan of how this was going to be addressed and ensure this wouldn't happen again. I firmly believe that this company is mistreating its patients. Imagine if I who is 100% healthy and independent was mistreated, imagine those poor patients who can't defend themselves. Javier Cavero is this the type of facility you're running???",1,7/25/2025,"We're truly sorry to hear that your experience did not reflect the standard of care we aim to deliver. We are committed to a culture of accountability, where every voice matters, especially those of the families we serve. Your feedback is invaluable and will be shared with our leadership team to help us do better. We would appreciate the opportunity to connect directly and learn more, so we can work toward a resolution together. Please email us at Social@NSPIREhc.com.",7/28/2025,gmb,https://maps.google.com/maps?cid=15546200343318802219
synergyhlthcr-nspire,NSPIRE Healthcare Kendall,9400 SW 137th Ave,Miami,FL,33186-1434,US,2014,,Julio Mayedo Fernández,,5,7/25/2025,Thank you for your rating!,7/28/2025,gmb,https://maps.google.com/maps?cid=1603705479706553161
synergyhlthcr-nspire,NSPIRE Healthcare Tamarac,5901 NW 79th Ave,Tamarac,FL,33321-4639,US,2012,,Tracy F.,Once I went to the rehab center to meet my parent and a nice young gentleman help me with the supplies. that I wanted to use to help my parent. He was In excellent wonderful amazing help and I asked the nurse for his name I think it's Doodley. kept up the great work young man.,5,7/25/2025,,,yelp-yelp,https://www.yelp.com/biz/nspire-healthcare-tamarac-tamarac?adjust_creative=P_TwBYTdY_PDw12TMXrf3w&hrid=qc-Y17w1XC-uCLdQEQQGMg&utm_campaign=yelp_api_v3&utm_medium=api_v3_graphql&utm_source=P_TwBYTdY_PDw12TMXrf3w
synergyhlthcr-nspire,NSPIRE Healthcare Tamarac,5901 NW 79th Ave,Tamarac,FL,33321-4639,US,2012,,Tracy Casserine Franck,"I have been out with Joann C and some members, she was so kind, pleasant,very helpful. The best of the best driver ever.",5,7/24/2025,Thank you for your rating!,7/28/2025,gmb,https://maps.google.com/maps?cid=15546200343318802219
synergyhlthcr-nspire,NSPIRE Healthcare Tamarac,5901 NW 79th Ave,Tamarac,FL,33321-4639,US,2012,,Micheline Dastine,All the staff are great,5,7/20/2025,,,gmb,https://maps.google.com/maps?cid=15546200343318802219
synergyhlthcr-nspire,NSPIRE Healthcare Kendall,9400 SW 137th Ave,Miami,FL,33186-1434,US,2014,,Vladimir Blanes,"I am very grateful with the attention that my father received from all the personal working in the center. From the warm welcome in the reception, the social service, the nurses and all the assistants, therapists,  nutritionists,  people in the office,  activities director...I just want to say thank you to all the personal...big hugs ...the work and dedication melt my heart ...thank you",5,7/14/2025,Thank you for the 5-star rating!  Your support means the world to our team!,7/23/2025,gmb,https://maps.google.com/maps?cid=1603705479706553161
synergyhlthcr-nspire,NSPIRE Healthcare Miami Lakes,5725 NW 186th St,Hialeah,FL,33015-6019,US,2011,,DeNece OTERO,All ok,4,7/7/2025," We really appreciate that you took the time to share your experience with us, and we value your opinion. Thank you for the kind words!",6/30/2025,gmb,https://maps.google.com/maps?cid=11088859613584633623
synergyhlthcr-nspire,NSPIRE Healthcare Miami Lakes,5725 NW 186th St,Hialeah,FL,33015-6019,US,2011,,Janet G. Perez,"⭐⭐⭐⭐⭐
A Shining Light in Healthcare – RN Tatiana Leiva 👈🏻

Having a loved one in a rehab center can be an emotional and uncertain experience, but RN Tatiana Leiva has been an absolute blessing for our family. Her care and compassion go far beyond professional duty they come from the heart. Tatiana has been incredibly gentle, kind, and attentive not only with my aunt but with every patient and family member she interacts with.

What truly stands out about Tatiana is that her dedication is not limited to just the patients assigned to her. I have personally witnessed her pause and provide comfort to my aunt when she was not even on her care list that day, simply because my aunt needed someone. That level of compassion is rare and deeply appreciated.

This is not the first time our family has encountered her at this facility, and every experience has been consistently exceptional with Tatiana. Her warm demeanor, constant smile, and genuine care make her stand out as a true caregiver in every sense of the word. We have even heard other families speak highly of her, echoing the same sentiments.

If this facility offered a Daisy Award, Tatiana would be my first nomination for Nurse of the Year. In fact, she deserves both that title and a well-earned raise. She embodies everything that healthcare should be compassionate, attentive, and naturally caring.

To the administration: please recognize and value what you have in Tatiana Leiva. She is a rare gem in a field that desperately needs more like her. Losing her would be a tremendous loss not just to this facility, but to the countless families who depend on quality care during difficult times.

Thank you, Tatiana, for being the incredible nurse and human being that you are. You have made a lasting impact on our family, and we are endlessly grateful.

Y para usted, Tatiana:
Muchísimas gracias por todo lo que hace, no sólo por mi tía, sino por cada persona que tiene la suerte de cruzarse en su camino. Su sonrisa, su ternura y su dedicación dejan huella en el corazón de cada paciente y familia. Usted es verdaderamente especial, y se nota que tiene el don de cuidar con el corazón nació para estar en el campo de la salud y brillar como enfermera.
¡Nunca cambie!",5,6/27/2025," We really appreciate that you took the time to share your experience with us, and we value your opinion. Thank you for the kind words!",6/30/2025,gmb,https://maps.google.com/maps?cid=11088859613584633623
synergyhlthcr-nspire,NSPIRE Healthcare Kendall,9400 SW 137th Ave,Miami,FL,33186-1434,US,2014,,Local Guide,This place is a dump; from not having a remote control for the TV to the unsafe flooring held together by tape.,1,6/26/2025,"We have passed your feedback on to the  management team. We value your feedback and take your concerns seriously. If you would like to discuss your experience further, please call the Executive Director directly. Thank you.",6/30/2025,gmb,https://maps.google.com/maps?cid=1603705479706553161
synergyhlthcr-nspire,NSPIRE Healthcare Lauderhill,2599 NW 55th Ave,Lauderhill,FL,33313-2443,US,2010,,Keanoeka Mingoia,"The admissions director Verlene did a great job helping us get my grandmother admitted. She was with us every step of the way. Thank you, Verlene!",5,6/24/2025," We really appreciate that you took the time to share your experience with us, and we value your opinion. Thank you for the kind words!",6/30/2025,gmb,https://maps.google.com/maps?cid=11701062337551936383
synergyhlthcr-nspire,NSPIRE Healthcare Lauderhill,2599 NW 55th Ave,Lauderhill,FL,33313-2443,US,2010,,Lynne,"Negative stars to infinity.  The WORST possible place you could send anyone you love.  The corruption starts at the top with the administrator ""TORO"" and only goes down from there.  My father was there and thankfully we have been able to get him out of there.  I will only give you examples of things that happened in a five day span.  My father had an independent outside doctor's appointment.  It was discovered there at that appointment that his foley catheter was not being properly cleaned, as well as him having dried feces on his body and two pressure wounds my family was not made aware of prior to this doctor's appointment.  My father also fainted at this appointment.  After the appointment my brother and I returned to the facility to make these complaints with the social/case worker, Cassandra.  While she appeared to be appalled by what we were saying NOTHING was ever reported back to us regarding our concerns.  Three days later I was visiting my father when I discovered a horrible looking wound on his arm.  I asked a nurse just outside his door to assist and she refused advising she was going to finish delivering medications.  I later found out that person was an LPN.  LPN's are not authorized to pass out meds in Florida.  The same LPN called me a name more than once and refused to give me her name.  She did not have an ID badge on which would have told me her name and title.  Eventually I enlisted the help of the nursing supervisor Fumee (unsure hw to spell her name).  Fumee gave the person's name that was so disrespectful to me and also advised the bandage that was covering part of the wound on his arm was put on incorrectly as it was sticking to the wound and causing my 91 year old father great pain.  Coincidentally Fumee had phoned my brother who is the power of attorney approximately 30 minutes before all of this occurred to advise our father's wounds were healing nicely.  NOT TRUE.  The administrator came into the room because my POA brother got the photos I sent him of my dad's arm and reached out to ""Toro"".  I advised ""Toro"" of the disrespectful exchange the LPN 'Marie"" and I had and advised I wanted her to be written up.  Days later in a conversation I had with ""Toro"" he advised that ""Marie"" had denied all allegations I made about her and NO disciplinary action would be taken against her.   I have filed reports with DCF and the State of FL Department of Elder Affairs.  This treatment or rather complete LACK of treatment makes me physically sick and it is completely UNACCEPTABLE.  STAY AWAY FROM THIS FACILITY.",1,6/24/2025,"We have passed your feedback on to the  management team. We value your feedback and take your concerns seriously. If you would like to discuss your experience further, please call the Executive Director directly. Thank you.",6/30/2025,gmb,https://maps.google.com/maps?cid=11701062337551936383
synergyhlthcr-nspire,NSPIRE Healthcare Kendall,9400 SW 137th Ave,Miami,FL,33186-1434,US,2014,,Maria D.,"I don't know where to begin , but this place is such a dump, they don't even deserve a triple 0, but I had to put 1 star to be able to make a review . The place is so bad  that i would not want my dog treated there. My 91 year old aunt, who is like a mother to me, was transferred there after hip surgery. She was transfer on Monday 06/16/25 at almost 8 pm that nite. The next day when i when to visit her, around 9;30 am., I was disgusted at the condition, of her room, the room  had dirt, everywhere , the phone by her nite table, had blood all over, which was not her's , the wall near her bed was dirty, and her bed  sheet's where stain. ( I have videos of this).  The blood was not her's, because she had never used the phone.  Beds have not rails , they where out of stock for the little bucket for ice and water , I  was told that the ice and water machine , was broken,  they have a cooler with ice, but the top of the cooler is dirty. I had to go and get 3 bottles of water from the bending machine on the 1st floor.   The TV  dose not work, they are short of blankets, had to bring one from home, , new phone they put does not work,  you call the number to the place and if you get lucky and the receptionist answers, and you asked to be transfer to the nurse station on her floor , , and most of the time , the receptionist never answers either, the place smells terrible, the carpet leading to her roon is very dirty and it smell of urine. I was there most of the day on Saturday, and at no time , she was given any medication or change her diaper or anything,  The only time someone came in was to bring her lunch. All that is something that can be corrected but what really got me very ANGRY, is that yesterday Sunday 06/22/25, I when to bring her more clothes and water, but this time my husband when with me, and  at the time we where there a nurse came to take her blood pressure, and my husband saw that it  was very high,( he has high blood pressure, so he know's alot about pressure ) , anyway, he questioned the nurse why is her pressure so high, her response was its been like that all week, so my husband said , are you given her medication, then the nurse said , NO , we are only giving her pain medication, stool softerner , and some antiblood medicattion.  We are now in shock, angry and livid  , because her prescribe HIGH BLOOD PRESSURE MEDICATION & ALL HER OTHER MEDICATIONS HAS NOT BEEN GIVEN TO HER SINCE 06/16/25, almost a whole week, what are they waiting for, for her to HAVE A STROKE. Ofcource is the weeked and was told they will take care of it, today.  I have called the nurse supervisor early this morning at 8:02 am.  No answer, left her a message , and as of now still have not gotten a reply.  I have called her insurance LEON MEDICAL CENTER, spoke to a lady in The complain Deparment, sicnce they where the ones who authoprized the tranfer to this DISCUSTING plae.  Im still waiting for their reply,  i am demanding they tranfer her out of there, befoRE SHE HAS A STROKE, FROM THEM NOT GIVING  HER THE MEDICATION, IN HER FILES. PLEASE DO NOT PUT YOUR LOVES ONE HERE.  This Place is horrible .  I am surprise the Health Department has not gone to INSPECT  them .",1,6/23/2025,,,yelp-yelp,https://www.yelp.com/biz/nspire-healthcare-kendall-miami?adjust_creative=P_TwBYTdY_PDw12TMXrf3w&hrid=XDxZfVdJmUN5Zilk5zEwDQ&utm_campaign=yelp_api_v3&utm_medium=api_v3_graphql&utm_source=P_TwBYTdY_PDw12TMXrf3w
synergyhlthcr-nspire,NSPIRE Healthcare Miami Lakes,5725 NW 186th St,Hialeah,FL,33015-6019,US,2011,,Nelson Poya,"(Translated by Google) My dad was in the rehabilitation center for a short time, but in the last two days before his transfer to the hospital, he was cared for by a nurse named Tatiana, and there are no words to express our gratitude.

Tatiana demonstrated exceptional dedication, kindness, and professionalism. From the first moment, it was clear that she not only did her job, but she did it with all her heart. My siblings and I watched her, without her knowing we were the patient's family members. We always arrived at mealtime because my dad didn't want to eat with anyone, and as a dialysis patient, eating was crucial. For days, we were told he wasn't eating anything. But in those last two days, everything changed.

Without knowing who we were, Tatiana would patiently and lovingly approach my dad and sit with him, making every effort to get him to eat. She gave his food with patience and kind words. He didn't eat everything, but he managed at least two or three snacks. The nurse did everything she could to get my dad something to eat, even going out to get ice cream. And not just with him, but with all the patients. Her way of treating each person spoke of a true vocation and a heart full of love for what she does.

She remained attentive until the moment my dad was transferred. She brought the doctor, oversaw the entire process, and didn't leave her side until we left. It was a huge comfort to know that in those moments, my dad was in the hands of someone so caring and professional.

Thank you, Tatiana. May God bless you always. What a shame my dad had to be transferred, but what a relief it was to have found someone like you. Nurses like you make a difference and leave a lasting impression on families. Thank you for so much.

(Original)
Mi papá estuvo en el centro de rehabilitación por un tiempo corto, pero en los dos últimos días antes de su traslado al hospital, fue atendido por una enfermera llamada Tatiana, y no hay palabras suficientes para expresar nuestra gratitud.

Tatiana demostró una dedicación, amabilidad y profesionalismo excepcionales. Desde el primer momento se notaba que no solo hacía su trabajo, sino que lo hacía con el corazón. Mis hermanos y yo la observamos sin que ella supiera que éramos familiares del paciente. Siempre llegábamos a la hora de la comida porque mi papá no quería comer con nadie, y como paciente de diálisis, alimentarse era crucial. Durante días, nos decían que él no comía nada. Pero en esos últimos dos días, todo cambió.

Sin saber quiénes éramos, Tatiana se acercaba con paciencia, cariño a mi papá se sentaba con él haciendo el todo el intento para que el comiera. daba su comida con paciencia y palabras llenas de afecto , no comió del todo pero al menos dos o tres bocadillo logró, la enfermera hizo todo lo posible para lograr que mi papá comiera algo hasta helado salió a buscar, Y no solo con él, sino con todos los pacientes. Su manera de tratar a cada persona hablaba de una vocación verdadera y de un corazón lleno de amor por lo que hace.

Se mantuvo atenta hasta el momento en que mi papá fue trasladado, trajo a la doctora, supervisó todo el proceso y no se despegó hasta que nos fuimos. Fue un consuelo enorme saber que en esos momentos, mi papá estuvo en manos de alguien tan humano y profesional.

Gracias, Tatiana. Que Dios la bendiga siempre. Qué lástima que mi papá tuvo que ser trasladado, pero qué alivio fue haber encontrado una persona como usted. Enfermeras como usted hacen la diferencia y dejan huella en las familias. Gracias por tanto.",5,6/19/2025," We really appreciate that you took the time to share your experience with us, and we value your opinion. Thank you for the kind words!",6/30/2025,gmb,https://maps.google.com/maps?cid=11088859613584633623
synergyhlthcr-nspire,NSPIRE Healthcare Kendall,9400 SW 137th Ave,Miami,FL,33186-1434,US,2014,,Marla Rojas,,5,6/15/2025," We really appreciate that you took the time to share your experience with us, and we value your opinion. Thank you for the kind words!",6/30/2025,gmb,https://maps.google.com/maps?cid=1603705479706553161
synergyhlthcr-nspire,NSPIRE Healthcare Tamarac,5901 NW 79th Ave,Tamarac,FL,33321-4639,US,2012,,Unseul Andre,"Sorry about your experiences, My uncle has been well cared for this past year. He is 90 and being treated well as expected
The facility is a good and friendly place.",3,6/13/2025, Thank you for expressing your experience with us. We're glad to care for your family.,6/30/2025,gmb,https://maps.google.com/maps?cid=15546200343318802219
synergyhlthcr-nspire,NSPIRE Healthcare Tamarac,5901 NW 79th Ave,Tamarac,FL,33321-4639,US,2012,,Jeffrey W.,"My family member recently spent slightly more than two weeks in this facility. My family's experience was much less than satisfactory.
Overall, we observation is that this facility is grossly understaffed and required items for residents are seriously undersupplied. These issues prevent the residents from being able to receive the attention that they each deserve. As as example, NSPIRE is a non restraint facility, which is fine. But this facility should not have the ability to accept patients who are at risk of falling or eloping unless they have a surplus of staff who can deal with those challenging and difficult patients. We personally witnessed a resident fall right in front of us, two separate times directly adjacent to the nursing station and the staff was too busy to pick up and check on the resident in a quick manner(what happens when family members aren't around).
The food was subpar as well. My family member refused to eat most of the time and choose to wait until we brought him his one meal per day. We were fortunate enough to be able to make arrangements to bring him home.
Our recommendation is before you choose this facility make sure that they are able to meet the specific needs for your loved one",1,6/10/2025,,,yelp-yelp,https://www.yelp.com/biz/nspire-healthcare-tamarac-tamarac?adjust_creative=P_TwBYTdY_PDw12TMXrf3w&hrid=PuVKKVqVfBaR5tqQbQO3xQ&utm_campaign=yelp_api_v3&utm_medium=api_v3_graphql&utm_source=P_TwBYTdY_PDw12TMXrf3w
synergyhlthcr-nspire,NSPIRE Healthcare Tamarac,5901 NW 79th Ave,Tamarac,FL,33321-4639,US,2012,,Jeff W,"My family member recently spent slightly more than two weeks in this facility. My family's experience was much less than satisfactory.
Overall, we observation is that this facility is grossly understaffed and required items for residents are seriously undersupplied. These issues prevent the residents from being able to receive the attention that they each deserve. As as example, NSPIRE is a non restraint facility, which is fine. But this facility should not have the ability to accept patients who are at risk of falling or eloping unless they have a surplus of staff who can deal with those challenging and difficult patients. We personally witnessed a resident fall right in front of us, two separate times directly adjacent to the nursing station and the staff was too busy to pick up and check on the resident in a quick manner(what happens when family members aren't around).
The food was subpar as well. My family member refused to eat most of the time and choose to wait until we brought him his one meal per day. We were fortunate enough to be able to make arrangements to bring him home.
Our recommendation is before you choose this facility make sure that they are able to meet the specific needs for your loved one",1,6/10/2025,"We have passed your feedback on to the  management team. We value your feedback and take your concerns seriously. If you would like to discuss your experience further, please call the Executive Director directly. Thank you.",6/30/2025,gmb,https://maps.google.com/maps?cid=15546200343318802219
synergyhlthcr-nspire,NSPIRE Healthcare Lauderhill,2599 NW 55th Ave,Lauderhill,FL,33313-2443,US,2010,,Dianne C.,"My Beloved Friend Jan made Inspire her home for the past 9 months or so.  In the beginning she was active and mobile with her wheelchair. In the later months bedridden, yet, so cheerful about her situation.  There were lovely ladies who cared for her whom i met on Wednesdays when i came for our weekly Tea Party.  She was Called Home to the Lord this past Monday.  Though deeply saddened i was was equally happy for her and so very grateful to all who helped care for you. Thank you Inspire for making a different on her last days on earth. Love and Blessings to all, Dianne",5,6/5/2025,,,yelp-yelp,https://www.yelp.com/biz/nspire-healthcare-lauderhill-lauderhill?adjust_creative=P_TwBYTdY_PDw12TMXrf3w&hrid=_APWEjpDYq97oizIvfUMfQ&utm_campaign=yelp_api_v3&utm_medium=api_v3_graphql&utm_source=P_TwBYTdY_PDw12TMXrf3w
synergyhlthcr-nspire,NSPIRE Healthcare Plantation,6931 W Sunrise Blvd,Plantation,FL,33313-4406,US,2013,,Cynthia O'Brien,"When my mother was sent to Nspire Healthcare Plantation for rehabilitation, we were understandably anxious—it was one of the most difficult times in our lives. While the building itself is older and could use some renovations, the level of care we received far outweighed the appearance.

From the moment we arrived, the kindness, patience, and professionalism of the entire staff made a world of difference. The administration team, Sam Tate, Sheldon Rose, and Katie Mays, were incredible. Their open-door policy isn’t just talk; they truly listen and are always available to help.

The therapy department, led by Marsha and supported by a fantastic team of physical and occupational therapists, provided excellent and compassionate care that helped my mother make real progress. The nursing staff, receptionists, and catering team were also outstanding. The food was surprisingly good, and special attention was given to my mother’s dietary needs and personal preferences.

We are incredibly grateful for the support and care provided at Nspire. This facility helped guide us from a very dark time into the light - and for that, we’ll always be thankful.",5,5/26/2025,Thank you for sharing your rating with us! ,6/30/2025,gmb,https://maps.google.com/maps?cid=532821204325464843
synergyhlthcr-nspire,NSPIRE Healthcare Tamarac,5901 NW 79th Ave,Tamarac,FL,33321-4639,US,2012,,Beauty Works,"If I could give Nspire zero stars, I would. Do NOT bring your loved ones here.

My father is a resident at Nspire, and what I’ve witnessed is absolutely heartbreaking and unacceptable. He has fallen multiple times and was left lying on the floor—naked and alone. Not only is this undignified, but it’s also dangerous.

He cannot feed himself, yet staff routinely drop off his food and walk away. The meals sit untouched and grow cold because no one assists him. On one visit, I was there for over six hours—not once did anyone come to change him or check on him.

The nurses? Sitting at the desk. The aides? Overwhelmed or indifferent. When food was delivered during my visit, the aide casually said, “You can feed him.” When I asked who would feed him if I wasn't there, she responded that she had other residents to tend to. Unacceptable.

The room smelled horribly of neglect, and when concerns are raised, the excuses pile on: “Our backs hurt,” or worse—suggestions that we hire a private nurse on top of the Medicare, Medicaid, and Social Security funds they are already receiving for his care.

This is not just poor service—this is neglect. Nspire is failing its most vulnerable residents while collecting substantial payments. It’s time for lawyers, advocates, and health care authorities to take a hard look at what’s really happening behind these doors.

Our seniors deserve better. My dad deserves better. Enough is enough.",1,5/23/2025,"We have passed your feedback on to the  management team. We value your feedback and take your concerns seriously. If you would like to discuss your experience further, please call the Executive Director directly. Thank you.",6/30/2025,gmb,https://maps.google.com/maps?cid=15546200343318802219
synergyhlthcr-nspire,NSPIRE Healthcare Tamarac,5901 NW 79th Ave,Tamarac,FL,33321-4639,US,2012,,Althea B.,"If I could give Nspire zero stars, I would. Do NOT bring your loved one here.

My father is a resident at Nspire, and what I've witnessed is absolutely heartbreaking and unacceptable. He has fallen multiple times and was left lying on the floor--naked and alone. Not only is this undignified, but it's also dangerous.

He cannot feed himself, yet staff routinely drop off his food and walk away. The meals sit untouched and grow cold because no one assists him. On one visit, I was there for over six hours--not once did anyone come to change him or check on him.

The nurses? Sitting at the desk. The aides? Overwhelmed or indifferent. When food was delivered during my visit, the aide casually said, ""You can feed him."" When I asked who would feed him if I wasn't there, she responded that she had other residents to tend to. Unacceptable.

The room smelled horribly of neglect, and when concerns are raised, the excuses pile on: ""Our backs hurt,"" or worse--suggestions that we hire a private nurse on top of the Medicare, Medicaid, and Social Security funds they are already receiving for his care.

This is not just poor service--this is neglect. Nspire is failing its most vulnerable residents while collecting substantial payments. It's time for lawyers, advocates, and health care authorities to take a hard look at what's really happening behind these doors.

Our seniors deserve better. My dad deserves better. Enough is enough.",1,5/23/2025,,,yelp-yelp,https://www.yelp.com/biz/nspire-healthcare-tamarac-tamarac?adjust_creative=P_TwBYTdY_PDw12TMXrf3w&hrid=QPnPs3lo4Rl1gc96kppImw&utm_campaign=yelp_api_v3&utm_medium=api_v3_graphql&utm_source=P_TwBYTdY_PDw12TMXrf3w
synergyhlthcr-nspire,NSPIRE Healthcare Miami Lakes,5725 NW 186th St,Hialeah,FL,33015-6019,US,2011,,Darlila Duperey,"(Translated by Google) I don't think the perfect healthcare facility exists, but at this NSPIRE, I was more than satisfied.
For me, ALL the nurses are 10s: Yisleidy, Lietty, Deneb, Amanda Esther, Tatiana, Letsy, Larisnel, Marcel, Eddy, Amaris, Yoel (THANK YOU ALL SO MUCH).
To the assistants, my sincere respect for giving so much love to such a hard job (Yisel, Adianez, Monique F, Maria N, Yuraima, Barbara, Raico, Orlando, Yanet, Karelia, Laisy, Diana). There are so many of them, but they are all EXCELLENT people and BEST workers to whom I would entrust the care of my family member.
At this facility, I saw patients come in on stretchers with little hope of walking, and I saw them leave on their own two feet. To the head nurse and her secretary, thank you so much for all the times I needed you and never once did you say ""no"" for an answer.
THANK YOU ALL SO MUCH.
THANK YOU TO ALL THE CNAS AT NSPIRE MIAMI LAKES

(Original)
No creo q exista la instalación de salud perfecta, pero en este NSPIRE me quedé más que satisfecha.
Para mi TODAS las enfermeras tienen 10🌟, Yisleidy, Lietty, Deneb, Amanda Esther, Tatiana, Letsy, Larisnel, Marcel, Eddy, Amaris, Yoel (a TODOS MUCHAS GRACIAS).
A los asistentes mis más sincero respeto al dar tanto amor en un trabajo que es tan duro (Yisel, Adianez, Monique F, Maria N, Yuraima, Barbara, Raico, Orlando, Yanet, Karelia, Laisy, Diana) son muchooosss, pero todos son EXCELENTES personas y MEJORES trabajadores a los que les confiaría el cuidado de mi familiar.
En esta instalación vi entrar a pacientes en camillas sin muchas esperanzas de caminar y los vi salir mediante sus propios pies.
A la Jefa de enfermera y a su secretaria, muchas gracias por todas las veces que las necesité y nunca me dieron un ""NO"" como respuesta.
MUCHAS GRACIAS A TODOS.
GRACIAS A TODOS LOS CNA de NSPIRE MIAMI LAKES",5,5/18/2025,Thank you for sharing your rating with us! ,6/30/2025,gmb,https://maps.google.com/maps?cid=11088859613584633623
synergyhlthcr-nspire,NSPIRE Healthcare Kendall,9400 SW 137th Ave,Miami,FL,33186-1434,US,2014,,Jane D.,"This facility is such a great place. My uncle was admitted on the weekend and the process was so smooth and excellent. The admission girl helped me and gave me a tour of the facility. I did notice the floors are being fixed which is excellent that shows me that they are trying their best to make the building as nice as possible for not only the family but for the patients as well. When I visited my uncle I went during lunch and the food look so great even the dessert he was eating his favorite tres leche. Overall this facility is such an amazing place and the quality of care is amazing. The staff takes care of my uncle and they are so quick when he rings his call light which is excellent. He went for rehab and therapy because he broke 5 ribs. He is doing therapy and it is going great for him the staff is so patient and nice. Overall, this facility is great for your family I would not choose any other place.",5,5/15/2025,,,yelp-yelp,https://www.yelp.com/biz/nspire-healthcare-kendall-miami?adjust_creative=P_TwBYTdY_PDw12TMXrf3w&hrid=adYeo4j9la8y8_cfoWtARw&utm_campaign=yelp_api_v3&utm_medium=api_v3_graphql&utm_source=P_TwBYTdY_PDw12TMXrf3w
synergyhlthcr-nspire,NSPIRE Healthcare Kendall,9400 SW 137th Ave,Miami,FL,33186-1434,US,2014,,Leonel Orbea,"Our cousin Eda spent three weeks at the Kendall facility. The entire staff, from admission, social worker (Juan), nurses, assistants, therapists were extremely caring and professional. She was treated with lots of patience and love. There are a few things that needs improvement, for instance, the phone system is a disaster. It needs to be brought up to current standards. It doesn't have an IVR(Interactive Voice Response) system, you can't dial directly to an extension. Nurses don't have phones with them, so reaching them is extremely difficult. You have to physically go and try to locate them. Not their fault, just poor management decisions not to improve their phone system. Nurses should carry VOIP phones for ease of communication. Also, the beds and furniture seem to be from the 1950's. Some beds show signs of rust and the furniture is visibly old and beat up.

There are no words to express the love and care she received from all the staff. My thanks and gratitude to all of them.",4,5/12/2025,"We have passed your feedback on to the  management team. We value your feedback and take your concerns seriously. If you would like to discuss your experience further, please call the Executive Director directly. Thank you.",6/30/2025,gmb,https://maps.google.com/maps?cid=1603705479706553161
synergyhlthcr-nspire,NSPIRE Healthcare Miami Lakes,5725 NW 186th St,Hialeah,FL,33015-6019,US,2011,,K Williams,"Looks clean, smells clean and fresh staff are extremely pleasant and helpful",5,5/11/2025,Thank you for sharing your rating with us! ,6/30/2025,gmb,https://maps.google.com/maps?cid=11088859613584633623
synergyhlthcr-nspire,NSPIRE Healthcare Kendall,9400 SW 137th Ave,Miami,FL,33186-1434,US,2014,,Ra Mo,"If I could give no stars I would these are the unsanitary conditions that we have to put up with here at this location.. People here pay so much just to have this place looking like this and even worse, and the administrator that runs this place runs it like it's her own personal business when all she cares is about saving money.",1,5/10/2025,"We have passed your feedback on to the  management team. We value your feedback and take your concerns seriously. If you would like to discuss your experience further, please call the Executive Director directly. Thank you.",6/30/2025,gmb,https://maps.google.com/maps?cid=1603705479706553161
synergyhlthcr-nspire,NSPIRE Healthcare Lauderhill,2599 NW 55th Ave,Lauderhill,FL,33313-2443,US,2010,,Hank Hsu,"I can't say enough things about Nspire Lauderhill. From the moment my dad got admitted the staff made me welcome. My father has been a resident for 3 months. Miss Verlene and miss Maria helped me with the paperwork. They were very patient and helpful. Nadine, Maxine, Everett, the weekend receptionist are amazing. I'm very grateful to have found a place like that where I know my dad is safe and well care for. Thank you to the entire team. The administrator is doing a great job.
Hank",5,5/9/2025,Thank you for sharing your rating with us! ,6/30/2025,gmb,https://maps.google.com/maps?cid=11701062337551936383
synergyhlthcr-nspire,NSPIRE Healthcare Kendall,9400 SW 137th Ave,Miami,FL,33186-1434,US,2014,,Barbie Guerra,"No stars.  Horrible experience!!!!!!  My brother in law was treated with no care or wellness treatment.  He was abandoned in his bed and developed pneumonia due to someone's carelessness at the facility.  When being visited, it was noted that he was being hosed down instead of escorting him to the bathroom.  Like an animal, they hosed his private areas down so they would not need to carry him to the bathroom since he could not walk.  In addition, to this poor care and the pneumonia he caught while in Nspire's care, he received various infections that went untreated.  He was rushed to the ER after my sister in law noticed signs of irregular behavior.  He was taken to the hospital and admitted in ICU where he fought for his life for weeks.  He was intubated, dialysis, heart failure, etc.  This was part of a result of Nspire's neglect to rehabilitate him and make his health their priority.  Due to the nature of his condition, his condition was dire and he passed away.  I feel that Nspire was responsible for his death.  Their carelessness and reckless behavior led to the pneumonia that caused a tremendous amount of water to his lungs.  This of course led to other organ failures.  Nspire has no business caring for people.  He was a healthy man in his 60's that went in for rehab to learn to walk again after an infection to his legs.  However, he was released from the hospital and sent to Nspire for rehabilitation that he never received.  They kept him in a bed all day and did not make the effort to help him walk again.  He did not have a chance under their care.  He was diagnosed with pneumonia there as a result of another patient or employee.  They never sought out emergency services and waited till my sister in law arrived.  She was the one that called 911.  It is a devastating ending and I plead that if you have a loved one that needs rehab or healthcare, seek another center immediately.  DO NOT take your loved ones to this facility.  Their irresponsibility can take away the life of your loved one.  Do your research and due diligence.  Visit several places until you feel comfortable with a facility that will treat your loved one with respect and dignity and not like a stray animal.  AT ALL COST, AVOID NSPIRE.  There is a reason why they only have three stars and that too is generous.  They should be inspected and shut down by the State.  They have no business dealing with people's lives.",1,5/7/2025,"We have passed your feedback on to the  management team. We value your feedback and take your concerns seriously. If you would like to discuss your experience further, please call the Executive Director directly. Thank you.",6/30/2025,gmb,https://maps.google.com/maps?cid=1603705479706553161
synergyhlthcr-nspire,NSPIRE Healthcare Kendall,9400 SW 137th Ave,Miami,FL,33186-1434,US,2014,,andrew guerra,"This place was an absolute dump and if you plan to bring your loved one here you’re doing a disservice for yourself and the patient. Let’s start off by saying this place was dirty, smelly, and inhabitable. Each room was absolutely disgusting and the care they provide is absolutely unacceptable. I had more knowledge about caring for the patient than they had. I wish I could give this place no stars because it definitely deserves it. I am absolutely stunned that a healthcare facility can be this awful and if you want your loved ones to die then take them to NSPIRE on Kendall.",1,5/7/2025,"We have passed your feedback on to the  management team. We value your feedback and take your concerns seriously. If you would like to discuss your experience further, please call the Executive Director directly. Thank you.",6/30/2025,gmb,https://maps.google.com/maps?cid=1603705479706553161
synergyhlthcr-nspire,NSPIRE Healthcare Kendall,9400 SW 137th Ave,Miami,FL,33186-1434,US,2014,,barbara solares,"I’ll make it short and brief, I put  1 star,  because it’s the only way I can leave a review. This place is filthy and un Sanitary, The Hospital, my husband was in, sent him to this rehab on  February 4,…Had to take him out February 18 via 911 services, when I walked into his room , they had him naked on the bed with a pan full of water at his backside
throwing water at him,  that’s the way they were cleaning him he was coughing and had a fever….he got influenza, pneumonia and a bacteria that went through his picket line….Due to complications from that infection he died 37 days later,…  he was only 63, a husband and a father.  He went in to this rehab for physical therapy; with the expectations to be able to walk again and be home in four weeks. I do not recommend this rehab to no one.",1,5/7/2025,"We have passed your feedback on to the  management team. We value your feedback and take your concerns seriously. If you would like to discuss your experience further, please call the Executive Director directly. Thank you.",6/30/2025,gmb,https://maps.google.com/maps?cid=1603705479706553161
synergyhlthcr-nspire,NSPIRE Healthcare Lauderhill,2599 NW 55th Ave,Lauderhill,FL,33313-2443,US,2010,,johanne stewart,"I recently toured NSPIRE Healthcare of Lauderhill while considering a care facility for my loved one, and I was truly impressed. The Admissions Director was incredibly professional, kind, and thorough. She took the time to personally walk me through the facility, answered all of my questions, and explained every aspect of the services offered. I never felt rushed or pressured—just supported and informed.",5,5/6/2025,Thank you for sharing your rating with us! ,6/30/2025,gmb,https://maps.google.com/maps?cid=11701062337551936383
synergyhlthcr-nspire,NSPIRE Healthcare Tamarac,5901 NW 79th Ave,Tamarac,FL,33321-4639,US,2012,,Manny Zuniga,"My mom was transfered from hospital after her knee surgery. Since you enter the facility is a bad smell, and elevators weren't working. She was sent to a room that wasn't clean at all, the staff was very rude and non-profesional nurses. We had to take her home in less than 30 mins. They just want us to sign paperwork of realeased but only signature. There is no reason or anything to write, i recomemd people and families, DO NOT TAKE YOUR LOVE ONES THERE. is a very bad experienced for my mom and us as family members. They should closed this facility and turn it into a parking lot.. there is no option for 0 reviews.. so i had to give 1.
Again dont take your family members there. And directors and members should take all that money from insurances ans invest on re-modeling the whole building,, or closed it for good.",1,4/26/2025,"We have passed your feedback on to the  management team. We value your feedback and take your concerns seriously. If you would like to discuss your experience further, please call the Executive Director directly. Thank you.",6/30/2025,gmb,https://maps.google.com/maps?cid=15546200343318802219
synergyhlthcr-nspire,NSPIRE Healthcare Lauderhill,2599 NW 55th Ave,Lauderhill,FL,33313-2443,US,2010,,Marylin Laurent,I love this place. My father is well taken care of and he’s happy,5,4/24/2025,Thank you for sharing your rating with us! ,6/30/2025,gmb,https://maps.google.com/maps?cid=11701062337551936383
synergyhlthcr-nspire,NSPIRE Healthcare Lauderhill,2599 NW 55th Ave,Lauderhill,FL,33313-2443,US,2010,,Loli Kadala,"My beloved mother passed away on March 27, 2025. She was admitted to NSPIRE Lauderhill on August 15, 2023. She was a resident for a little over a year and a half. I will be eternally grateful to the staff of NSPIRE for the love and care they gave my Mom.

Thank you, Verleen Gedeon, for your patience and support during the grueling process of qualifying my dear mother for admission. You will never know how much that meant to me and how immensely you helped me keep my sanity!

To Ellen Warrick and especially Everrett Merchant in the Reception area, I am grateful for all the conversations we had and the support you offered me every day I visited. Sometimes it was everything I needed for strength to carry on. Friends forever!

A very special recognition to the Activities guru ""DeeDee"" (Dieudonne L'Oiseau), who is the heart and soul of NSPIRE Lauderhill. I owe you my eternal gratitude & friendship for transmitting so much happiness and joy, for all the celebrations you organized and for caring for my Mom in such a special way. Thank you for filming very special moments and sharing them with me. They are now some of the most cherished memories I keep of her. I love you, DeeDee!

To Tiffany Lam RN, all the nurses, to Chris who administered medications and to his successors, and to Keisha (who is now in NSPIRE Admissions in Plantation but was the first nurse to take care of Mom's daily needs)... thank you all for the care and compassion you gave my mother. Your labor is vital and much appreciated.

To Stephanie Samson in the kitchen and her staff, thank you so much for the delicious meals and for attending to my Mom's special vegetarian diet. Special thanks for the times you made the dining room available to me when friends & family came to visit my Mom from Miami or Titusville or to celebrate her birthday!.

To the leadership and Business office of NSPIRE Lauderhill and to the Social Worker who helped me a few times with paperwork and such, and to everyone else I failed to name, THANK YOU!

Loli Kadala",4,4/23/2025,"We have passed your feedback on to the  management team. We value your feedback and take your concerns seriously. If you would like to discuss your experience further, please call the Executive Director directly. Thank you.",6/30/2025,gmb,https://maps.google.com/maps?cid=11701062337551936383
synergyhlthcr-nspire,NSPIRE Healthcare Lauderhill,2599 NW 55th Ave,Lauderhill,FL,33313-2443,US,2010,,Dianne Congdon,Inspire HeathCare Lauderhill is home to my dear friend Jan. She is now in the memory section beloved by all who care for her.  It helps me so much to know she has excellent and concern helping her to be as comfortable as possible.  I am well pleased with all the staff who truly go the extra  mile. I highly recommend Inspire for your loved ones Dianne Congdon,5,4/22/2025,Thank you for sharing your rating with us! ,6/30/2025,gmb,https://maps.google.com/maps?cid=11701062337551936383
synergyhlthcr-nspire,NSPIRE Healthcare Tamarac,5901 NW 79th Ave,Tamarac,FL,33321-4639,US,2012,,Michelle C (Mishelle Marie),After hearing horror stories about this place I made a surprise visit to my relative and found this facility to be very clean. My relative was cared for well and the staff were friendly and professional,4,4/22/2025,"We have passed your feedback on to the  management team. We value your feedback and take your concerns seriously. If you would like to discuss your experience further, please call the Executive Director directly. Thank you.",6/30/2025,gmb,https://maps.google.com/maps?cid=15546200343318802219
synergyhlthcr-nspire,NSPIRE Healthcare Lauderhill,2599 NW 55th Ave,Lauderhill,FL,33313-2443,US,2010,,JAMIR C,They take very good care of my grandmother,5,4/19/2025,Thank you for sharing your rating with us! ,6/30/2025,gmb,https://maps.google.com/maps?cid=11701062337551936383
synergyhlthcr-nspire,NSPIRE Healthcare Lauderhill,2599 NW 55th Ave,Lauderhill,FL,33313-2443,US,2010,,Paganini Paresponsab,,5,4/19/2025,Thank you for sharing your rating with us! ,6/30/2025,gmb,https://maps.google.com/maps?cid=11701062337551936383
synergyhlthcr-nspire,NSPIRE Healthcare Lauderhill,2599 NW 55th Ave,Lauderhill,FL,33313-2443,US,2010,,EDELYNE CORADIN,"My mom is at Nspire Lauderhil, i really like the place. Thank you for your service",5,4/15/2025,Thank you for sharing your rating with us! ,6/30/2025,gmb,https://maps.google.com/maps?cid=11701062337551936383
synergyhlthcr-nspire,NSPIRE Healthcare Plantation,6931 W Sunrise Blvd,Plantation,FL,33313-4406,US,2013,,Dolfan Gonzalez,"This is review is only for their rehab wing.  Shortly after admission their management team had a meeting with me to discuss my mother's treatment/care strategies.  At the meeting they mentioned 2 accommodations that they would make so that she wouldn't fall off the bed (beds didn't have siderails).  After a few days went by and I didn't see the barriers they mentioned I asked management.  It turns out that the accommodations they mentioned were waiting to be delivered and they had to resort to simply lowering my moms bed every night.  My moms stay ended and those barriers never were installed.  At the same meeting they gave me a treatment plan that was blank and asked me to sign it (before it was completed).  I thought that was a very unprofessional request from their management.  I told them to complete it first, then I would sign it.  Very few CNAs understand English well, but their patient care was professional.  All the nurses and some of the CNAs that worked with my mom seemed bothered when they were called for pain meds (by my mom or her roommate) or anything else for that matter.  The food was consistently delivered timely, well-presented, temperature appropriate, and tasted pretty good.  It takes hours for the meal trays to be removed though.  Sometimes my mom would have 2 meal trays in her room at the same time, I would be the one to move the unused one to the hallway.  Even when moved to the hallway they would sit there for hours.  Linens:  I saw blankets with holes the size of dinner plates in them in use.  I am not exaggerating.  The CNAs would do their best to fold them in a way that they weren't easily visible but too late, I saw it, each time.  Resident rooms and bathrooms were kept clean.  Every interaction with a social worker or PT staff member was professional and helpful.  The hallways and nursing station was a literal mess and not neat at all.  Hallways were cluttered with unused furniture, office fixtures, and all sorts of other equipment and supplies.  The carpeted areas were filthy.  Also, I found it odd that none of their nurses/CNAs wore name tags.  Personally, due to the interactions I had (and witnessed my mom's roommate have) with the nurses and CNAs, I would never willingly put a family member there again unless there is no other available option.",2,4/11/2025,"We have passed your feedback on to the  management team. We value your feedback and take your concerns seriously. If you would like to discuss your experience further, please call the Executive Director directly. Thank you.",6/30/2025,gmb,https://maps.google.com/maps?cid=532821204325464843
synergyhlthcr-nspire,NSPIRE Healthcare Lauderhill,2599 NW 55th Ave,Lauderhill,FL,33313-2443,US,2010,,Roslyn Bess,It has been a wonderful experience at NSPIRE Lauderhill Center.  Verlene has been answered all my questions and made my Mom feel at home.  Thank You!,5,4/11/2025,Thank you for sharing your rating with us! ,6/30/2025,gmb,https://maps.google.com/maps?cid=11701062337551936383
synergyhlthcr-nspire,NSPIRE Healthcare Kendall,9400 SW 137th Ave,Miami,FL,33186-1434,US,2014,,ana oliva,"My dad was sent to this facility to get stronger so he could have a heart procedure.
This is a highly recommended facility by Leon Medical that unfortunately my dad has.
My dad was transfused several times at the hospital for severe anemia, also developed fluid in his lungs while in the hospital and has low blood pressure . Thankfully fluid was drained and anemia was better and blood pressure under control when he was discharged and sent to NSPIRE.
Upon his admission my dad was told he could not get up to use the bathroom he was told he had to go in the diaper. When I called to speak to a nurse they said my dad must be confused, I told them my dad is 88 yrs old and was working a couple of weeks ago, his mind is very sharp and clear.
When I got speak to a nurse, they didn’t speak English I was asked if I spoke Spanish.
I am Cuban myself, but I think this is unacceptable for a nurse working in a facility English is a requirement. I was assured if he rang for help they would help him to the bathroom.
Well that was day 1, my husband and I live in NJ we went to Florida for 4 days and visited him every day.

I asked my dad if any doctors had seen him daily and daily the answer was no. I asked if any blood work was done, again the answer was no.
Have you had any pt only one day out of a week stay . My dad was in bed for his entire stay at this facility. My dad had developed problem breathing and they had him on oxygen the whole stay.
Not a single person or doctor went to see why he couldn’t breathe, no blood work no chest X-ray, nothing.
The following day when I arrived home I received a call from NSPIRE that my dad was complaining of chest pain, and even though all his vitals were normal and nothing appeared to be wrong with him they were sending him to the hospital.
He was sent to West Kendall , when I received the call from the hospital a chest X-ray showed my dad had fluid in his lungs.
Well they removed 1.2 liters of fluid from one and still more fluid in the other.
This could have been prevented if they had done their job At NSPIRE.
My dad was then transferred and sent to Mercy Hospital under the recommendation of LEON Medical, we requested he go to Babtist Hospital
LEon Medical denied it.
Mercy hospital is just as bad as NSPIRE, he has been there a week and nothing has been done in bed no therapy nothing.
He was going to be discharged again to go back to NSPIRE to get stronger so he can be  reevaluated
for the heart procedure .
Again Leon medical trying to send him back to NSPIRE.
I called and complained and my dad called and  complained to Leon Medical refusing to be sent to NSPIRE .
Why Leon medical insisted on this terrible facility is beyond me.
Thankfully he is going to a better facility",1,4/2/2025,We are committed to make sure our team delivers on our customer experience model. Please speak with the Executive Director about this by calling the care community so we can bring resolution to your experience. Thank you.,4/9/2025,gmb,https://maps.google.com/maps?cid=1603705479706553161
synergyhlthcr-nspire,NSPIRE Healthcare Kendall,9400 SW 137th Ave,Miami,FL,33186-1434,US,2014,,Anabel Gomez,"My name is Anabel Gomez, and my father, Raimundo Gomez, was admitted to NSPIRE from March 9 to March 26. From the moment he was discharged from Palmetto Hospital, Yusmari, the Director of Admissions, went above and beyond to assist me—even on a Sunday. She thoroughly informed me of my rights and provided unwavering support throughout the entire process.

The care my father received was compassionate and attentive. He was always treated with dignity and kindness. Magi, in particular, demonstrated extraordinary dedication and warmth. She cared for my father as if he were her own, showing genuine affection and respect that made a lasting impact on us.

The social worker, Juan, was incredibly helpful in preparing all the necessary discharge documents. He was kind, professional, and attentive every step of the way.

I am truly grateful that my father was surrounded by staff who showed such love, respect, and concern for his well-being during his stay. Therapist were able to help my father on his stroke recovery.

While I cannot give the facility a full five stars due to some areas that need improvement—such as the limited availability of wipes, conservative use of diapers and bed linens, and subpar cleanliness—the level of personal care and attention my father received far outweighed those shortcomings. Thank you NSPIRE  for your service and support .",4,3/26/2025,Your words of appreciation make a positive difference to our care partners. Thank you!,4/9/2025,gmb,https://maps.google.com/maps?cid=1603705479706553161
synergyhlthcr-nspire,NSPIRE Healthcare Lauderhill,2599 NW 55th Ave,Lauderhill,FL,33313-2443,US,2010,,domingo jimenez,"my mother was sent to this place from Memorial Miramar. This has been a horrible experience both for me as a son and form my mother as patient.  the first day that i got to that place i could not believe what i was seen. I saw elders on the floor, others claiming for care, there was spit on the floor, i was crying when i saw what i saw. i did not know there were places like this in the USA.  and then to top it up when they discharged my mom they did not order the antibiotics that she needed and i have to run around and beg for help for about 3 days to the prescription and other information needed to ben sent to the correct pharmacy so that the pharmacy could release the antibiotics. if there was a minus 5 star review that is what i would give to this place.
Mr. Toro the director is very rude
Ms. Berlin is nice
Ms.Cassandra is very nice
Ms. Karla get things done
Ms. Islen the nurse is very nice",1,3/26/2025,We are committed to make sure our team delivers on our customer experience model. Please speak with the Executive Director about this by calling the care community so we can bring resolution to your experience. Thank you.,4/9/2025,gmb,https://maps.google.com/maps?cid=11701062337551936383
synergyhlthcr-nspire,NSPIRE Healthcare Tamarac,5901 NW 79th Ave,Tamarac,FL,33321-4639,US,2012,,Marla S.,"Stay away from this place. It's filthy, the caregivers are rude and neglectful! Had to consult with the head of nursing twice! Had to threaten to report the air quality to the health department before it finally got fixed! My husband was on a pureed diet. We found a hamburger and fries on his tray! They were disrespectful and were too busy to answer my questions. They acted like they were doing me a favor! They chose the wrong profession! A true nightmare!",1,3/24/2025,,,yelp-yelp,https://www.yelp.com/biz/nspire-healthcare-tamarac-tamarac?adjust_creative=P_TwBYTdY_PDw12TMXrf3w&hrid=xS-WAxGBobOE3zrG6xMgug&utm_campaign=yelp_api_v3&utm_medium=api_v3_graphql&utm_source=P_TwBYTdY_PDw12TMXrf3w
synergyhlthcr-nspire,NSPIRE Healthcare Kendall,9400 SW 137th Ave,Miami,FL,33186-1434,US,2014,,Mike González,"Thank you all for so excelent service and care. You're the best of the best : the therapy personnel ,the helpers crew, the nurses,the cleanning personnel...Thank you and God bless and keep you all.",5,3/14/2025,Thank you for taking the time to write such a nice review!,4/9/2025,gmb,https://maps.google.com/maps?cid=1603705479706553161
synergyhlthcr-nspire,NSPIRE Healthcare Plantation,6931 W Sunrise Blvd,Plantation,FL,33313-4406,US,2013,,Meritan12,I was a patient at Nspire Plantation my stay was impressive and everyone was very nice  and all departments I give 💯 .. I recommend any one to consider this facility. The therapy program is remarkable. Thanks to all of you  for excellent service 🙏. I appreciate you.,5,3/11/2025," We really appreciate that you took the time to share your experience with us, and we value your opinion. Thank you for the kind words!",3/13/2025,gmb,https://maps.google.com/maps?cid=532821204325464843
synergyhlthcr-nspire,NSPIRE Healthcare Lauderhill,2599 NW 55th Ave,Lauderhill,FL,33313-2443,US,2010,,Hank Hsu,"Im.very happy for the staff. Nadine, Maxime and Verline are amazing. Tiffany the nurse is good too. This is a nice place to have your relatives.",5,3/10/2025," We really appreciate that you took the time to share your experience with us, and we value your opinion. Thank you for the kind words!",3/13/2025,gmb,https://maps.google.com/maps?cid=11701062337551936383
synergyhlthcr-nspire,NSPIRE Healthcare Kendall,9400 SW 137th Ave,Miami,FL,33186-1434,US,2014,,robert horner,Most of the staff are very accommodating.,4,3/7/2025," We really appreciate that you took the time to share your experience with us, and we value your opinion. Thank you for the kind words!",3/13/2025,gmb,https://maps.google.com/maps?cid=1603705479706553161
synergyhlthcr-nspire,NSPIRE Healthcare Kendall,9400 SW 137th Ave,Miami,FL,33186-1434,US,2014,,Empire Petroleum LLC,Our company provided the fuel service for Nspire healthcare's facilities down in south Florida . The last generator we filled for them was the one on the Kendall facility back in 08/10/2023 . After that we have tried to contact Nspire through email and over the phone to be able to get paid for our service and they have completely ignored us. It has been over two years and they have not yet paid . If you are thinking on doing business with this company Be aware of this type of problems,1,3/6/2025,Thank you for letting us know about this. Feedback helps us understand ways we can improve our services to our community. Please call the Executive Director so we can follow-up with you directly. ,3/13/2025,gmb,https://maps.google.com/maps?cid=1603705479706553161
synergyhlthcr-nspire,NSPIRE Healthcare Miami Lakes,5725 NW 186th St,Hialeah,FL,33015-6019,US,2011,,Glenn,"Everyone from the front office to the nurses and therapists were absolutely fantastic. My mother at 90 years of age, experienced a fractured hip and subsequent surgery, and successful physical therapy would have seemed unlikely or nearly impossible.  However they successfully have her back walking even better prior to her surgery. I would highly recommend Nspire Healthcare in Mami Lakes, FL.",5,3/4/2025," We really appreciate that you took the time to share your experience with us, and we value your opinion. Thank you for the kind words!",3/13/2025,gmb,https://maps.google.com/maps?cid=11088859613584633623
synergyhlthcr-nspire,NSPIRE Healthcare Kendall,9400 SW 137th Ave,Miami,FL,33186-1434,US,2014,,Amy P.,Terrible place! My mom went there to recuperate and died due to the lack of attention when the infection decease doctor failed to visit the center for a whole week or maybe more.,1,3/3/2025,,,yelp-yelp,https://www.yelp.com/biz/nspire-healthcare-kendall-miami?adjust_creative=P_TwBYTdY_PDw12TMXrf3w&hrid=dDU_Dn23MtPosLg8MeMEaQ&utm_campaign=yelp_api_v3&utm_medium=api_v3_graphql&utm_source=P_TwBYTdY_PDw12TMXrf3w
synergyhlthcr-nspire,NSPIRE Healthcare Miami Lakes,5725 NW 186th St,Hialeah,FL,33015-6019,US,2011,,Laura Bailey,"My aunt was sent here after her release from the hospital. After reading the reviews I was very skeptical about this place but I was pleasantly surprised.  I was afraid no one spoke English and it was dirty but this was not the case. The facility is dated but very clean.  Never smelled urine or feces.  The staff was very nice, caring, knowledgeable her bed was always made up.  Food looked decent although I brought in lunch and wheeled her to the dining room so I could eat with her. She was there for a month and it was a great expenitence!",4,3/3/2025,We really appreciate that you took the time to share details about your recent visit to our care center. We will be sharing your review with the care community.,3/4/2025,gmb,https://maps.google.com/maps?cid=11088859613584633623
synergyhlthcr-nspire,NSPIRE Healthcare Kendall,9400 SW 137th Ave,Miami,FL,33186-1434,US,2014,,Lysette Hernandez,"(Translated by Google) I went for a replacement, I was there for a month and I came out with sasna... the treatment of the nurses, Yamilin, Yohanca, Carmen, was very good, the best thing they have is the therapy... I complained to Dr. De lnspire about the itching and he told me it was nothing, when I left there I went to my doctor, she analyzed me and told me it was sasna... I wasn't the only one, several patients complained about the same thing...

(Original)
Fui por un replacement , estuve un mes y sali con sasna....el trato de las enfermeras , Yamilin, Yohanca, Carmen, muy bueno, lo mejor q tiene es lq terapia...me queje con el Dr. De lnspire de la picazon y me dijo q no era nada, cuando sali de ahi fui a mi Doctora me analizo y me dijo q era sasna... no fui ls unica varios pascientes se quejaban de lo mismo....",1,3/2/2025,Your feedback is very important to us as we use it to improve the service we provide. We'd like to better understand your experience. Please contact the center Executive Director. Thank you.,12/3/2024,gmb,https://maps.google.com/maps?cid=1603705479706553161
synergyhlthcr-nspire,NSPIRE Healthcare Lauderhill,2599 NW 55th Ave,Lauderhill,FL,33313-2443,US,2010,,Akanell French,"Thank you stephie for your amazing service, and the way you help the residents...the building is blessed to have you and we are grateful for all that you do!!!!",5,2/28/2025,We really appreciate that you took the time to share details about your recent visit to our care center. We will be sharing your review with the care community.,3/4/2025,gmb,https://maps.google.com/maps?cid=11701062337551936383
synergyhlthcr-nspire,NSPIRE Healthcare Plantation,6931 W Sunrise Blvd,Plantation,FL,33313-4406,US,2013,,Tony S.,"After placing my loved one at Nspire Healthcare of Plantation, I was deeply disappointed by the consistently poor quality of care.                                                                 

I was impressed by my initial visit at Nspire Healthcare Facility the walk-through went well. As the days passed by,

 I begin to notice many of things not being done as stated by the D.O.N.. As a family member of a resident it made me very unhappy to witness the care they received. 

 I witness for several days of inadequate hygiene practice on my loved one (Their diaper wasn't changed in 7 hrs) every other day. Also, inadequate staffing of CNA (nurses aide) seemed very short staffed especial on second shift  and weekends  (the CNA needs some etiquette classes) this reflects on the whole staff.",2,2/21/2025,,,yelp-yelp,https://www.yelp.com/biz/nspire-healthcare-plantation-plantation?adjust_creative=P_TwBYTdY_PDw12TMXrf3w&hrid=aq7_VfixLzMzTh5HU9sUbg&utm_campaign=yelp_api_v3&utm_medium=api_v3_graphql&utm_source=P_TwBYTdY_PDw12TMXrf3w
synergyhlthcr-nspire,NSPIRE Healthcare Miami Lakes,5725 NW 186th St,Hialeah,FL,33015-6019,US,2011,,M C,"This place should of been shut down by the Health dept, CMS, AHCA or the State of Florida! Do not send someone you love here no matter what!!! In 2020 my mother was neglected to the point of getting severe bed sores. Since we were in covid lockdown, I wasn't able to visit her and she was sent to the hospital and died a week later. 💔 Horrific 😰😭",1,2/4/2025,"We have passed your feedback on to the  management team. We value your feedback and take your concerns seriously. If you would like to discuss your experience further, please call the Executive Director directly. Thank you.",2/13/2025,gmb,https://maps.google.com/maps?cid=11088859613584633623
synergyhlthcr-nspire,NSPIRE Healthcare Kendall,9400 SW 137th Ave,Miami,FL,33186-1434,US,2014,,Themis Perez,"I think this place deserves more credit, Since arriving my grandfather was treated very nicely and the nurses and doctors maintain a positive outlook on his situation. I think some of the reviewers seem very entitled, often there is so many patients for one nurse and in a split second something can happen, but you have to be realistic because that happens anywhere and no center is going to be watching anyone 24/7. The nurses that attend my grandfather are very careful and check up on him frequently and have helped us a lot, the social worker helped us find a good center that will attend to my grandfather even after he leaves, I think you do need to be there to check up on them but that is honestly expected. The staff have been wonderful and have kept us sane with our situation. The team is much more personal with their patients and try their best to make sure everyone gets what they need.",5,1/31/2025,We really appreciate that you took the time to share details about your recent visit to our care center. We will be sharing your review with the care community.,2/13/2025,gmb,https://maps.google.com/maps?cid=1603705479706553161
synergyhlthcr-nspire,NSPIRE Healthcare Tamarac,5901 NW 79th Ave,Tamarac,FL,33321-4639,US,2012,,Danielle,"Day 1
My Dad got there last night, my sister found him this morning, barefooted (on those filthy floors), half naked in a common area, bent over until his head was almost touching his knees shivering.  He had not had breakfast (while the other residents had) and was almost unresponsive.  My sister had to literally pick his head up... we have pictures & video of it all.   I will continue to leave a review everyday about his care at this home.   As everyone can see I'm a Local Guide and have NEVER given any business a 1 star review.
Day 1....God help us 🙏🏽 😢 😔🥺",1,1/30/2025,"We have passed your feedback on to the  management team. We value your feedback and take your concerns seriously. If you would like to discuss your experience further, please call the Executive Director directly. Thank you.",2/13/2025,gmb,https://maps.google.com/maps?cid=15546200343318802219
synergyhlthcr-nspire,NSPIRE Healthcare Plantation,6931 W Sunrise Blvd,Plantation,FL,33313-4406,US,2013,,Adriana Christie,"It took me to long to review because I forgot or just busy !

I love this place, my mom was there last year and he nurses and the aid’s we’re  amazing except for a couple them! But after discussing the issues with Sheldon and the director the issues were solved right away! The food it’s great and the place is very clean! I highly recommended them 🙏🙏🙏",5,1/23/2025,We really appreciate that you took the time to share details about your recent visit to our care center. We will be sharing your review with the care community.,2/13/2025,gmb,https://maps.google.com/maps?cid=532821204325464843
synergyhlthcr-nspire,NSPIRE Healthcare Tamarac,5901 NW 79th Ave,Tamarac,FL,33321-4639,US,2012,,Kristina S.,"This facility has fallen apart since the new owners took over. My mother was placed here for recovery after a hip replacement a few years ago. So recently when she needed to recover from a broken pelvis we naturally picked some place she had been that had good care. This time was completely different. The staff were rude, they wouldn't even acknowledge you when asking a question. The facility is filthy. We had trouble getting the smallest thing, such as a cup of water. I was told there were not more clean cups. When asking for a cup of coffee in the morning the nurse told my mothers she could on have coffee on Mondays. My mother went several days without receiving her medication ( which I thought was odd since they were billing the insurance for it) it wasn't until I spoke to the director of nursing she finally started getting her medication. They served spoiled sandwiches and dirty water to their patients. The staff is careless, rude, and borderline abusive. Please do not bring your loved ones here.",1,1/21/2025,,,yelp-yelp,https://www.yelp.com/biz/nspire-healthcare-tamarac-tamarac?adjust_creative=P_TwBYTdY_PDw12TMXrf3w&hrid=LI6HAVz7Y5QSqQCFN5eMUg&utm_campaign=yelp_api_v3&utm_medium=api_v3_graphql&utm_source=P_TwBYTdY_PDw12TMXrf3w
synergyhlthcr-nspire,NSPIRE Healthcare Plantation,6931 W Sunrise Blvd,Plantation,FL,33313-4406,US,2013,,MJ ajani,"My mom was here for a very short stay after a hospital stay. I wanted to say thank you to Sheldon Rose, the social worker. He was very helpful with taking care of my. mom. Thank you Sheldon for your assistance and guidance.",4,1/21/2025,We really appreciate that you took the time to share details about your recent visit to our care center. We will be sharing your review with the care community.,2/13/2025,gmb,https://maps.google.com/maps?cid=532821204325464843
synergyhlthcr-nspire,NSPIRE Healthcare Kendall,9400 SW 137th Ave,Miami,FL,33186-1434,US,2014,,mary fran,,5,1/15/2025,Thank you for sharing your rating with us!,1/17/2025,gmb,https://maps.google.com/maps?cid=1603705479706553161
synergyhlthcr-nspire,NSPIRE Healthcare Kendall,9400 SW 137th Ave,Miami,FL,33186-1434,US,2014,,Timothy Hutchins,"Upon entering the facility and after reading the existing reviews, I find their opinions completely off based. Sure the site needs an uplift and the carpet needs replacement, however I'm not here expecting a five star accommodations. The importance is the medical attention I need to successfully recover. All the staff have been very friendly, accommodating and professional. Food has been very good. Overall I enjoyed my rehab experience.",4,1/14/2025,Thank you for sharing your rating with us!,1/17/2025,gmb,https://maps.google.com/maps?cid=1603705479706553161
synergyhlthcr-nspire,NSPIRE Healthcare Kendall,9400 SW 137th Ave,Miami,FL,33186-1434,US,2014,,Angie Escobar,"Please DO NOT bring your loved ones here. I could say so many negative facts about this place but I will keep it short as will never have enough space to type all that is so wrong here.
First of all , it is absolutely filthy and unsanitary. The smell of mold and the condition of the patients rooms is disturbing. The care is AWFUL. If the call button happens to be functioning and your loved one calls for any kind of assistance,  they will legitimately take 3 or 4 hours before anyone comes to help them, if anyone even comes at all.
The staff is under qualified and careless. Constantly playing on their phones, laughing and joking amongst themselves while patients are in need of help. Completely dismissing the patients.
The level of neglect in here is beyond words. I truthfully do not understand how this place hasn’t been shut down. I was forced to call 911 to have my dad looked at by the paramedics. My father had been calling for a nurse for hours and hours and no one came to him. He called me and my husband to ask for help, my husband and I called INSPIRE over 20 times and no one ever answered the phone so we immediately took action and called an ambulance who instantly transported him to a hospital due to the condition this facility caused my father to be in. I cannot express the disgust and disappointment I have with this abomination of a facility. As a former medical professional i wholeheartedly encourage anyone thinking about this “rehab” location for a loved one to absolutely under no circumstances bring them here.",1,1/12/2025,We value your feedback and take your concerns seriously. We have shared this review with the Executive Director. Thank you.,1/17/2025,gmb,https://maps.google.com/maps?cid=1603705479706553161
synergyhlthcr-nspire,NSPIRE Healthcare Plantation,6931 W Sunrise Blvd,Plantation,FL,33313-4406,US,2013,,Michael Buckit Stewart Jr.,Nice place,5,1/10/2025,Thank you for sharing your rating with us!,1/17/2025,gmb,https://maps.google.com/maps?cid=532821204325464843
synergyhlthcr-nspire,NSPIRE Healthcare Lauderhill,2599 NW 55th Ave,Lauderhill,FL,33313-2443,US,2010,,Sandra Ramirez-Ramos,"My experience at Nspire Lauderhill has been amazing!!! Everyone here is extremely diligent, and dedicated and professional. I have noticed most of the residents that are housed on my mom's wing are dropped off by their families and rarely visited which is heartbreaking for me to see.",5,1/8/2025,Thank you for sharing your rating with us!,1/17/2025,gmb,https://maps.google.com/maps?cid=11701062337551936383
synergyhlthcr-nspire,NSPIRE Healthcare Miami Lakes,5725 NW 186th St,Hialeah,FL,33015-6019,US,2011,,El Nica Barbershop,"If I could leave ZERO stars I would. My father was transferred here from the hospital. Worst decision ever.

Place is super dated, and dirty. As a Hispanic, I understand why the Spanish speaking is around until they have to take care of one of your love ones. They are not trained in this country and cannot run this facility. I just removed my father from this place.

Worst thing about this whole situation is that the {owner) keeps responding to all these bad reviews with the same copy and paste message. Nothing has been done.

RUN FROM THIS PLACE WHILE YOU STILL CAN",1,1/6/2025,We value your feedback and take your concerns seriously. We have shared this review with the Executive Director. Thank you.,1/17/2025,gmb,https://maps.google.com/maps?cid=11088859613584633623
synergyhlthcr-nspire,NSPIRE Healthcare Plantation,6931 W Sunrise Blvd,Plantation,FL,33313-4406,US,2013,,Anonymous,This is an embarrassment for Healthcare. Run and find some other place that cares about human life. It seems like reviews don't help to get this place shut down. The owner should be held accountable for running this dump.,1,1/2/2025,We value your feedback and take your concerns seriously. We have shared this review with the Executive Director. Thank you.,1/17/2025,gmb,https://maps.google.com/maps?cid=532821204325464843
