Account,Business Name,Address,City,State,Postal Code,Country,Storecode,Tags,Reviewer Name,Review,Rating,Date Posted,Reply,Date Replied,Vendor,URL
synergyhlthcr-avardis,Jamestown Health and Rehabilitation,1811 Jamestown Rd,Williamsburg,VA,23185-2326,US,2658,,Joyce Agard-Jones,"The one star is for the nursing staff, aides and ancillary personnel who attended my husband during his stay for rehabilitation.  They were kind and caring, working under extremely challenging conditions. They should actually get medals! However, the physician and nurse practitioner assigned to the facility were terrible, showing little or no interest in my husband during his almost three week stay. Mainly because they only saw him once (the doctor) and twice (the NP), despite my requests to meet with them. They never saw or acknowledged and thus ignored, my husbabd’s rapid decline.  The doctor never saw him after the initial “admitting assessment”—actually telling me, as I cornered him in the hallway,  that he “didn't want to get into the NPs lane.”  It made me question his driving ability. The facility is shabby and depressing.  It was recently purchased from another company (whose reputation was awful)and instead of closing it down and at least painting the rooms, they obviously just changed the locks. The rooms were “furnished” with what  looked as if they had just backed a truck up to a Goodwill store and took whatever they had. The walls had gouges in them where the previous beds and equipment had been ripped out.  The beds were old.  There were days the toilet backed up and brackish water would just sit.  The food was as unappealing as I’ve ever seen.  There were times when the entree was unrecognizable.  The “menu” was laughable since many times the stated food was “unavailable”.  One night they forgot to bring his dinner. One of the staff warned me to “get him out of here as soon as you can.” By that time it was too late.  To my eternal regret, my husband died there. He deserved better. Much better.",1,1/31/2026,,,gmb,https://maps.google.com/maps?cid=2496657677262714810
synergyhlthcr-avardis,Westwood Health and Rehabilitation,625 Ashland St,Archdale,NC,27263-2943,US,2552,,Jennifer,,1,1/30/2026,,,gmb,https://maps.google.com/maps?cid=8729691537125028428
synergyhlthcr-avardis,The Manor at St. Luke Village,1711 East Broad Street,Hazelton,PA,18201-5697,US,2604,,Melissa Delregno,"My father was discharged from St Luke’s Manor in Hazleton PA only to have the facility need to call an ambulance and get taken to the ER. Prior to this even happening, the worker at the facility looked at the his personal home nurse who was there to pick him up and take him home asked “are you going to take him? What do you want me to do”. You call an ambulance is what you do.
His room had an outlet hanging out of the wall which is a fire hazard. I had to call director of nursing to order a Doppler to be done since the two previous nurses I asked said they would, and never did. He lost a decent amount of weight and his nutrition went downhill. I would not recommend this facility to anyone and it’s a disgrace how the elderly are not taken care of properly. Dentures were never cleaned. Bed was made sometimes. He ended up being admitted to the hospital and has a UTI that is sepsis’s Google it, an untreated UTI! He will never be coming back there!",1,1/30/2026,,,gmb,https://maps.google.com/maps?cid=15792902854454127792
synergyhlthcr-avardis,Courtyard Health and Rehabilitation,501 S Locust St,McComb,MS,39648-4336,US,2506,,angela jackson,Shitty place they let patients fall out of beds don’t even check on them till the next day and nasty on inside about to have a lawsuit,1,1/29/2026,,,gmb,https://maps.google.com/maps?cid=15418050129558257653
synergyhlthcr-avardis,Biltmore Haven Nursing and Rehabilitation,3864 Sweeten Creek Rd,Arden,NC,28704-3136,US,2561,,Robert Vedo,"I am a resident here ,going by my experience's of being in other facilities.this place is great ,staff is great, hygiene great.other places smell like soiled diaper pails.physical therapy is great,nurses ,house keeping,laundry ,kitchen staff,transportation,all great thank You",5,1/29/2026,Many thanks for the 5-star review! We genuinely value your support and feedback.,2/3/2026,gmb,https://maps.google.com/maps?cid=16957879690051259397
synergyhlthcr-avardis,Newport News Nursing and Rehabilitation,12997 Nettles Dr,Newport News,VA,23602-6913,US,2654,,Douglas Wolff,I had a great skilled stay. Everyone went above and beyond. Everyone deserves a raise! Thanks for getting me back on my feet and back to work!,5,1/29/2026,Thank you for the 5-star rating! We are committed to helping every person in our care reach new heights. Your support means the world to our team!,2/3/2026,gmb,https://maps.google.com/maps?cid=2324153722059615782
synergyhlthcr-avardis,Hibriten Mountain Nursing and Rehabilitation,2030 Harper Ave NW,Lenoir,NC,28645-4953,US,2557,,Missy Brown Lail,Dedicated staff that care about the residents.  Great wound care; excellent providers that come to the facility.,5,1/29/2026,Many thanks for the 5-star review! We genuinely value your support and feedback.,2/3/2026,gmb,https://maps.google.com/maps?cid=11623040022405330618
synergyhlthcr-avardis,Ocean Springs Health and Rehabilitation Center,1199 Ocean Springs Rd,Ocean Springs,MS,39564-3421,US,2019,,Marilyn Faulk,All the therapist all have been so sweet i'm kind and so loving and caring.I have enjoyed being here and having them to work with reading to get stronger.You could not ask for a better team.And I love them all very much,5,1/28/2026,,,gmb,https://maps.google.com/maps?cid=9456388844909393569
synergyhlthcr-avardis,Ocean Springs Health and Rehabilitation Center,1199 Ocean Springs Rd,Ocean Springs,MS,39564-3421,US,2019,,Patricia Hebert,They did great I enjoy being with them I'm going to miss them all real good,5,1/28/2026,,,gmb,https://maps.google.com/maps?cid=9456388844909393569
synergyhlthcr-avardis,King's Daughters Community Health and Rehabilitation,1410 N Augusta St,Staunton,VA,24401-2401,US,2653,,patricia driver,"Horrible place!  Understaffed,  untrained help. Two people in a very small space. Couldn't find help. Room was like being in a thrift store. Furniture should have been thrown in the trash. Do not put your loved one here. Social worker should never give this place out at the hospital. We were not aware of the condition of this place. I blame our government for letting places like this remain open.
Please investigate.",1,1/27/2026,,,gmb,https://maps.google.com/maps?cid=11489819334989089200
synergyhlthcr-avardis,Kannapolis Health and Rehabilitation,1810 Concord Lake Rd,Kannapolis,NC,28083-6434,US,2559,,Susan Ward,"Anyone that wants to put their family members in this facility,please think again. No one in the facility cares for patients. In 3 month period my uncle felt and broke his hip and  he had to have surgery then , his intestines busted up after they knew he had a stomach issue and they didn’t watch the problem and then he had the have major surgery again 10 days later after hip surgery. He couldn’t eat and nurses wouldn’t tell me anything and I would find out Thur other staff. And today I am planning my uncle funeral. Also after I was thinking the 2 years that he was there they went to 4 social workers and I don’t know how many cna and 3 administrators and 2 director of nursing. And now a new name for the place because it used to be called Transitional health and rehabilitation.",1,1/27/2026,,,gmb,https://maps.google.com/maps?cid=7027852096343372988
synergyhlthcr-avardis,Kannapolis Health and Rehabilitation,1810 Concord Lake Rd,Kannapolis,NC,28083-6434,US,2559,,Nekosha Reid,Kannapolis Health and Rehab great teamwork during the severe weather.,5,1/26/2026,Many thanks for the 5-star review! We genuinely value your support and feedback.  It is nice to hear that our hard work during this winter storm is recognized.  ,1/27/2026,gmb,https://maps.google.com/maps?cid=7027852096343372988
synergyhlthcr-avardis,Grayson Health and Rehabilitation,400 S Independence Ave,Independence,VA,24348-3972,US,2652,,Travis Byrd,They provided fantastic care for my father. Kaylee was one of his main nurses and would always reach out to me if something was going on. I couldn't have asked for a better facility or care team for my dad. I know he was at peace here until the end.,5,1/26/2026,We sincerely appreciate your 5-star review. Thank you for trusting us with your father’s care — it’s a responsibility we never take lightly. Your kind words are very meaningful to our team.,1/27/2026,gmb,https://maps.google.com/maps?cid=9789831590765290544
synergyhlthcr-avardis,Jamestown Health and Rehabilitation,1811 Jamestown Rd,Williamsburg,VA,23185-2326,US,2658,,Sybil Tompkins,on or about December 19 2025 for my wife due the health concerns to this facility and being in a facility my self I was very curious about this place we were truly amazed with these people and both of us had big careers and both of us had a nice experience here the people here were friendly and had a lot of smart I would not hesitate to recommend this place thank you.,5,1/26/2026,Thank you for your thoughtful review and for trusting us with your wife’s care. We’re especially honored by your kind words given your own experience in healthcare. It means so much to know you both felt welcomed and well cared for. Your recommendation is truly appreciated.,1/27/2026,gmb,https://maps.google.com/maps?cid=2496657677262714810
synergyhlthcr-avardis,Kannapolis Health and Rehabilitation,1810 Concord Lake Rd,Kannapolis,NC,28083-6434,US,2559,,Coleen Kowalski,Great team here at Kannapolis Health and Rehabilitation! The staff all working together during the winter storm to ensure the residents were taken care of. The Administrator cooked for the staff so that they were taken care of as well. What a positive and caring group folks.,5,1/25/2026,"Thank you for the wonderful 5-star review! We’re so proud of our Kannapolis team and their dedication to our residents, especially during challenging conditions like the winter storm. It truly takes teamwork, compassion, and commitment to ensure everyone is cared for, and we’re grateful to this team. ",1/27/2026,gmb,https://maps.google.com/maps?cid=7027852096343372988
synergyhlthcr-avardis,Kannapolis Health and Rehabilitation,1810 Concord Lake Rd,Kannapolis,NC,28083-6434,US,2559,,Deborah Roberts,Awesome teamwork for the Kannapolis team during the severe weather,5,1/25/2026,Many thanks for the 5-star review! We genuinely value your support and feedback.,1/27/2026,gmb,https://maps.google.com/maps?cid=7027852096343372988
synergyhlthcr-avardis,Ghent Health and Rehabilitation,3900 Llewellyn Ave,Norfolk,VA,23504-1203,US,2655,,Edward Spencer,Wonderful environment the staff is very friendly the place is very clean Ticia is very friendly Wonderful staff,5,1/23/2026,"Thank you for the 5-star review! We’re so glad you noticed our friendly team and clean, welcoming environment. We’ll be sure to share your kind words with Ticia and the staff — it means a lot to all of us.",1/27/2026,gmb,https://maps.google.com/maps?cid=10233776105323789694
synergyhlthcr-avardis,Kannapolis Health and Rehabilitation,1810 Concord Lake Rd,Kannapolis,NC,28083-6434,US,2559,,Lashay Barnes,I appreciate the care that was provided to my love one at this facility. The staff were very caring and helpful. Anything we needed was provided. Would highly recommend.,5,1/22/2026,Thank you for your kind words and recommendation. We’re grateful for the opportunity to care for your loved one and are so glad our team was able to provide the support and compassion you needed. Your feedback means a great deal to us.,1/27/2026,gmb,https://maps.google.com/maps?cid=7027852096343372988
synergyhlthcr-avardis,Pheasant Ridge Nursing and Rehabilitation,4355 Pheasant Ridge Rd,Roanoke,VA,24014-5272,US,2656,,Jennifer Martin,My daddy is here to get help to stand and walk physical therapy are great but the nurse are not bc they keep taking my daddy call button bc he needs help or Diaper change,1,1/22/2026,"We're truly sorry to see a 1-star rating. Your experience matters to us, and take all concerns and feedback seriously. Please contact us directly so we can listen, learn, and work to make things right.",1/27/2026,gmb,https://maps.google.com/maps?cid=1982640372297032831
synergyhlthcr-avardis,Jamestown Health and Rehabilitation,1811 Jamestown Rd,Williamsburg,VA,23185-2326,US,2658,,WWH Sutherland,"My sister was transported to Jamestown Rehabilitation after a few stays at a local hospital.  We have had other relatives stay there years before and were not exceptionally pleased with their care. However, my sister’s care was professional, gentle, encouraging and  supportive. I was there several times and the staff respected our time but checked in frequently to see if anything was needed.
Yes, it’s an older facility but it’s clean and the staff is great. Don’t hesitate to secure your loved one there and visit often.",5,1/21/2026,"Thank you for giving us the opportunity to care for your sister and for sharing your experience. We’re so glad to hear our team provided supportive, professional care and made you feel respected during your visits. Your trust and recommendation mean a lot to us",1/27/2026,gmb,https://maps.google.com/maps?cid=2496657677262714810
synergyhlthcr-avardis,Kannapolis Health and Rehabilitation,1810 Concord Lake Rd,Kannapolis,NC,28083-6434,US,2559,,Katana Jefferies,"Over the past couple of weeks, Kannapolis Health and Rehabilitation has shown a positive shift with more supportive leadership, improved communication, and a more welcoming atmosphere.",5,1/20/2026,Many thanks for the 5-star review! We genuinely value your support and feedback.,2/3/2026,gmb,https://maps.google.com/maps?cid=7027852096343372988
synergyhlthcr-avardis,Wilora Lake Healthcare,6001 Wilora Lake Rd,Charlotte,NC,28212-2833,US,2565,,MaryLou Kuklentz,Miracle is wonderful CNA. She provides care above and beyond expectations.,5,1/20/2026,Thank you for the 5-star review! We’re so glad to hear Miracle made such a positive impact — we’ll be sure to share your kind words with her. Providing exceptional care is what our team strives for every day.,1/27/2026,gmb,https://maps.google.com/maps?cid=12883400636958841292
synergyhlthcr-avardis,Wellington Rehabilitation and Healthcare,1000 Tandal Pl,Knightdale,NC,27545-8842,US,2563,,Meko Ward,"I have a friend in there, he is there for rehab, the service is horrible, if you ask a question it like you are bothering them, it took them 3 days to get clean towel and it’s no hot water on his hall, if you love your love ones, please don’t put them here.",1,1/17/2026,"We're truly sorry to see a 1-star rating. Your experience matters to us, and take all concerns and feedback seriously. Please contact us directly so we can listen, learn, and work to make things right.",1/27/2026,gmb,https://maps.google.com/maps?cid=3886324912718004434
synergyhlthcr-avardis,Wilora Lake Healthcare,6001 Wilora Lake Rd,Charlotte,NC,28212-2833,US,2565,,Jordan Manuel,,5,1/17/2026,Thank you for the 5-star rating! We are committed to helping every person in our care reach new heights. Your support means the world to our team!,2/3/2026,gmb,https://maps.google.com/maps?cid=12883400636958841292
synergyhlthcr-avardis,Forrest Oakes Healthcare,620 Heathwood Dr,Albemarle,NC,28001-8604,US,2550,,DeDe Parker,I have worked with many DONs but I cannot fail to mention the DON at Forrest Oaks who goes above and beyond to ensure that her staff are taken care of but most importantly the residents are always put first and that their care is a priority. There’s never been a time that I was there where she did not make herself available.,5,1/16/2026,"Thank you for such thoughtful recognition. We’re proud of the leadership at Forrest Oaks and grateful you’ve seen firsthand the dedication to both staff support and resident care. Our team works hard to stay present and responsive, and your kind words mean a great deal.",1/27/2026,gmb,https://maps.google.com/maps?cid=6137009337062248888
synergyhlthcr-avardis,Biltmore Haven Nursing and Rehabilitation,3864 Sweeten Creek Rd,Arden,NC,28704-3136,US,2561,,Ncreviewer,I been here one night i can tell you as a patient they do not not care about there patients they told me i could take a bath on monday i got here on thursday do you know how many germs i could of gotten from mission! Secondly i have a severe food alergy in which i am on medication for pancreatis my dr has informed me to only drink almond third which is the big one i was sent here from mission on low oxgen which they went 14 hrs without checking only one nurse asked me if i wanted ice and i had to ask for my hospital braclet to be cut off after 5 hrs of being here and could i rest easy no i heard a woman yelling all night for help and not once did a nurse go and help her !This place should be shut down !!!also didnt offer my night meds or even a inhaler this place should be investigated !!!,1,1/16/2026,We’re very sorry to hear this and take your concerns seriously. Your comments have been shared with the team. Please reach out to the Administrator or Director of Nursing so we can address this immediately. Your safety and well-being matter to us.,1/27/2026,gmb,https://maps.google.com/maps?cid=16957879690051259397
synergyhlthcr-avardis,Wellington Rehabilitation and Healthcare,1000 Tandal Pl,Knightdale,NC,27545-8842,US,2563,,Jeannette Jordan,,5,1/16/2026,Thank you for the 5-star rating! Your support means the world to our team!,2/3/2026,gmb,https://maps.google.com/maps?cid=3886324912718004434
synergyhlthcr-avardis,Wilora Lake Healthcare,6001 Wilora Lake Rd,Charlotte,NC,28212-2833,US,2565,,Ivory Rose,"I found the facility very clean. The nurses and cna’s were very good. A special shout out to nurses Cam, Louise and TT. The cna’s very nice and helpful. The main thing I would change is the food. Also Q was top notch explaining meds etc. They need to address specific dietary needs and the food needs to drastically improve. I craved meat and I sure didn’t get much and what I did get wasn’t quality. The food is the only thing stopping a 5 star rating.",4,1/15/2026,Thank you for the 4-star rating and your feedback! We appreciate your support and are always looking for ways to elevate the care experience. ,1/16/2026,gmb,https://maps.google.com/maps?cid=12883400636958841292
synergyhlthcr-avardis,Newport News Nursing and Rehabilitation,12997 Nettles Dr,Newport News,VA,23602-6913,US,2654,,Dawn Beale (Dawne7),She makes you feel relax during changing,5,1/13/2026,Many thanks for the 5-star review! We genuinely value your support and feedback.,1/16/2026,gmb,https://maps.google.com/maps?cid=2324153722059615782
synergyhlthcr-avardis,Jamestown Health and Rehabilitation,1811 Jamestown Rd,Williamsburg,VA,23185-2326,US,2658,,Montice Fenton,I wouldn’t put my dog in this facility. The nurses and staff are unprofessional and not properly trained at all. Do not place your loved one here.,1,1/12/2026,"We're truly sorry to see a 1-star rating. Your experience matters to us, and take all concerns and feedback seriously. Please contact us directly so we can listen, learn, and work to make things right.",1/16/2026,gmb,https://maps.google.com/maps?cid=2496657677262714810
synergyhlthcr-avardis,Grand Trace Health and Rehabilitation,555 John R Junkin Dr,Natchez,MS,39120-4709,US,2505,,Manley Walden,Idontwishthisplaceonmyworstenemy,1,1/10/2026,"We're truly sorry to see a 1-star rating. Your experience matters to us, and take all concerns and feedback seriously. Please contact us directly so we can listen, learn, and work to make things right.",1/16/2026,gmb,https://maps.google.com/maps?cid=13703202206434671051
synergyhlthcr-avardis,Westwood Health and Rehabilitation,625 Ashland St,Archdale,NC,27263-2943,US,2552,,Sara Poindexter,,5,1/9/2026,Thank you for the 5-star rating! Your support means the world to our team!,2/3/2026,gmb,https://maps.google.com/maps?cid=8729691537125028428
synergyhlthcr-avardis,Ashland Nursing and Rehabilitation,906 Thompson Street,Ashland,VA,23005-1128,US,2650,,Jordan,"Terrible conditions.  Many Jails and prisons are better. Wires hanging from the ceiling.
Toilet leaks water all over the floor when flushed. Rotting walls and floors.
Nurses quickly turn off call lights and come back when they can. Might be an hour, or not at all. I’ll be filing a complaint with OHSA and whatever healthcare authorities are appropriate.",1,1/8/2026,,,gmb,https://maps.google.com/maps?cid=11144595113974665893
synergyhlthcr-avardis,Newport News Nursing and Rehabilitation,12997 Nettles Dr,Newport News,VA,23602-6913,US,2654,,Dana Loper,"My loved one was well looked after here. The staff was friendly and attentive. Housekeeping was EXCELLENT! Nursing was top notch! Therapy was excellent as well! It's hard in an industry that is so short staffed nationwide to always hit all the marks but Newport News Nursing Health and Rehab strives hard! Thank you for taking great care of my friend who is like family.
God bless you all!",4,1/8/2026,Thank you for the 4-star rating! We appreciate your kind words and will share them with the Center team.,1/16/2026,gmb,https://maps.google.com/maps?cid=2324153722059615782
synergyhlthcr-avardis,Westwood Health and Rehabilitation,625 Ashland St,Archdale,NC,27263-2943,US,2552,,Carlos Lopez,"My sister spent 3 days at Westwood following her recent hospital stay. The thing I was most impressed with was the genuine care exhibited by the team members I interacted with. From Jasmine (our first nurse) who tracked down a nice dinner since we arrived late to Eulith (PT) who worked encouragingly with my sister to Nicole (Admissions) who did extra work and stayed late on a Friday evening to help us get my sister discharged so she could return home, that’s a culture any business would be proud of!",4,1/7/2026,Thank you so much for your kind words. We are committed to person-centered care and compassionate service. It's our goal to ensure every individual and family feels valued and supported.  We will pass along your feedback to our Center team.,1/16/2026,gmb,https://maps.google.com/maps?cid=8729691537125028428
synergyhlthcr-avardis,The Pavilion at St. Luke Village,1000 Stacie Drive,Hazelton,PA,18201-5689,US,2605,,Theresa PETRILLA,,5,1/7/2026,,,gmb,https://maps.google.com/maps?cid=9560539739024854864
synergyhlthcr-avardis,Willowbrook Rehabilitation and Care,333 E Lee Ave,Yadkinville,NC,27055-8132,US,2564,,Cindy Dudley,"Extrememly disappointed! My husband was admitted through the VA for respite care while I (wife and caregiver) took a trip to see my family.

I chose this facility because it was the closer to our home and it had a 5 star rating. I was so looking forward to some rest and relaxation knowing he would be well cared for.

I supplied Willowbrook with plenty of snacks so he would have food to eat if he didn’t like the meal that was offered. Also, left instructions for how meds were to be administered. I left detailed notes to help staff know what he likes and dislikes and how they can help make him happy.

I called everyday to check on him. I could tell he was unhappy and he wanted to go home. That broke my heart and I would hang up just worrying about how he was being treated.

A couple weeks in to the stay I got a call he fell out of bed. He has never fallen out of bed. I was informed of this and that he was not injured. I later found out he fell a second time and I never was informed of this. I was never notified that he indeed did sustain an injury.

He was to come home on the 5th. What I saw when he arrived was so upsetting. I couldn’t believe he came home with NONE of his belongings. Staff did not check to make sure he left with his clothes, personal belongings and extra food. He came home inappropriately dressed and he was freezing! He obviously had not been looked over to make sure he was adequately dressed. He was favoring his arm and I looked at it and his hand was curled up so tight and his arm was so badly bruised. Why was I not notified? When did this happen? What happened? His hand was numb and it hurt bad. I have instructions to take Tylenol around the clock so he would not be in any pain. I was told her didn’t ask for anything and it was prescribed as PRN. He doesn’t know enough to ask for it due to his declining disease. Was any of my instructions followed through? He was starving and so thirsty when he got home.",2,1/7/2026,"Thank you for sharing your concerns. We’re sorry to hear that your experience did not reflect the level of care and communication you expected. We are actively working to elevate every aspect of the care experience.

Our commitment is to build a culture rooted in accountability, collaboration, and person-centered care—where every individual feels respected, supported, and valued. Feedback like yours is essential to that process. 

Together, we are striving toward new heights in care—and your input plays a meaningful role in that journey.",1/16/2026,gmb,https://maps.google.com/maps?cid=13181415108160796263
synergyhlthcr-avardis,Highfield Nursing and Rehabilitation,6590 Tryon Rd,Cary,NC,27518-7052,US,2554,,Bianca Spencer,"When i arrived in September 5, they handled a problem right away  to get me settled properly. Plus  the cna staff really pulled together to make an awkward  and  difficult situation manageable.  Their wound care team was awesome  they mended me to a healed of my wound.",3,1/5/2026,Thank you for your feedback. We appreciate your support and are dedicated to providing the highest level of care and service.,1/16/2026,gmb,https://maps.google.com/maps?cid=8193990697302986110
synergyhlthcr-avardis,Greenbough Health and Rehabilitation Center,340 Desoto Avenue Ext,Clarksdale,MS,38614-2814,US,2021,,barry Tripplett,I myself personally warn anyone about the director of nursing and the social worker my mother was there the social worker lied to me about getting paperwork filed for my mom to come in live the state that I residence in the social worker lie to the LIE to the administration up here that she was going to do my mother paperwork for a transfer but she repeatedly held back quit answering calls referring back to emails and everything and then when I call she going to tell me that someone have power medical over my mother wish that she could not show proof of anything like that this lady broke hippo law several times and literally laughed my mom have understanding and everything I went and got power turning over my mom the social worker going to tell me that the court of Mississippi will be in trouble cuz they did that this lady is a liar and I don't think she should be making any decision of anybody in the director of nurse she is just awful as well she really don't care I tried calling administrator 52 times left messages in notes,1,1/5/2026,"We're truly sorry to hear that your experience did not reflect the standard of care we aim to deliver. We are committed to a culture of accountability, where every voice matters, especially those of the families we serve. ",1/16/2026,gmb,https://maps.google.com/maps?cid=3835756123400006908
synergyhlthcr-avardis,Wilora Lake Healthcare,6001 Wilora Lake Rd,Charlotte,NC,28212-2833,US,2565,,Stacie Ashe,"This place looks very nice on the outside, but we went through a portal back decades as soon as we went through the door. Staff appeared unhappy to be there. Left with an uneasy feeling.",1,1/2/2026,,,gmb,https://maps.google.com/maps?cid=12883400636958841292
synergyhlthcr-avardis,Woodstock Valley Health and Rehabilitation,803 South Main Street,Woodstock,VA,22664-1125,US,2660,,Alan Carter,HOLY RUDE. Wow absolutely a B.,1,12/30/2025,,,gmb,https://maps.google.com/maps?cid=14295004318862757625
synergyhlthcr-avardis,Starkville Manor Health Care and Rehabilitation,1001 Hospital Rd,Starkville,MS,39759-2125,US,2503,,David Betterton,,5,12/28/2025,,,gmb,https://maps.google.com/maps?cid=10689748702764398361
synergyhlthcr-avardis,Pheasant Ridge Nursing and Rehabilitation,4355 Pheasant Ridge Rd,Roanoke,VA,24014-5272,US,2656,,James Maxey,"Therapy is great 😃 however staffing could use a few ""staff",3,12/27/2025,"Thank you for your rating.  We believe feedback helps us grow. If there's anything we can do to better support you or your loved one, we're here to listen.  Please contact a member of care center team to share your feedback!",12/30/2025,gmb,https://maps.google.com/maps?cid=1982640372297032831
synergyhlthcr-avardis,Jamestown Health and Rehabilitation,1811 Jamestown Rd,Williamsburg,VA,23185-2326,US,2658,,Pillow P,"For anyone thinking of putting there loved ones here. PLEASE READ THIS!!!!!!
My loved one was discharged from VCU and we wanted her to stay local at a rehab facility. The case worker suggested this place. Its the most run down nastiest infested with all sorts of people's pee and poop. Its absolutely disgusting. She ended up getting RSV there. They rarely check on anyone. They dont give their patients the right medicines. They just let them sit in their rooms and practically suffer. Long story short they forced me to call 911 MYSELF in order to get her transported to a hospital for further evaluation and that's how I found out she had got the RSV there. This place should be shut down or needs a serious re adjustment or review by some state board or something. Either way im done with it and I suggest no one puts anyone of there loved one here EVER! Or take your loved ones out if you actually care.",1,12/27/2025,"We're truly sorry to hear that your experience did not reflect the standard of care we aim to deliver. We are committed to a culture of accountability, where every voice matters, especially those of the families we serve. Your feedback is invaluable and will be shared with our leadership team to help us do better. ",12/30/2025,gmb,https://maps.google.com/maps?cid=2496657677262714810
synergyhlthcr-avardis,Kannapolis Health and Rehabilitation,1810 Concord Lake Rd,Kannapolis,NC,28083-6434,US,2559,,Pam Baker,My mom has fallen 3 times she has sores all over legs arms that are infected.  Nurses dont care,1,12/27/2025,"We're truly sorry to see a 1-star rating. Your experience matters to us, and take all concerns and feedback seriously. Please contact us directly so we can listen, learn, and work to make things right.",12/30/2025,gmb,https://maps.google.com/maps?cid=7027852096343372988
synergyhlthcr-avardis,Wellington Rehabilitation and Healthcare,1000 Tandal Pl,Knightdale,NC,27545-8842,US,2563,,Maria Olguin,,5,12/26/2025,,,gmb,https://maps.google.com/maps?cid=3886324912718004434
synergyhlthcr-avardis,Jamestown Health and Rehabilitation,1811 Jamestown Rd,Williamsburg,VA,23185-2326,US,2658,,Jennie Savage,"My sister has been in the York Rehab section for about two weeks now and they are taking good care of her.  PT, OT and Speech Therapists are working with her 5 days a week and she is making good progress. She likes the food and the whole facility is very clean.  All of the staff from the front desk to the nurses (especially Donna) and aides are helpful and professional.  So glad she was able to go there.",4,12/24/2025,"Thank you for your kind words. We are committed to providing person-centered care with compassion and respect. Our goal is to ensure every individual and family feels valued and supported, and your feedback inspires us to continue striving for excellence in the care we provide.",12/26/2025,gmb,https://maps.google.com/maps?cid=2496657677262714810
synergyhlthcr-avardis,Westwood Health and Rehabilitation,625 Ashland St,Archdale,NC,27263-2943,US,2552,,Julie Krawiec,I want to thank all the people on the care team that helped take care of my mother and helped her reach her goal to discharge. I begin with the CNAs who took their time and assisting my mom. Thank you for your kindness. Thank you to the sweetest nurse on Earth that discharged my mom. Thank you to the greatest real Social worker I ever worked with.  Thank you to the dietary department. My mother had no complaints on the food. Thank you therapy for being the driving force for her to be a success. Thank you all. Merry Christmas.,5,12/24/2025,"Thank you for your kind words. We are committed to providing person-centered care with compassion and respect. Our goal is to ensure every individual and family feels valued and supported, and your feedback inspires us to continue striving for excellence in the care we provide.",12/26/2025,gmb,https://maps.google.com/maps?cid=8729691537125028428
synergyhlthcr-avardis,King's Daughters Community Health and Rehabilitation,1410 N Augusta St,Staunton,VA,24401-2401,US,2653,,Tiff Shopaholic,"Beautiful place, kind staff, warm environment. I have to imagine it’s tough for the caregivers but they do a good job keeping people safe and cared for.",5,12/24/2025,"Thank you for your kind words and 5-star review. We are committed to providing person-centered care with compassion and respect. Our goal is to ensure every individual and family feels valued and supported, and your feedback inspires us to continue striving for excellence in the care we provide.",12/26/2025,gmb,https://maps.google.com/maps?cid=11489819334989089200
synergyhlthcr-avardis,King's Daughters Community Health and Rehabilitation,1410 N Augusta St,Staunton,VA,24401-2401,US,2653,,Kylie Snead,,1,12/23/2025,,,gmb,https://maps.google.com/maps?cid=11489819334989089200
synergyhlthcr-avardis,Highfield Nursing and Rehabilitation,6590 Tryon Rd,Cary,NC,27518-7052,US,2554,,alyse taylor,,1,12/23/2025,,,gmb,https://maps.google.com/maps?cid=8193990697302986110
synergyhlthcr-avardis,Ocean Springs Health and Rehabilitation Center,1199 Ocean Springs Rd,Ocean Springs,MS,39564-3421,US,2019,,Mary Nell Watkins,"Great rehabilitation!! Encouraging and inspirational. Even at Christmas, the therapist stayed on task!",5,12/22/2025,Many thanks for the 5-star review! We genuinely value your support and feedback.,12/26/2025,gmb,https://maps.google.com/maps?cid=9456388844909393569
synergyhlthcr-avardis,Westwood Health and Rehabilitation,625 Ashland St,Archdale,NC,27263-2943,US,2552,,Shawnacie Johnson,Enjoy visiting this facility. The Executive Director is always available to meet and talk about any issues. The staff in the facility is always welcoming.,5,12/19/2025,Many thanks for the 5-star review! We genuinely value your support and feedback.,12/26/2025,gmb,https://maps.google.com/maps?cid=8729691537125028428
synergyhlthcr-avardis,Westwood Health and Rehabilitation,625 Ashland St,Archdale,NC,27263-2943,US,2552,,Greg,"This place is not fit for a dog to go to? My Father supposed to stayed there 19 days ? And Thank God my Father only stayed there 17days. Humana took care of the bill? And they are sending us a bill saying we owe $170.  I’m glad that I went there every day and at nights,, I recorded everything that they done to my father he fell down 12 or 14 times in their care. I would not recommend anyone to take their love ones to this place. They are not professional. My Father Larry was sent there May the 2nd of 2025, to the 19th. The last day my father was there and fell down and cut his hand and it was bleeding  bad and they did not clean it or anything. Only Thing these  people care about is getting paid for doing nothing. I was talking to a lady across the other room ? She said that they don’t care if she died in there I felt bad for this lady I knew she was telling me the truth. Because I recorded everything that happened over there. Oh another thing they were letting a guy drink out of the bottle for my Father tube feeding it’s called Jevity complete Balanced Nutrition With fiber 1.5 CAL , 33.8 FL OZ. I have two full bottles I’m going to take it back to them. We do not need any more.  If they want it back. I wasn’t going to say anything about this until they started sending out a bill saying we owe them. If you do have a family member who is there record everything like I did because if they don’t stop sending letters saying that we owe them money. And we do not owe them anything.",1,12/18/2025,"We're truly sorry to see a 1-star rating. Your experience matters to us, and take all concerns and feedback seriously. Please contact us directly so we can listen, learn, and work to make things right.",12/26/2025,gmb,https://maps.google.com/maps?cid=8729691537125028428
synergyhlthcr-avardis,Skyline Nursing and Rehabilitation,237 Franklin Pike SE,Floyd,VA,24091-2893,US,2657,,Donna Edwards,"My mother was transferred to Skyline for rehabilitation from Forsythe Medical Center in Winston Salem, NC.  I had spoken with the person over admissions prior my mother being placed at Skyline.

I was assured the physical and occupational therapy was excellent and they would work with my mother daily to help build her strength and get her to being able to stand and move using a walker.  I could not be there when my mother arrived, but I saw the condition she was in when she left NC.  Each daily I spoke to the unit manager who assured me that she was doing great. I also spoke with my mom every day.  At the beginning, she told me she was doing the therapy and was feeling better.

Nine days in, my brother & niece found her laying on a steel bed frame because the mattress had a defect and wasn’t inflated.  She was laying in soiled bed clothes and had soiled herself.  She had skin tears on her backside from  laying on the bedframe for who knows how long.  Her physical appearance was appalling.  Even though I was told the on call Dr had seen her, she was having a serious reaction to a medication she was given.  She was so weak she couldn’t even stand.  The top layer of skin on her entire body was peeling off, and her arms and legs looked inflamed, miscolored,.  It appeared she suffered from 2nd degree burns.  She was in a great deal of pain. I demanded she be transported to a hospital.  She had spent 6 days fighting for her life.  It will be months before Mom’s skin will heal it self.

I’ve never encountered such a poor excuse for a facility that is responsible for the care of human beings.  My mom has suffered long term effects due to the neglect she experienced at Skyline.  I would not recommend this facility to anyone after seeing  how my mother was treated,  appearances are definitely deceiving.",1,12/17/2025,"We're truly sorry to see a 1-star rating. Your experience matters to us, and take all concerns and feedback seriously. Please contact us directly so we can listen, learn, and work to make things right.",12/26/2025,gmb,https://maps.google.com/maps?cid=6952069171432930945
synergyhlthcr-avardis,Locust Grove Retirement Village,69 Cottage Road,Mifflin,PA,17058-9737,US,2601,,Cody Scott,I used to play music here for the residents when my grandmother and her sister and some other people I've known were residents here. Haven't been in in several years as my grandmother passed in January 2019. The place always seemed clean and staff was always decent to me.,5,12/17/2025,Many thanks for the 5-star review! We genuinely value your support and feedback.,12/17/2025,gmb,https://maps.google.com/maps?cid=2062468255604015227
synergyhlthcr-avardis,Crown Haven Health and Rehabilitation,620 Tom Hunter Rd,Charlotte,NC,28213-5511,US,2558,,Scott Wakefield,"Crown Haven Health was clean, and the staff was very helpful and knowledgeable about how to care for my paralyzed brother. They are taking great care of him as he is learning to use his body after a bad accident.  They are kind, gentle, and thorough in their work with Jim. I’m very glad he is there, surrounded by such a good staff!!",5,12/16/2025,Thank you for the 5-star rating! We are committed to helping every person in our care reach new heights. Your support and kind words mean the world to our team!,12/17/2025,gmb,https://maps.google.com/maps?cid=11657639674393206308
synergyhlthcr-avardis,Westwood Health and Rehabilitation,625 Ashland St,Archdale,NC,27263-2943,US,2552,,Fe,"I would like to sincerely thank the therapy team for the outstanding care, motivation, and support they provided to my uncle during his recovery and physical therapy while he was at the long-term care and rehab center.

A special thank you to **Derrick Parker, COTA**, **Deb Morrin, COTA**, and **Keirah Carmichael, PTA**. Their professionalism, patience, and genuine encouragement made a meaningful difference in my uncle’s rehabilitation journey. They took the time to motivate him, meet him where he was, and consistently push him toward progress while ensuring he felt supported and respected.

Our family is truly grateful for their dedication and compassion. It brought us great peace of mind knowing he was in such capable and caring hands. Thank you for the positive impact you made during an important time in his recovery.",5,12/16/2025,Thank you so much for your kind words. We are committed to person-centered care and compassionate service. It's our goal to ensure every individual and family feels valued and supported. Your feedback inspires us to continue reaching new heights in care excellence.  Your feedback will be shared with our Therapy team.,12/17/2025,gmb,https://maps.google.com/maps?cid=8729691537125028428
synergyhlthcr-avardis,Jamestown Health and Rehabilitation,1811 Jamestown Rd,Williamsburg,VA,23185-2326,US,2658,,Jennifer Garrenton,"I am currently a long term patient here. All of the employees professional, but courteous and friendly.i have a solid routine here. I know when medicines, meals, etc will happen. There are programs and activities every day to keep boredom away. My physical therapist pushes me to do more than I thought possible. I feel the Lord put me in this facility for a reason. I am making friends with workers and patients alike who may be bedridden or other hindrances. I like to brighten the day which in turn brightens mine. I would highly recommend this facility for any after care or long term care.",5,12/16/2025,"Thank you so much for taking the time to share your experience with us. We are truly grateful for your kind words and for the trust you’ve placed in our team.

It means a great deal to hear that our staff, routines, activities, and therapy services have helped you feel supported and motivated. We’re especially touched by your positive outlook and the way you uplift those around you—your spirit makes a difference in our community.

We are honored to be part of your journey and look forward to continuing to provide you with compassionate care in a warm and supportive environment. Thank you again for your recommendation and for being such an important part of our family.",12/17/2025,gmb,https://maps.google.com/maps?cid=2496657677262714810
synergyhlthcr-avardis,Wilora Lake Healthcare,6001 Wilora Lake Rd,Charlotte,NC,28212-2833,US,2565,,taya wortham,,1,12/16/2025,Many thanks for your 5-star review!!!,10/21/2025,gmb,https://maps.google.com/maps?cid=12883400636958841292
synergyhlthcr-avardis,Grayson Health and Rehabilitation,400 S Independence Ave,Independence,VA,24348-3972,US,2652,,Ronda Lambert,"My 80 year old mother was a patient here for a couple months after having a stroke.  They took the best care of her and got her well enough to return to her own home!  Their physical therapy department is second to none!  They worked hard with her every day to regain her strength and mobility.  All of her nurses and aides were very attentive and caring towards her throughout her stay as well.  Ms. Swinney does a fantastic job with fun and engaging activities for everyone….from arts and crafts to trout fishing, there’s even an annual car show for her residents!

On Momma’s graduation day there were many prayers and well wishes sent with her, the ladies in dietary shared their famous meatloaf recipe and even the administrator Brian came out and hugged her neck.

To the Grayson Gang,  THANK YOU all for being who you are and for doing what you do so very well!!!",5,12/16/2025,"Thank you so much for sharing this heartfelt review. We are truly honored to have been part of your mother’s recovery journey and are thrilled to hear she was able to return home. Stories like hers are exactly why our team does what we does each day.

We’re grateful for your kind words about our therapy team, nursing staff, and caregivers. Celebrating milestones like “graduation day” with our residents and their families is a privilege we cherish.

On behalf of the entire Grayson Team, thank you for trusting us with your mother’s care and for taking the time to recognize our team. We wish your mother continued strength, health, and happiness at home.",12/17/2025,gmb,https://maps.google.com/maps?cid=9789831590765290544
synergyhlthcr-avardis,Hibriten Mountain Nursing and Rehabilitation,2030 Harper Ave NW,Lenoir,NC,28645-4953,US,2557,,Haley Duncan,"If I could leave a negative star review, I absolutely would. Two separate occasions, this facility has failed to notify the family on my grandfathers hospital transfer. On occasion one, my grandfather, who is bed ridden and requires a hoyer lift for transfers, ended up in the hospital with a broken hip. Not only did the facility fail to notify the family of his transfer, they also had no answers as to what happened. We are still unaware to this day if he rolled out of bed, or if someone was careless enough to drop him. He had all toes on both feet amputated, and is not ambulatory what so ever. He isn’t able to get out of the bed, and if he happened to roll out of the bed, why were there not modifications to his careplan to prevent injury? If he had fall mats & his bed in the lowest position, he could’ve broken the fall if what they claim actually happened. If they had not failed to notify us, we could’ve made the proper decision to get him the hell away from this place.

Then, this past week, they found him unconscious. AGAIN, they failed to notify us. We did not know that he had been transferred to the hospital until the surgeon reached out to his son, who is power of attorney, to ask if they could perform a procedure. Once we heard that he had been transferred to the hospital, 24 hours later, we then find out he was without oxygen for so long that he is now suffering from brain damage. Why are nursing staff not rounding on their patients? And short staffed is not the answer! the only answer is they do not care, and this place needs to be SHUT DOWN!

Thanks to the carelessness and pure disrespect of this facility, we are now stuck watching our dad, brother, and grandpa suffer and fight for his life. Just last week he was fine, and now he is receiving end of life care. He went from a healthy; responsive man to a man who is unable to eat, drink, or communicate.

If you value your loved ones, do some research and save them from this hell hole. Nobody deserves this treatment. Especially not someone who is dependent on caregivers.",1,12/15/2025,"We're truly sorry to see a 1-star rating. Your experience matters to us, and take all concerns and feedback seriously. Please contact us directly so we can listen, learn, and work to make things right.",12/17/2025,gmb,https://maps.google.com/maps?cid=11623040022405330618
synergyhlthcr-avardis,Wilora Lake Healthcare,6001 Wilora Lake Rd,Charlotte,NC,28212-2833,US,2565,,Sarah Sexton,,5,12/14/2025,,,gmb,https://maps.google.com/maps?cid=12883400636958841292
synergyhlthcr-avardis,Westwood Health and Rehabilitation,625 Ashland St,Archdale,NC,27263-2943,US,2552,,Tekorah Edwards,"Update 12-13-25:My mom visit started off rocky. I left a review and the director read it and came and spoke with me personally ,and I can say Mr Scott and the DON Michelle sat and listened to all of my concerns and addressed them. They really care about theirs patients as well as making sure their staff is up to par.
The staff were friendly and kind. Left me not forget to mention the guardian angel Lijo ( I’m sure I messed her name up-sorry) - however she was the sweetest and kindest. She made sure my mom was comfortable and that her stay remained pleasant.

Physical Therapy since day one have always been the best! They work so well with the patients and ensure progress !
They are so helpful

Thank you for the turn around..I appreciate you all
————————————————————————————
This place  is the worse.. they let the patient wait for hours before they come and assist. They say different things just to get out of doing their job. Thank God for Meka she is the best thing they have going. My mom was told she could use the bathroom she had to use the bed pan. They would spill pee all on the bed when changing the bed pan and leave it. Again Thank God for Meka she was able to get my mother to bathroom. She got her to the bathroom without any issues. She was so loving& caring. Anything you would ask Meka for she made it happen!!!!! Honestly she is to good to work at a place like that- she seems to be the only one who cared

They don’t bathe them.. my mother was there for 3 days and if it wasn’t for me she would have never been bathe.
That bathrooms are horrible. They don’t clean them.
What I can say is the physical therapy department is great!!!!! Love them.

I’m so glad my mom is able to talk and communicate bc I feel bad for the patients that can’t.. so if your love ones are there make sure you go see them daily bc I can promise you they are being over looked",3,12/13/2025,,,gmb,https://maps.google.com/maps?cid=8729691537125028428
synergyhlthcr-avardis,Jamestown Health and Rehabilitation,1811 Jamestown Rd,Williamsburg,VA,23185-2326,US,2658,,B Mh,"I was very comfortable here.  The best thing was the staff.  Nurses and aides are always available, and they come quickly when you press the call button.  This was very important to me - you are never ignored.
I was in for physical therapy rehab, and all the PTs and OTs were excellent.  Everyone seems to work together to make your stay productive and pleasant.  I felt very safe here.",4,12/12/2025,"Thank you for the 4-star rating! We appreciate your support and are always looking for ways to elevate the care experience. If you ever have suggestions, we'd love to hear them!",12/17/2025,gmb,https://maps.google.com/maps?cid=2496657677262714810
synergyhlthcr-avardis,Wellington Rehabilitation and Healthcare,1000 Tandal Pl,Knightdale,NC,27545-8842,US,2563,,Darkflame The Wolf,,1,12/12/2025,,,gmb,https://maps.google.com/maps?cid=3886324912718004434
synergyhlthcr-avardis,Jamestown Health and Rehabilitation,1811 Jamestown Rd,Williamsburg,VA,23185-2326,US,2658,,Bri,"Jamestown is a great rehab facility. The beginning process meeting the marketer Heather at the hospital, she ensured us the stay would be the best and my aunt would get taken care of. She told us therapy team is 5 star & she did not lie, they are the best. They push my aunt to do more everyday. Food could be a little better but my aunt said it’s better than hospitals food. Blair the CNA is fun to be around. Victoria help make sure appointments were set up. Angie in activities is very friendly as well. I really appreciate everything y’all have done for my aunt n when I come in, Her room is always smelling good and she always dressed for the day. Thank you you Jamestown",5,12/12/2025,"Thank you so much for taking the time to share your experience. We’re grateful for your kind words and for trusting our team with your aunt’s care. It’s wonderful to hear that she felt supported from the very beginning, benefited from our therapy program, and was encouraged each day to keep progressing.

We truly appreciate your thoughtful review and for allowing us to be part of your aunt’s recovery journey. Your appreciation means so much to our entire team.",12/17/2025,gmb,https://maps.google.com/maps?cid=2496657677262714810
synergyhlthcr-avardis,Ocean Springs Health and Rehabilitation Center,1199 Ocean Springs Rd,Ocean Springs,MS,39564-3421,US,2019,,Tina Esnault,"My stay was very pleasant. I really enjoyed therapy and all the therapy team! Big thanks to Sherri, Frank, the Brittanys,auren, Bri, Stacy, Caitlin, and Christina",5,12/12/2025,Thank you for the 5-star rating! We are committed to helping every person in our care reach new heights. Your support means the world to our team!  We will be sure to pass along your positive feedback.,12/17/2025,gmb,https://maps.google.com/maps?cid=9456388844909393569
synergyhlthcr-avardis,Courtyard Health and Rehabilitation,501 S Locust St,McComb,MS,39648-4336,US,2506,,Lawrence Ard,"STATE IS HERE
JOHN THOMAS IS HERE
that's the two texts you'll get the most, and it's not because it's being announced, it's because that's the only time people do their jobs.
P.S. 9 out of 10 reviews are from employees, Mr. Mize held a contest on ""best review""",1,12/12/2025,Many thanks for the 5-star review! We truly appreciate your feedback.,11/12/2025,gmb,https://maps.google.com/maps?cid=15418050129558257653
synergyhlthcr-avardis,Westwood Health and Rehabilitation,625 Ashland St,Archdale,NC,27263-2943,US,2552,,Sean Lonardo,Do not let your loved ones come here. This place is a dump. The service is poor at best. First there isn't even a TV in the rooms. I was told we had to supply our own. I asked about wifi so she could use her tablet.  Again no TV. They said sure we have wifi. They did it worked for 3 hours the entire time she was there. They gave her a hot dog and a cup of juice for dinner on Saturday night. She went there mainly for P/T. She had around 1.5 hours of P/T in 3.5 days. The rest of the time shee was left lieing in a bed with nothing to do. Do your loved ones a favor and keep away from here!,1,12/11/2025,We appreciate your feedback and are sorry to see a 1-star rating. We hold ourselves accountable to high standards of person-centered care. Please consider reaching out so we can better understand your experience and make improvements.,12/17/2025,gmb,https://maps.google.com/maps?cid=8729691537125028428
synergyhlthcr-avardis,Wellington Rehabilitation and Healthcare,1000 Tandal Pl,Knightdale,NC,27545-8842,US,2563,,Noelle,"In my experience, Joanne in physical therapy and Cynthia in social work were two of the few genuinely caring people in the building. Administration was the opposite. I felt the administrator, Wendy Clarke, was often rude, dismissive, and treated both housekeeping and some residents as if she were above them. She also regularly found ways to blame housekeeping for things outside their control.

Some nurses truly cared, but they couldn’t do all the work on their own. Many others seemed more focused on appearances than patient care. They were often slow to help, and it sometimes felt like you had to beg just to get patients out of their rooms so housekeeping could do a basic clean. Overall, management seemed more concerned with looking good on paper than providing consistent, equal care — especially compared to private-pay residents.",1,12/10/2025,"Thank you for sharing your feedback. We’re sorry to hear that your experience did not meet expectations, and we appreciate you taking the time to be honest.

While we’re glad you experienced compassion from members of our therapy and social services teams, we take your concerns about leadership, responsiveness, and consistency of care very seriously. Every resident deserves respectful, attentive care at all times, regardless of payor source.

Your comments have been shared with our leadership team for review and improvement. ",12/17/2025,gmb,https://maps.google.com/maps?cid=3886324912718004434
synergyhlthcr-avardis,Highfield Nursing and Rehabilitation,6590 Tryon Rd,Cary,NC,27518-7052,US,2554,,G Jo,"Just wanted to say thank you again for the care I received during my six week stay at Highfield.

I especially want to thank Harriot and my nurse Toni for taking very good care of me while I was there

Thank you again and God bless.",5,12/10/2025,Many thanks for the 5-star review! We genuinely value your support and feedback.  We will share your kind words with our team.,12/17/2025,gmb,https://maps.google.com/maps?cid=8193990697302986110
synergyhlthcr-avardis,Biltmore Haven Nursing and Rehabilitation,3864 Sweeten Creek Rd,Arden,NC,28704-3136,US,2561,,Kyle Rudloff,"New name. Same place.  My uncle is there, it’s terrible. Nurses saying “they don’t pay me enough” “I don’t care” when it comes to changing him. They hang up on you. Supervisor does not return calls as requested. Just a terrible facility. I gave it 1 star only because 0 stars is not an option.",1,12/8/2025,Thank you once again for sharing your concerns and allowing us the opportunity to resolve your issues. We remain committed to providing the best care possible to your loved one and was pleased to hear he has been pleased with his care. Please feel free to reach out in the future if we can ever be of assistance.,12/11/2025,gmb,https://maps.google.com/maps?cid=16957879690051259397
synergyhlthcr-avardis,Pheasant Ridge Nursing and Rehabilitation,4355 Pheasant Ridge Rd,Roanoke,VA,24014-5272,US,2656,,Lisa Foster,Poor care staff leaves patients in urin for an hour or more would not recommend this place to family or friends staff SUCKS.,1,12/6/2025,"Thank you for sharing your concerns. We’re sorry to hear that your experience did not reflect the level of care and communication you expected. 

Our commitment is to build a culture rooted in accountability, collaboration, and person-centered care—where every individual feels respected, supported, and valued. Feedback like yours is essential to that process. 

Together, we are striving toward new heights in care—and your input plays a meaningful role in that journey.",12/10/2025,gmb,https://maps.google.com/maps?cid=1982640372297032831
synergyhlthcr-avardis,Clay County Health and Rehabilitation,86 Valley Hideaway Dr,Hayesville,NC,28904-9674,US,2555,,Paul Arnold,,5,12/5/2025,,,gmb,https://maps.google.com/maps?cid=13135783167940185773
synergyhlthcr-avardis,Woodstock Valley Health and Rehabilitation,803 South Main Street,Woodstock,VA,22664-1125,US,2660,,Gracie Skidmore,My grandmother received excellent care here. The staff were friendly and went above and beyond to give her the best care.,5,12/5/2025,Thank you for your 5-star review and kind words. We truly appreciate your feedback.,12/8/2025,gmb,https://maps.google.com/maps?cid=14295004318862757625
synergyhlthcr-avardis,Wilora Lake Healthcare,6001 Wilora Lake Rd,Charlotte,NC,28212-2833,US,2565,,John workentine,"My wife was taken there after being released from the hospital.  No one greeted her, just put her in room.  People were left in the rec room with no one monitoring them.  The nurse on duty . English was not understandable and she was abrupt.  After listening to her for 5 minutes, I asked for time to talk with my wife.  The room is stuck in the 1960’s.  We decided that I would take care of her at home.  The same individuals were in the rec room in the positions as they were when we came in.  We looked at each other and stated this is Hotel California, you can check in but never leave.
Would highly not recommend this place.",1,12/5/2025,"We're truly sorry to hear that your experience did not reflect the standard of care we aim to deliver. We are committed to a culture of accountability, where every voice matters, especially those of the families we serve. Your feedback is invaluable and will be shared with our leadership team to help us do better. ",12/10/2025,gmb,https://maps.google.com/maps?cid=12883400636958841292
synergyhlthcr-avardis,Windsor Grove Health and Rehabilitation,23352 Courthouse Hwy,Windsor,VA,23487-5333,US,2659,,Nikki WC,Great Staff,5,12/2/2025,Many thanks for the 5-star review! We genuinely value your support and feedback.,12/17/2025,gmb,https://maps.google.com/maps?cid=2890239000189666972
synergyhlthcr-avardis,Wilora Lake Healthcare,6001 Wilora Lake Rd,Charlotte,NC,28212-2833,US,2565,,Fred Green,"It’s absolutely infuriating how this facility treats its residents with utter disrespect. The place is filthy—never cleaned, always reeking of unmentionable odors. The staff shows no compassion, no empathy, and instead of providing the care they claim, they neglect and restrain residents. The staff is left scrambling without the essentials, and it’s a blatant disregard for the residents’ well-being. During visits, I’ve witnessed firsthand how upper management blatantly ignores these needs, even resorting to restraints rather than providing proper care. It’s a disgrace and a failure at every level of management! This isn’t just a lapse in care—it’s a blatant disregard for human dignity. If anyone dares to bring their loved one here, they’re risking their safety and well-being. It’s a disgrace and it needs to be called out.",1,12/2/2025,"Your concerns are valid, and we're sorry to hear that your visit did not reflect the safe, welcoming environment we are committed to providing. We believe that dignity in care includes attention to every detail, from cleanliness to comfort. We've shared your feedback with our environmental services and operations teams, and we'd welcome the chance to learn more about your experience and make necessary improvements. Feel free to reach out to our leadership team directly.",12/10/2025,gmb,https://maps.google.com/maps?cid=12883400636958841292
synergyhlthcr-avardis,Westwood Health and Rehabilitation,625 Ashland St,Archdale,NC,27263-2943,US,2552,,Chellie Mills,"My 95 year old grandfather was admitted for physical rehabilitation at the facility in Archdale. We were told he would be there 4 weeks, he was discharged within 2 weeks.
I highly recommend, the facility is very clean, medical staff and admin are helpful, attentive and always professional.
The awesome Therapist and medical assistants were able to help My Grandfather gained 100% leg mobility and strength quicker than we thought.",5,12/1/2025,Thank you for your 5-star review and kind words. We truly appreciate your feedback.,12/8/2025,gmb,https://maps.google.com/maps?cid=8729691537125028428
synergyhlthcr-avardis,Pheasant Ridge Nursing and Rehabilitation,4355 Pheasant Ridge Rd,Roanoke,VA,24014-5272,US,2656,,Roger,It turned into a place that you paid for a motel room that you shared with who they wanted to put you with. No input from you. You did more for yourself than they did for you. Did not follow through with the work that they said need to be done. Like changing bed lining twice a week. Never had the bed lining clean to change your bed.,1,11/30/2025,,,gmb,https://maps.google.com/maps?cid=1982640372297032831
synergyhlthcr-avardis,Kannapolis Health and Rehabilitation,1810 Concord Lake Rd,Kannapolis,NC,28083-6434,US,2559,,Pam Baker,If a patient comes in as a fall risk you need to put rails on the bed not wait till evaluated.,1,11/30/2025,,,gmb,https://maps.google.com/maps?cid=7027852096343372988
synergyhlthcr-avardis,Westwood Health and Rehabilitation,625 Ashland St,Archdale,NC,27263-2943,US,2552,,Roxanne Goodin,"My loved one had been to another facility in the past but the moment our family walked through the doors, of Westwood Health we knew we had found something special. This rehab facility didn’t just provide treatment for our loved one — they provided care, compassion, and a genuine sense of hope during one of the most challenging seasons of our lives.
Every staff member we encountered, from the medical team to housekeeping, carried themselves with a level of professionalism and genuine kindness. They didn’t just see a patient; they saw a person and treated him with dignity and respect. They listened with patience, and celebrated every milestone — of care right beside us.
The environment was peaceful, clean, and uplifting, with a feeling of safety you can’t put a price on. The therapy team was also exceptional, tailoring sessions to meet our loved one exactly where he was using their knowledge care and skill to encourage and heal. The experience has been a 10 out of 10. Our family is so grateful for Westwood Health and Rehab it made a difference in the recovery and care of our loved one. Thank you to the administration and staff!",5,11/29/2025,Thank you for your 5-star review and kind words. We truly appreciate your feedback.,12/8/2025,gmb,https://maps.google.com/maps?cid=8729691537125028428
synergyhlthcr-avardis,Westwood Health and Rehabilitation,625 Ashland St,Archdale,NC,27263-2943,US,2552,,Keysher Virgil,"Facility offers great aftercare planning to support transition back home for love one. Also if privacy is a concern the facility has strong policies to protect your privacy.
Keysher  V.",5,11/29/2025,Thank you for your 5-star review and kind words. We truly appreciate your feedback.,12/8/2025,gmb,https://maps.google.com/maps?cid=8729691537125028428
synergyhlthcr-avardis,The Manor at Penn Village,51 Route 204,Selinsgrove,PA,17870-7971,US,2608,,Amina Brgulja,"If I could give a 0, I would.  My mother was brought here for short term rehabilitation and has been neglected, was told if she doesn’t like it there to leave, etc.  I’ve never met such a nasty group of staff members who are supposed to care for our loved ones.  If you genuinely want what’s best and care for your loved ones, please avoid placing them here.  I have never dealt with nastier/rude people in my life.",1,11/29/2025,"We understand how critical the transition home is, and we're sorry we didn't provide the clarity and support you expected.  We see each discharge as a pivotal part of the care journey, one that should be handled with compassion, coordination, and care. Your feedback has been shared with our interdisciplinary team, and we are actively working to strengthen our discharge planning process so that families feel confident and prepared.",12/10/2025,gmb,https://maps.google.com/maps?cid=10936063054836607631
synergyhlthcr-avardis,Pass Christian Health and Rehabilitation Center,538 Menge Ave,Pass Christian,MS,39571-4234,US,2017,,candelaria olvera,Very disappointed in this facility and how they handle potential employees. Kayla Lee (HR Facilitator) will lie to you about promising positions and ignore any follow-ups. I could not even get a chance to speak with the Administrator of this facility. I would definitely not recommend on any capacity.,1,11/29/2025,,,gmb,https://maps.google.com/maps?cid=7837025244960355316
synergyhlthcr-avardis,Hibriten Mountain Nursing and Rehabilitation,2030 Harper Ave NW,Lenoir,NC,28645-4953,US,2557,,Laura Dickinson,"Great care by local staff invested in the facility! Great therapy team who is caring, personal and knowledgeable in their skills. Facility is clean and has a personal touch compared to other facilities that are larger and who hire more traveling staff.",5,11/28/2025,Thank you for your 5-star review and kind words. We truly appreciate your feedback.,12/8/2025,gmb,https://maps.google.com/maps?cid=11623040022405330618
synergyhlthcr-avardis,Walnut Cove Health and Rehabilitation,511 Windmill St,Walnut Cove,NC,27052-7706,US,2562,,Kourtney Rominger,"I’m so grateful to be part of Walnut Cove Health and Rehabilitation. The staff truly cares about our residents and patients, and we work together like a family. You can feel the compassion the moment you walk in. I’m proud to work here and proud of the work we provide!",5,11/28/2025,,,gmb,https://maps.google.com/maps?cid=7743540191664109650
synergyhlthcr-avardis,Hibriten Mountain Nursing and Rehabilitation,2030 Harper Ave NW,Lenoir,NC,28645-4953,US,2557,,Tina Rose Wolfe,"I have a good friend in this facility and I have been encouraging them to move. The staff treat him like he doesn't have his mind telling him he had showers that he did not have.  His medication has been stolen out of the refrigerator and pain medication just left on his bed side table while he was asleep.  He is paralyzed and bed bound and has little-none ROM therapy. The list goes on and on. We thought the conditions would improve with new management but this was not the case. They offer no alternatives to meals that may not be wanted or snacks/sandwiches for residents who may not eat their dinner. - potential is there to be a great facility its most of the staff (not all) that hinder progress.
'Hibriten Mountain Nursing and Rehabilitation in Lenoir has an overall ""below average"" star rating from Medicare.'-Google-",1,11/27/2025,"We hear you and appreciate you taking the time to share your experience. We strive for open communication and meaningful collaboration with families. If we missed the mark, we take that seriously. Our team is actively working to strengthen these connections so that every family feels informed, supported, and valued. ",12/10/2025,gmb,https://maps.google.com/maps?cid=11623040022405330618
synergyhlthcr-avardis,Walnut Cove Health and Rehabilitation,511 Windmill St,Walnut Cove,NC,27052-7706,US,2562,,Stella Pegram-McNeil,"Ashley, Holly, Allison, and Allison are the  GREATEST CNA's. They are patient and kind. They understand our needs. They always put better face forward on the worst of days.",5,11/26/2025,Thank you for your 5-star review and kind words. We truly appreciate your feedback.,12/8/2025,gmb,https://maps.google.com/maps?cid=7743540191664109650
synergyhlthcr-avardis,Westwood Health and Rehabilitation,625 Ashland St,Archdale,NC,27263-2943,US,2552,,Lila Almond,"The administrator is the most unprofessional, rude and condescending person I have ever met. Google needs to make a negative star review option. He does not take anything seriously. Talks down on everyone he speaks to, and actively hides problems with both staff and residents. I question how he still has his license or ever received it in the first place. He has ran off an uncountable amount of staff due to his disrespect. State needs to investigate the administrator. I would not recommend anyone go to this facility as a resident or staff while he is the administrator. You will feel horrible and defeated everyday after work.",1,11/26/2025,,,gmb,https://maps.google.com/maps?cid=8729691537125028428
synergyhlthcr-avardis,Westwood Health and Rehabilitation,625 Ashland St,Archdale,NC,27263-2943,US,2552,,Shantana Ladson,"I recently visited a facility while searching for a permanent home for my grandfather, who had a stroke two weeks ago. From the moment I stepped in, the administrator greeted me with such warmth and was incredibly helpful throughout the tour.

I was really impressed by how clean everything was; it made a big difference in how I felt about the place. While I know no nursing home is perfect, the overall atmosphere felt welcoming and reassuring, which is so important for both residents and their families.

I truly appreciate the dedication and kindness of the staff in creating such a comfortable environment. It gives me hope as I navigate this important decision for my grandfather’s care.

Thank you for making my visit a positive experience.",5,11/25/2025,Thank you for your 5-star review and kind words. We truly appreciate your feedback.,12/8/2025,gmb,https://maps.google.com/maps?cid=8729691537125028428
synergyhlthcr-avardis,Ocean Springs Health and Rehabilitation Center,1199 Ocean Springs Rd,Ocean Springs,MS,39564-3421,US,2019,,Leevell Bradley,The best rehab facility that I know of!,5,11/25/2025,Thank you for your 5-star review and kind words. We truly appreciate your feedback.,12/8/2025,gmb,https://maps.google.com/maps?cid=9456388844909393569
synergyhlthcr-avardis,Ocean Springs Health and Rehabilitation Center,1199 Ocean Springs Rd,Ocean Springs,MS,39564-3421,US,2019,,Lewis Atkins,Friendly and knowledgeable employees. I’ve definitely gotten better,5,11/25/2025,Thank you for your 5-star review and kind words. We truly appreciate your feedback.,12/8/2025,gmb,https://maps.google.com/maps?cid=9456388844909393569
synergyhlthcr-avardis,Ocean Springs Health and Rehabilitation Center,1199 Ocean Springs Rd,Ocean Springs,MS,39564-3421,US,2019,,Tinella Thomas,"This is the greatest rehab I've ever been to I love y'all here. Sherri, Brittany Frank Stacy Christina Caitlin everybody!",5,11/25/2025,,,gmb,https://maps.google.com/maps?cid=9456388844909393569
synergyhlthcr-avardis,Ocean Springs Health and Rehabilitation Center,1199 Ocean Springs Rd,Ocean Springs,MS,39564-3421,US,2019,,Peggy Parker,Everybody was awesome!,5,11/25/2025,,,gmb,https://maps.google.com/maps?cid=9456388844909393569
synergyhlthcr-avardis,The Pavilion at St. Luke Village,1000 Stacie Drive,Hazelton,PA,18201-5689,US,2605,,zbigniew szymczyk,"So far, so great.

My mom was diagnosed with dementia a while back, and recently, my stepdad could no longer care for her at home. It fell onto me, her eldest son, to take on the role of guardianship.

I contacted over 20 facilities in the NEPA area to see where my mom could fit in. Of those, a handful responded, and after careful consideration, I narrowed it down to The Pavilion at St. Luke's.

Dana in admissions was super helpful, and answered all of my questions. We took our time, and over a couple weeks to planned my mom's admission, which took place just days ago.

Admission day was emotionally stressful for us as a family, but all the staff there showed care and understanding of the situation. My mom was made welcome and comfortable in a shared room.

FF a few days, and Mom had a moment where the new staff wasn't confident how to handle. They called me, late on a Sunday to see if we could help her together. Lee Anne, the supervisor on duty, took at least a half hour on the phone with me to see if we could help my mom together. I appreciated that very much.

I hope the kind of care they have exhibited so far, will continue for mom.

Thank you.",5,11/24/2025,Thank you for your 5-star review and kind words. We truly appreciate your feedback.,12/8/2025,gmb,https://maps.google.com/maps?cid=9560539739024854864
synergyhlthcr-avardis,Valley View Care and Rehabilitation,551 Kent St,Andrews,NC,28901-8088,US,2551,,Jim Stanley,Great caring and professional staff. The PT was outstanding the facility is clean and well managed to provide great care for the patients.,5,11/23/2025,Thank you for your 5-star review and kind words. We truly appreciate your feedback.,12/8/2025,gmb,https://maps.google.com/maps?cid=2396509878638319441
synergyhlthcr-avardis,Westwood Health and Rehabilitation,625 Ashland St,Archdale,NC,27263-2943,US,2552,,Oliviah Valentine,"My grandfather was put in here for temporary time for dementia. He said he has to pee and we pressed the call button and for 5 minutes straight no one answered and he had a weak bladder. There’s was a lady at the front desk that was mean to us when we told her he has a really high fall risk. Her exact words “everyone here has a fall risk, he isn’t special” that pissed me off. I would go lower than a one star 0/10 DONT COME HERE!!",1,11/22/2025,"We're truly sorry to hear that your experience did not reflect the standard of care we aim to deliver. We are committed to a culture of accountability, where every voice matters, especially those of the families we serve. Your feedback is invaluable and will be shared with our leadership team to help us do better. We would appreciate the opportunity to connect directly and learn more, so we can work toward a resolution together. ",12/8/2025,gmb,https://maps.google.com/maps?cid=8729691537125028428
synergyhlthcr-avardis,Walnut Cove Health and Rehabilitation,511 Windmill St,Walnut Cove,NC,27052-7706,US,2562,,Tiff Shopaholic,Excellent care and communication. The staff treats residents like family and consistently goes above expectations. A wonderful place.,5,11/22/2025,Thank you for your 5-star review and kind words. We truly appreciate your feedback.,12/8/2025,gmb,https://maps.google.com/maps?cid=7743540191664109650
synergyhlthcr-avardis,Westwood Health and Rehabilitation,625 Ashland St,Archdale,NC,27263-2943,US,2552,,Tiff Shopaholic,"Great staff, great care. The team is friendly, responsive, and truly committed to residents. Always a positive experience.",5,11/22/2025,Thank you for your 5-star review and kind words. We truly appreciate your feedback.,12/8/2025,gmb,https://maps.google.com/maps?cid=8729691537125028428
synergyhlthcr-avardis,Willowbrook Rehabilitation and Care,333 E Lee Ave,Yadkinville,NC,27055-8132,US,2564,,Tiff Shopaholic,Excellent care and communication. The staff treats residents like family and consistently goes above expectations. A wonderful place.,5,11/22/2025,Thank you for your 5-star review and kind words. We truly appreciate your feedback.,12/8/2025,gmb,https://maps.google.com/maps?cid=13181415108160796263
synergyhlthcr-avardis,Wilora Lake Healthcare,6001 Wilora Lake Rd,Charlotte,NC,28212-2833,US,2565,,Tiff Shopaholic,"Great staff, great care. The team is friendly, responsive, and truly committed to residents. Always a positive experience.",5,11/22/2025,Thank you for your 5-star review and kind words. We truly appreciate your feedback.,12/8/2025,gmb,https://maps.google.com/maps?cid=12883400636958841292
synergyhlthcr-avardis,Biltmore Haven Nursing and Rehabilitation,3864 Sweeten Creek Rd,Arden,NC,28704-3136,US,2561,,Tiff Shopaholic,Excellent care and communication. New leadership team. The staff treats residents like family and consistently goes above expectations. A wonderful place.,5,11/22/2025,Thank you for your 5-star review and kind words. We truly appreciate your feedback.,12/8/2025,gmb,https://maps.google.com/maps?cid=16957879690051259397
synergyhlthcr-avardis,Emerald Ridge Health and Rehabilitation,25 Reynolds Mountain Blvd,Asheville,NC,28804-1270,US,2556,,Tiff Shopaholic,"Great staff, great care. The team is friendly, responsive, and truly committed to residents. They work hard to provide a positive experience.",5,11/22/2025,Thank you for your 5-star review and kind words. We truly appreciate your feedback.,12/8/2025,gmb,https://maps.google.com/maps?cid=4215589149897886275
synergyhlthcr-avardis,Hibriten Mountain Nursing and Rehabilitation,2030 Harper Ave NW,Lenoir,NC,28645-4953,US,2557,,Tiff Shopaholic,"Great staff, great care. The team is friendly, responsive, and truly committed to residents. Always a positive experience.",5,11/22/2025,Thank you for your 5-star review and kind words. We truly appreciate your feedback.,12/8/2025,gmb,https://maps.google.com/maps?cid=11623040022405330618
synergyhlthcr-avardis,Cardinal Healthcare and Rehabilitation,931 N Aspen St,Lincolnton,NC,28092-2113,US,2553,,Tiff Shopaholic,"This center is well-managed, clean, and welcoming. The employees are kind, patient, and always willing to help. Highly recommend.",5,11/22/2025,Thank you for your 5-star review and kind words. We truly appreciate your feedback.,12/8/2025,gmb,https://maps.google.com/maps?cid=5235987348951661631
synergyhlthcr-avardis,Valley View Care and Rehabilitation,551 Kent St,Andrews,NC,28901-8088,US,2551,,Tiff Shopaholic,"Great staff, great care. The team is friendly, responsive, and truly committed to residents. Always a positive experience.",5,11/22/2025,Thank you for your 5-star review and kind words. We truly appreciate your feedback.,12/8/2025,gmb,https://maps.google.com/maps?cid=2396509878638319441
synergyhlthcr-avardis,Augusta Nursing and Rehabilitation,83 Crossroads Ln,Fishersville,VA,22939-2331,US,2651,,Charlene Davis,"It has been heartwarming to visit my dear friend at Augusta Rehab center. The staff is attentive, friendly and most of all they have a positive attitude while working with the residents.  Of course they are overworked and underpaid, nevertheless, their attention to details and willingness to please is commendable. This starts as soon as you walk in.. Staff is welcoming From the front desk, through the hallway, pass the lunch and activity room, physical therapy, pass the nurses station. And finally when I reach my friends room I am smiling from all the hello's, waving of hands from staff. I must say if you were sad on your drive here, it all goes away once you arrive. Thank you staff for taking such good care of my friend
Ms Davis",5,11/20/2025,Thank you for your 5-star review and kind words. We truly appreciate your feedback.,12/8/2025,gmb,https://maps.google.com/maps?cid=16985310285984521867
synergyhlthcr-avardis,Pine View Health and Rehabilitation Center,1304 Walnut St,Waynesboro,MS,39367-2232,US,2018,,Angelyka,,5,11/19/2025,,,gmb,https://maps.google.com/maps?cid=8633103632613825898
synergyhlthcr-avardis,Westwood Health and Rehabilitation,625 Ashland St,Archdale,NC,27263-2943,US,2552,,Tee Clay,"I know my family member can be difficult at times, and that’s why I really appreciate the staff here taking the time to provide a true person-centered care approach. I currently work in the healthcare field myself, so I understand the staffing challenges everyone is facing right now. At the end of the day, no facility is perfect but what matters to me is that they genuinely care.

I’ve also noticed a real difference in the overall leadership. The Administrator hasn’t been there long, but you can already feel the change in the building. The communication feels better, the atmosphere is more positive, and the staff seems supported. That gives me confidence that my family member is in good hands.",5,11/19/2025,Thank you for your 5-star review and kind words. We truly appreciate your feedback.,12/8/2025,gmb,https://maps.google.com/maps?cid=8729691537125028428
synergyhlthcr-avardis,Willowbrook Rehabilitation and Care,333 E Lee Ave,Yadkinville,NC,27055-8132,US,2564,,Kyle Ring,"Willowbrook Rehabilitation has a wonderful small-town, family atmosphere that makes you feel comfortable the moment you walk in. The staff truly care about the residents, and the administrator is warm, approachable, and always willing to help. The facility was clean and welcoming. I highly recommend Willowbrook.",5,11/19/2025,Thank you for your 5-star review and kind words. We truly appreciate your feedback.,12/8/2025,gmb,https://maps.google.com/maps?cid=13181415108160796263
synergyhlthcr-avardis,Walnut Cove Health and Rehabilitation,511 Windmill St,Walnut Cove,NC,27052-7706,US,2562,,Captain RedBeard,They saved my friend from death at another rehab facility. The Physical Therapy they recieve is life saving.,5,11/19/2025,Thank you for your 5-star review and kind words. We truly appreciate your feedback.,12/8/2025,gmb,https://maps.google.com/maps?cid=7743540191664109650
synergyhlthcr-avardis,Ocean Springs Health and Rehabilitation Center,1199 Ocean Springs Rd,Ocean Springs,MS,39564-3421,US,2019,,Mary Jones,Awesome group of people who are willing to with you,5,11/18/2025,Thank you for your 5-star review and kind words. We truly appreciate your feedback.,12/8/2025,gmb,https://maps.google.com/maps?cid=9456388844909393569
synergyhlthcr-avardis,The Manor at St. Luke Village,1711 East Broad Street,Hazelton,PA,18201-5697,US,2604,,Bob S.,,5,11/17/2025,,,gmb,https://maps.google.com/maps?cid=15792902854454127792
synergyhlthcr-avardis,The Manor at St. Luke Village,1711 East Broad Street,Hazelton,PA,18201-5697,US,2604,,Amanda T,,5,11/17/2025,,,gmb,https://maps.google.com/maps?cid=15792902854454127792
synergyhlthcr-avardis,Jamestown Health and Rehabilitation,1811 Jamestown Rd,Williamsburg,VA,23185-2326,US,2658,,Audrey B. Smith,"They provide discharge patients with paper scripts, which is not allowed. They don’t answer the telephone. They allowed my son and I to walk in and take a patient today. No one knew they were leaving. No one provided a paperwork and as far as they’re concerned, he might still be there. It is a nightmare and somebody should look into it. Someone is gonna get hurt or worse unsafe!",1,11/16/2025,,,gmb,https://maps.google.com/maps?cid=2496657677262714810
synergyhlthcr-avardis,Westwood Health and Rehabilitation,625 Ashland St,Archdale,NC,27263-2943,US,2552,,Mikki Price,If I could give this place no rating I would it is the absolute worse experience as being a former worker there I got fired for standing up for myself and also being a great worker for my residents there is not one resident I had that didn’t love me but the Administrator Kemitt and DON Michelle like to throw rocks and hide their hands. They can’t keep workers because they over work them and don’t respect them at all it’s always short staffed so the residents can’t get the care they truly need. I’m going to miss my residents but I’d rather have my sanity and let go I pray all goes well for the residents but if you don’t have to take your loved ones there don’t may God be with you😊,1,11/16/2025,,,gmb,https://maps.google.com/maps?cid=8729691537125028428
synergyhlthcr-avardis,Westwood Health and Rehabilitation,625 Ashland St,Archdale,NC,27263-2943,US,2552,,Douglas Bryant,"Awesome service and I recommend this establishment to anyone.
FIETTS",5,11/16/2025,Thank you for your 5-star review and kind words. We truly appreciate your feedback.,12/8/2025,gmb,https://maps.google.com/maps?cid=8729691537125028428
synergyhlthcr-avardis,Jamestown Health and Rehabilitation,1811 Jamestown Rd,Williamsburg,VA,23185-2326,US,2658,,Harold Twining,"My experience as a resident at this nursing home has been excellent with caring people. I enjoy Carmen Lundy the CNA, Yessica in Housekeeping,  Shannon in laundry, Kim Murray the nurse supervisor, Laura Garcia nurse on second shift and the whole therapy group. Maintenance is good at my meeting my needs and requests. Walt the head of housekeeping keeps the facility clean, bright and shining. Angeline and Makayla in activities provide excellent services except Bingo which I don't like but I show up occasionally to harass the bingo group that plays all in good fun.",5,11/15/2025,Thank you for your 5-star review and kind words. We truly appreciate your feedback.,12/8/2025,gmb,https://maps.google.com/maps?cid=2496657677262714810
synergyhlthcr-avardis,Wilora Lake Healthcare,6001 Wilora Lake Rd,Charlotte,NC,28212-2833,US,2565,,Misty Jackson,Great staff and a beautiful facility!,5,11/14/2025,Thank you for your 5-star review and kind words. We truly appreciate your feedback.,12/8/2025,gmb,https://maps.google.com/maps?cid=12883400636958841292
synergyhlthcr-avardis,Willowbrook Rehabilitation and Care,333 E Lee Ave,Yadkinville,NC,27055-8132,US,2564,,Misty Jackson,Amazing staff and beautiful facility!,5,11/14/2025,Thank you for your 5-star review and kind words. We truly appreciate your feedback.,12/8/2025,gmb,https://maps.google.com/maps?cid=13181415108160796263
synergyhlthcr-avardis,Westwood Health and Rehabilitation,625 Ashland St,Archdale,NC,27263-2943,US,2552,,Misty Jackson,Wonderful staff and beautiful facility.,5,11/14/2025,Thank you for your 5-star review and kind words. We truly appreciate your feedback.,12/8/2025,gmb,https://maps.google.com/maps?cid=8729691537125028428
synergyhlthcr-avardis,Walnut Cove Health and Rehabilitation,511 Windmill St,Walnut Cove,NC,27052-7706,US,2562,,Misty Jackson,Staff is amazing and the building is beautiful.,5,11/14/2025,Thank you for your 5-star review and kind words. We truly appreciate your feedback.,12/8/2025,gmb,https://maps.google.com/maps?cid=7743540191664109650
synergyhlthcr-avardis,Valley View Care and Rehabilitation,551 Kent St,Andrews,NC,28901-8088,US,2551,,Misty Jackson,Facility is amazing as well as the staff.,5,11/14/2025,Thank you for your 5-star review and kind words. We truly appreciate your feedback.,12/8/2025,gmb,https://maps.google.com/maps?cid=2396509878638319441
synergyhlthcr-avardis,Kannapolis Health and Rehabilitation,1810 Concord Lake Rd,Kannapolis,NC,28083-6434,US,2559,,Misty Jackson,Wonderful staff and an amazing facility!,5,11/14/2025,Thank you for your 5-star review and kind words. We truly appreciate your feedback.,12/8/2025,gmb,https://maps.google.com/maps?cid=7027852096343372988
synergyhlthcr-avardis,Oak Grove Healthcare,518 Old US 221 N Hwy,Rutherfordton,NC,28139,US,2560,,Misty Jackson,Wonderful caring staff and amazing facility,5,11/14/2025,Thank you for your 5-star review and kind words. We truly appreciate your feedback.,12/8/2025,gmb,https://maps.google.com/maps?cid=4663812526415986294
synergyhlthcr-avardis,Hibriten Mountain Nursing and Rehabilitation,2030 Harper Ave NW,Lenoir,NC,28645-4953,US,2557,,Misty Jackson,Great staff and wonderful facility.,5,11/14/2025,Thank you so much for your kind words. We are committed to person-centered care and compassionate service. It's our goal to ensure every individual and family feels valued and supported. Your feedback inspires us to continue reaching new heights in care excellence.,12/8/2025,gmb,https://maps.google.com/maps?cid=11623040022405330618
synergyhlthcr-avardis,Emerald Ridge Health and Rehabilitation,25 Reynolds Mountain Blvd,Asheville,NC,28804-1270,US,2556,,Misty Jackson,Great staff and beautiful facility,5,11/14/2025,Thank you so much for your kind words. We are committed to person-centered care and compassionate service. It's our goal to ensure every individual and family feels valued and supported. Your feedback inspires us to continue reaching new heights in care excellence.,12/8/2025,gmb,https://maps.google.com/maps?cid=4215589149897886275
synergyhlthcr-avardis,Crown Haven Health and Rehabilitation,620 Tom Hunter Rd,Charlotte,NC,28213-5511,US,2558,,Misty Jackson,Amazing staff and a beautiful facility!,5,11/14/2025,Thank you so much for your kind words. We are committed to person-centered care and compassionate service. It's our goal to ensure every individual and family feels valued and supported. Your feedback inspires us to continue reaching new heights in care excellence.,12/8/2025,gmb,https://maps.google.com/maps?cid=11657639674393206308
synergyhlthcr-avardis,Cardinal Healthcare and Rehabilitation,931 N Aspen St,Lincolnton,NC,28092-2113,US,2553,,Misty Jackson,Wonderful staff and an amazing facility.,5,11/14/2025,Thank you so much for your kind words. We are committed to person-centered care and compassionate service. It's our goal to ensure every individual and family feels valued and supported. Your feedback inspires us to continue reaching new heights in care excellence.,12/8/2025,gmb,https://maps.google.com/maps?cid=5235987348951661631
synergyhlthcr-avardis,Biltmore Haven Nursing and Rehabilitation,3864 Sweeten Creek Rd,Arden,NC,28704-3136,US,2561,,Misty Jackson,Wonder facility and Great staff.,5,11/14/2025,Thank you so much for your kind words. We are committed to person-centered care and compassionate service. It's our goal to ensure every individual and family feels valued and supported. Your feedback inspires us to continue reaching new heights in care excellence.,12/8/2025,gmb,https://maps.google.com/maps?cid=16957879690051259397
synergyhlthcr-avardis,Crown Haven Health and Rehabilitation,620 Tom Hunter Rd,Charlotte,NC,28213-5511,US,2558,,Patricia Thompson,Agnes Davies Rn was very nice and helpful,5,11/14/2025,Thank you for your 5-star review and kind words. We truly appreciate your feedback.,12/8/2025,gmb,https://maps.google.com/maps?cid=11657639674393206308
synergyhlthcr-avardis,Westwood Health and Rehabilitation,625 Ashland St,Archdale,NC,27263-2943,US,2552,,Marlowe Wood,"This is facility aims to help as many people as possible in the most professional way. Their expertise, care, and support is top notch.",5,11/14/2025,,,gmb,https://maps.google.com/maps?cid=8729691537125028428
synergyhlthcr-avardis,Ocean Springs Health and Rehabilitation Center,1199 Ocean Springs Rd,Ocean Springs,MS,39564-3421,US,2019,,Steve Benak,"Excellent care, very good physical therapy. It did me a lot of good in the short time I was here. There’s so many great people Lacrecia, Lonnie, Caitlin, Savannah, Nurse Cassie, and in therapy: Stacy, Frank, Brie, Christina, Bridgett, both Britanny(s), and Sherri.",4,11/14/2025,,,gmb,https://maps.google.com/maps?cid=9456388844909393569
synergyhlthcr-avardis,The Pavilion at St. Luke Village,1000 Stacie Drive,Hazelton,PA,18201-5689,US,2605,,Toni Rentz,"Poor communication. The administrator does not follow through when she suggests orders for the residents. The nurses are of no help when told about resident neglect . grievances are lost . snacks are labeled without care of likes or dislikes. Most brakes are defective on the wheelchairs resulting in falls.Making fire drills a concern. Residents can be left dirty for hours. One person assist for residents needing hoyer lift even though the administratior dictates 3 man help. Residents are changed in wheelchairs when a Hoyer is needed to be changed in bed, resulting falls. grievances are lost...care plan meetings carry on as the staff pleases.",1,11/13/2025,,,gmb,https://maps.google.com/maps?cid=9560539739024854864
synergyhlthcr-avardis,Oak Grove Healthcare,518 Old US 221 N Hwy,Rutherfordton,NC,28139,US,2560,,Candy Fisher,Fantastic care!,5,11/13/2025,,,gmb,https://maps.google.com/maps?cid=4663812526415986294
synergyhlthcr-avardis,Kannapolis Health and Rehabilitation,1810 Concord Lake Rd,Kannapolis,NC,28083-6434,US,2559,,Candy Fisher,Fantastic care,5,11/13/2025,,,gmb,https://maps.google.com/maps?cid=7027852096343372988
synergyhlthcr-avardis,Hibriten Mountain Nursing and Rehabilitation,2030 Harper Ave NW,Lenoir,NC,28645-4953,US,2557,,Candy Fisher,Fantastic care!,5,11/13/2025,,,gmb,https://maps.google.com/maps?cid=11623040022405330618
synergyhlthcr-avardis,Emerald Ridge Health and Rehabilitation,25 Reynolds Mountain Blvd,Asheville,NC,28804-1270,US,2556,,Candy Fisher,Fabulous care!,5,11/13/2025,,,gmb,https://maps.google.com/maps?cid=4215589149897886275
synergyhlthcr-avardis,Crown Haven Health and Rehabilitation,620 Tom Hunter Rd,Charlotte,NC,28213-5511,US,2558,,Candy Fisher,Fantastic care!,5,11/13/2025,,,gmb,https://maps.google.com/maps?cid=11657639674393206308
synergyhlthcr-avardis,Cardinal Healthcare and Rehabilitation,931 N Aspen St,Lincolnton,NC,28092-2113,US,2553,,Candy Fisher,Fantastic care,5,11/13/2025,,,gmb,https://maps.google.com/maps?cid=5235987348951661631
synergyhlthcr-avardis,Biltmore Haven Nursing and Rehabilitation,3864 Sweeten Creek Rd,Arden,NC,28704-3136,US,2561,,Candy Fisher,Fantastic care,5,11/13/2025,,,gmb,https://maps.google.com/maps?cid=16957879690051259397
synergyhlthcr-avardis,Westwood Health and Rehabilitation,625 Ashland St,Archdale,NC,27263-2943,US,2552,,De Wanna Sang,This an exceptional facility! I had to call various facilities to see where we would place my uncle if we needed to do so and received great customer service. I was even able to speak with the Administrator who was very knowledgeable and offered an on-site visit.,5,11/13/2025,,,gmb,https://maps.google.com/maps?cid=8729691537125028428
synergyhlthcr-avardis,Ocean Springs Health and Rehabilitation Center,1199 Ocean Springs Rd,Ocean Springs,MS,39564-3421,US,2019,,Kelli’s Life from her chair,This is the best facility I’ve ever been with and I’m 57 years old and I’ve been to at least 10 all over Mississippi and I can’t recommend this facility high enough. I promise you it’ll be the best decision you’ve ever made for your loved one.,5,11/13/2025,,,gmb,https://maps.google.com/maps?cid=9456388844909393569
synergyhlthcr-avardis,Wilora Lake Healthcare,6001 Wilora Lake Rd,Charlotte,NC,28212-2833,US,2565,,Abi Hembree,,5,11/13/2025,,,gmb,https://maps.google.com/maps?cid=12883400636958841292
synergyhlthcr-avardis,Willowbrook Rehabilitation and Care,333 E Lee Ave,Yadkinville,NC,27055-8132,US,2564,,Abi Hembree,,5,11/13/2025,,,gmb,https://maps.google.com/maps?cid=13181415108160796263
synergyhlthcr-avardis,Westwood Health and Rehabilitation,625 Ashland St,Archdale,NC,27263-2943,US,2552,,Abi Hembree,,5,11/13/2025,,,gmb,https://maps.google.com/maps?cid=8729691537125028428
synergyhlthcr-avardis,Walnut Cove Health and Rehabilitation,511 Windmill St,Walnut Cove,NC,27052-7706,US,2562,,Abi Hembree,,5,11/13/2025,,,gmb,https://maps.google.com/maps?cid=7743540191664109650
synergyhlthcr-avardis,Valley View Care and Rehabilitation,551 Kent St,Andrews,NC,28901-8088,US,2551,,Abi Hembree,,5,11/13/2025,,,gmb,https://maps.google.com/maps?cid=2396509878638319441
synergyhlthcr-avardis,Oak Grove Healthcare,518 Old US 221 N Hwy,Rutherfordton,NC,28139,US,2560,,Abi Hembree,,5,11/13/2025,,,gmb,https://maps.google.com/maps?cid=4663812526415986294
synergyhlthcr-avardis,Kannapolis Health and Rehabilitation,1810 Concord Lake Rd,Kannapolis,NC,28083-6434,US,2559,,Abi Hembree,Great staff to work with. Truly love what they are doing. Great management team!,5,11/13/2025,,,gmb,https://maps.google.com/maps?cid=7027852096343372988
synergyhlthcr-avardis,Hibriten Mountain Nursing and Rehabilitation,2030 Harper Ave NW,Lenoir,NC,28645-4953,US,2557,,Abi Hembree,,5,11/13/2025,,,gmb,https://maps.google.com/maps?cid=11623040022405330618
synergyhlthcr-avardis,Emerald Ridge Health and Rehabilitation,25 Reynolds Mountain Blvd,Asheville,NC,28804-1270,US,2556,,Abi Hembree,,5,11/13/2025,,,gmb,https://maps.google.com/maps?cid=4215589149897886275
synergyhlthcr-avardis,Crown Haven Health and Rehabilitation,620 Tom Hunter Rd,Charlotte,NC,28213-5511,US,2558,,Abi Hembree,Very personable leadership. Easy to communicate needs to. Truly want to make a difference.,5,11/13/2025,,,gmb,https://maps.google.com/maps?cid=11657639674393206308
synergyhlthcr-avardis,Cardinal Healthcare and Rehabilitation,931 N Aspen St,Lincolnton,NC,28092-2113,US,2553,,Abi Hembree,Great leadership. Easy to communicate with. Problem solvers.,5,11/13/2025,,,gmb,https://maps.google.com/maps?cid=5235987348951661631
synergyhlthcr-avardis,Biltmore Haven Nursing and Rehabilitation,3864 Sweeten Creek Rd,Arden,NC,28704-3136,US,2561,,Abi Hembree,Great staff. Easy to communicate with. Attentive to details.,5,11/13/2025,,,gmb,https://maps.google.com/maps?cid=16957879690051259397
synergyhlthcr-avardis,Valley View Care and Rehabilitation,551 Kent St,Andrews,NC,28901-8088,US,2551,,Candy Fisher,Fantastic care!,5,11/13/2025,Thank you so much for your kind words. We are committed to person-centered care and compassionate service. It's our goal to ensure every individual and family feels valued and supported. Your feedback inspires us to continue reaching new heights in care excellence.,12/8/2025,gmb,https://maps.google.com/maps?cid=2396509878638319441
synergyhlthcr-avardis,The Manor at Penn Village,51 Route 204,Selinsgrove,PA,17870-7971,US,2608,,Ann Bruner,"Very professional, kind, caring staff. The therapy team did a fantastic job restoring mobility for our family member. Thank you!",5,11/13/2025,,,gmb,https://maps.google.com/maps?cid=10936063054836607631
synergyhlthcr-avardis,Westwood Health and Rehabilitation,625 Ashland St,Archdale,NC,27263-2943,US,2552,,OT TAJZE,"Westwood Health and Rehabilitation has earned our trust and highest recommendation. Finding a facility that combines competent medical care with genuine compassion isn’t always easy, but Westwood delivers on both fronts. If you’re looking for a rehabilitation center that will prioritize your loved one’s recovery and wellbeing, Westwood is an excellent choice.",5,11/13/2025,,,gmb,https://maps.google.com/maps?cid=8729691537125028428
synergyhlthcr-avardis,Wilora Lake Healthcare,6001 Wilora Lake Rd,Charlotte,NC,28212-2833,US,2565,,Alex Russell,"The leadership team is responsive and proactive, creating a sense of trust and partnership within the facility.  From nursing care to therapy services, every team member treats residents with dignity, respect, and genuine compassion.  They are here to serve their community.  Quality Outcomes and Quality Customer Service.",5,11/13/2025,Thank you for the 5-star rating! We are committed to helping every person in our care reach new heights. Your support means the world to our team!,11/13/2025,gmb,https://maps.google.com/maps?cid=12883400636958841292
synergyhlthcr-avardis,Willowbrook Rehabilitation and Care,333 E Lee Ave,Yadkinville,NC,27055-8132,US,2564,,Alex Russell,"The staff are warm, attentive, and truly dedicated to providing high-quality care. From the nursing team to the therapy department, everyone treats residents with respect, kindness, and professionalism.  Residents are treated like family!  Willowbrook for your Long Term or Short-Term care needs!",5,11/13/2025,Thank you for the 5-star rating! We are committed to helping every person in our care reach new heights. Your support means the world to our team!,11/13/2025,gmb,https://maps.google.com/maps?cid=13181415108160796263
synergyhlthcr-avardis,Westwood Health and Rehabilitation,625 Ashland St,Archdale,NC,27263-2943,US,2552,,Alex Russell,Westwood is more than just a care center—it’s a place where residents are treated with dignity and respect.  New leadership team is continuously focused on improving quality and outcomes for the community they serve.,5,11/13/2025,Thank you for the 5-star rating! We are committed to helping every person in our care reach new heights. Your support means the world to our team!,11/13/2025,gmb,https://maps.google.com/maps?cid=8729691537125028428
synergyhlthcr-avardis,Walnut Cove Health and Rehabilitation,511 Windmill St,Walnut Cove,NC,27052-7706,US,2562,,Alex Russell,"From nursing care to therapy services, every team member goes above and beyond to ensure comfort, safety, and progress.

The facility is clean, well-managed, and welcoming.  It’s a place where residents are treated like family.",5,11/13/2025,Thank you for the 5-star rating! We are committed to helping every person in our care reach new heights. Your support means the world to our team!,11/13/2025,gmb,https://maps.google.com/maps?cid=7743540191664109650
synergyhlthcr-avardis,Valley View Care and Rehabilitation,551 Kent St,Andrews,NC,28901-8088,US,2551,,Alex Russell,"The staff are incredibly kind, attentive, and professional—always treating residents with dignity and respect.  Hometown Center with a welcome home feel.  Looking to serve their community with pride.  Highly recommend for your skilled nursing needs.",5,11/13/2025,Thank you for the 5-star rating! We are committed to helping every person in our care reach new heights. Your support means the world to our team!,11/13/2025,gmb,https://maps.google.com/maps?cid=2396509878638319441
synergyhlthcr-avardis,Hibriten Mountain Nursing and Rehabilitation,2030 Harper Ave NW,Lenoir,NC,28645-4953,US,2557,,Alex Russell,"Hibriten Mountain Nursing and Rehabilitation has exceeded every expectation. The staff are incredibly kind, professional, and attentive—always going the extra mile to make residents feel safe, and well cared for.",5,11/13/2025,Thank you for the 5-star rating! We are committed to helping every person in our care reach new heights. Your support means the world to our team!,11/13/2025,gmb,https://maps.google.com/maps?cid=11623040022405330618
synergyhlthcr-avardis,Emerald Ridge Health and Rehabilitation,25 Reynolds Mountain Blvd,Asheville,NC,28804-1270,US,2556,,Alex Russell,"From the moment you walk through the doors, you’re greeted with warmth and professionalism. The staff truly go above and beyond—not just because it’s their job, but because they genuinely care.",5,11/13/2025,Thank you for the 5-star rating! We are committed to helping every person in our care reach new heights. Your support means the world to our team!,11/13/2025,gmb,https://maps.google.com/maps?cid=4215589149897886275
synergyhlthcr-avardis,Crown Haven Health and Rehabilitation,620 Tom Hunter Rd,Charlotte,NC,28213-5511,US,2558,,Alex Russell,If you are looking for a center that meets you at your point of need - look to Crown Haven - where everyone is welcomed and considered family!  They are here to serve their community and compassion.,5,11/13/2025,Thank you for the 5-star rating! We are committed to helping every person in our care reach new heights. Your support means the world to our team!,11/13/2025,gmb,https://maps.google.com/maps?cid=11657639674393206308
synergyhlthcr-avardis,Cardinal Healthcare and Rehabilitation,931 N Aspen St,Lincolnton,NC,28092-2113,US,2553,,Alex Russell,5 Star community.  Allen Phillips Executive Director and his team are committed to Excellence and being the best in their community - providing quality outcomes.,5,11/13/2025,Thank you for the 5-star rating! We are committed to helping every person in our care reach new heights. Your support means the world to our team!,11/13/2025,gmb,https://maps.google.com/maps?cid=5235987348951661631
synergyhlthcr-avardis,Biltmore Haven Nursing and Rehabilitation,3864 Sweeten Creek Rd,Arden,NC,28704-3136,US,2561,,Alex Russell,"This Center is focusing on quality of life and quality improvements - appreciate their focus, dedication and commitment to quality care.",5,11/13/2025,Thank you for the 5-star rating! We are committed to helping every person in our care reach new heights. Your support means the world to our team!,11/13/2025,gmb,https://maps.google.com/maps?cid=16957879690051259397
synergyhlthcr-avardis,Oak Grove Healthcare,518 Old US 221 N Hwy,Rutherfordton,NC,28139,US,2560,,Alex Russell,"The staff are incredibly kind, professional, and attentive—always treating residents with dignity and respect. From nursing care to therapy services, every team member goes above and beyond to ensure comfort, safety, and progress.",5,11/12/2025,Thank you for the 5-star rating! We are committed to helping every person in our care reach new heights. Your support means the world to our team!,11/13/2025,gmb,https://maps.google.com/maps?cid=4663812526415986294
synergyhlthcr-avardis,Kannapolis Health and Rehabilitation,1810 Concord Lake Rd,Kannapolis,NC,28083-6434,US,2559,,Alex Russell,Outstanding Care and Compassionate Team.  Highly recommend for your Skilled nursing needs!!,5,11/12/2025,Thank you for the 5-star rating! We are committed to helping every person in our care reach new heights. Your support means the world to our team!,11/13/2025,gmb,https://maps.google.com/maps?cid=7027852096343372988
synergyhlthcr-avardis,Oak Grove Healthcare,518 Old US 221 N Hwy,Rutherfordton,NC,28139,US,2560,,Patrick Payne,My grandad was here for a long time and he really felt like it was home to him. Highly recommended.,5,11/12/2025,Many thanks for the 5-star review! We genuinely value your support and feedback.,11/13/2025,gmb,https://maps.google.com/maps?cid=4663812526415986294
synergyhlthcr-avardis,Hibriten Mountain Nursing and Rehabilitation,2030 Harper Ave NW,Lenoir,NC,28645-4953,US,2557,,Patrick Payne,We were pleased with the way they took care of my aunt. I didn’t know much about nursing homes but I’m glad the staff helped explain what to expect. The caregivers were really nice.,5,11/12/2025,Many thanks for the 5-star review! We genuinely value your support and feedback.,11/13/2025,gmb,https://maps.google.com/maps?cid=11623040022405330618
synergyhlthcr-avardis,Wilora Lake Healthcare,6001 Wilora Lake Rd,Charlotte,NC,28212-2833,US,2565,,Melissa Stewart,,5,11/12/2025,,,gmb,https://maps.google.com/maps?cid=12883400636958841292
synergyhlthcr-avardis,Willowbrook Rehabilitation and Care,333 E Lee Ave,Yadkinville,NC,27055-8132,US,2564,,Melissa Stewart,,5,11/12/2025,,,gmb,https://maps.google.com/maps?cid=13181415108160796263
synergyhlthcr-avardis,Walnut Cove Health and Rehabilitation,511 Windmill St,Walnut Cove,NC,27052-7706,US,2562,,Melissa Stewart,,5,11/12/2025,,,gmb,https://maps.google.com/maps?cid=7743540191664109650
synergyhlthcr-avardis,Westwood Health and Rehabilitation,625 Ashland St,Archdale,NC,27263-2943,US,2552,,Melissa Stewart,,5,11/12/2025,,,gmb,https://maps.google.com/maps?cid=8729691537125028428
synergyhlthcr-avardis,Kannapolis Health and Rehabilitation,1810 Concord Lake Rd,Kannapolis,NC,28083-6434,US,2559,,Patrick Payne,We had a good experience here with my mom’s therapy after her surgery. We were nervous about it but the staff took the time to explain everything and made sure she got strong enough to come home. Highly recommended.,5,11/12/2025,Thank you for the 5-star rating! We are committed to helping every person in our care reach new heights. Your support means the world to our team!,11/13/2025,gmb,https://maps.google.com/maps?cid=7027852096343372988
synergyhlthcr-avardis,Oak Grove Healthcare,518 Old US 221 N Hwy,Rutherfordton,NC,28139,US,2560,,Melissa Stewart,,5,11/12/2025,,,gmb,https://maps.google.com/maps?cid=4663812526415986294
synergyhlthcr-avardis,Kannapolis Health and Rehabilitation,1810 Concord Lake Rd,Kannapolis,NC,28083-6434,US,2559,,Melissa Stewart,,5,11/12/2025,,,gmb,https://maps.google.com/maps?cid=7027852096343372988
synergyhlthcr-avardis,Hibriten Mountain Nursing and Rehabilitation,2030 Harper Ave NW,Lenoir,NC,28645-4953,US,2557,,Melissa Stewart,,5,11/12/2025,,,gmb,https://maps.google.com/maps?cid=11623040022405330618
synergyhlthcr-avardis,Emerald Ridge Health and Rehabilitation,25 Reynolds Mountain Blvd,Asheville,NC,28804-1270,US,2556,,Melissa Stewart,,5,11/12/2025,,,gmb,https://maps.google.com/maps?cid=4215589149897886275
synergyhlthcr-avardis,Crown Haven Health and Rehabilitation,620 Tom Hunter Rd,Charlotte,NC,28213-5511,US,2558,,Melissa Stewart,,5,11/12/2025,,,gmb,https://maps.google.com/maps?cid=11657639674393206308
synergyhlthcr-avardis,Biltmore Haven Nursing and Rehabilitation,3864 Sweeten Creek Rd,Arden,NC,28704-3136,US,2561,,Melissa Stewart,,5,11/12/2025,,,gmb,https://maps.google.com/maps?cid=16957879690051259397
synergyhlthcr-avardis,Wilora Lake Healthcare,6001 Wilora Lake Rd,Charlotte,NC,28212-2833,US,2565,,Kathie Garrett,Great staff and leadership in the facility.,5,11/12/2025,Many thanks for the 5-star review! We genuinely value your support and feedback.,11/13/2025,gmb,https://maps.google.com/maps?cid=12883400636958841292
synergyhlthcr-avardis,Willowbrook Rehabilitation and Care,333 E Lee Ave,Yadkinville,NC,27055-8132,US,2564,,Kathie Garrett,Great staff and leadership in the facility.,5,11/12/2025,Many thanks for the 5-star review! We genuinely value your support and feedback.,11/13/2025,gmb,https://maps.google.com/maps?cid=13181415108160796263
synergyhlthcr-avardis,Walnut Cove Health and Rehabilitation,511 Windmill St,Walnut Cove,NC,27052-7706,US,2562,,Kathie Garrett,Great staff and leadership in the facility.,5,11/12/2025,Many thanks for the 5-star review! We genuinely value your support and feedback.,11/13/2025,gmb,https://maps.google.com/maps?cid=7743540191664109650
synergyhlthcr-avardis,Crown Haven Health and Rehabilitation,620 Tom Hunter Rd,Charlotte,NC,28213-5511,US,2558,,Patrick Payne,Highly recommended. All the staff treated my mom respectfully. It was a short stay but if she ever needs rehab again we’d use them again.,5,11/12/2025,Thank you for the 5-star rating! We are committed to helping every person in our care reach new heights. Your support means the world to our team!,11/13/2025,gmb,https://maps.google.com/maps?cid=11657639674393206308
synergyhlthcr-avardis,Willowbrook Rehabilitation and Care,333 E Lee Ave,Yadkinville,NC,27055-8132,US,2564,,mark chandross,"Great place, great care !!",5,11/12/2025,Many thanks for the 5-star review! We genuinely value your support and feedback.,11/13/2025,gmb,https://maps.google.com/maps?cid=13181415108160796263
synergyhlthcr-avardis,Westwood Health and Rehabilitation,625 Ashland St,Archdale,NC,27263-2943,US,2552,,mark chandross,"Renee, the BOM , is awesome !!!",5,11/12/2025,,,gmb,https://maps.google.com/maps?cid=8729691537125028428
synergyhlthcr-avardis,Westwood Health and Rehabilitation,625 Ashland St,Archdale,NC,27263-2943,US,2552,,Kathie Garrett,Great staff and leadership in the facility.,5,11/12/2025,Many thanks for the 5-star review! We genuinely value your support and feedback.,11/13/2025,gmb,https://maps.google.com/maps?cid=8729691537125028428
synergyhlthcr-avardis,Walnut Cove Health and Rehabilitation,511 Windmill St,Walnut Cove,NC,27052-7706,US,2562,,mark chandross,The Cove is the best !!!,5,11/12/2025,Many thanks for the 5-star review! We genuinely value your support and feedback.,11/13/2025,gmb,https://maps.google.com/maps?cid=7743540191664109650
synergyhlthcr-avardis,Cardinal Healthcare and Rehabilitation,931 N Aspen St,Lincolnton,NC,28092-2113,US,2553,,Patrick Payne,We were welcomed like family and my dad’s rehab was great. The whole experience couldn’t have been better. Highly recommended.,5,11/12/2025,Thanks for your 5-star review! Your feedback is appreciated and will be shared with our team.  ,11/13/2025,gmb,https://maps.google.com/maps?cid=5235987348951661631
synergyhlthcr-avardis,Valley View Care and Rehabilitation,551 Kent St,Andrews,NC,28901-8088,US,2551,,Kathie Garrett,Great staff and leadership in the facility.,5,11/12/2025,Many thanks for the 5-star review! We genuinely value your support and feedback.,11/13/2025,gmb,https://maps.google.com/maps?cid=2396509878638319441
synergyhlthcr-avardis,Oak Grove Healthcare,518 Old US 221 N Hwy,Rutherfordton,NC,28139,US,2560,,Kathie Garrett,Great staff and leadership in the facility.,5,11/12/2025,Many thanks for the 5-star review! We genuinely value your support and feedback.,11/13/2025,gmb,https://maps.google.com/maps?cid=4663812526415986294
synergyhlthcr-avardis,Kannapolis Health and Rehabilitation,1810 Concord Lake Rd,Kannapolis,NC,28083-6434,US,2559,,Kathie Garrett,Great staff and leadership in the facility.,5,11/12/2025,Many thanks for the 5-star review! We genuinely value your support and feedback.,11/13/2025,gmb,https://maps.google.com/maps?cid=7027852096343372988
synergyhlthcr-avardis,Oak Grove Healthcare,518 Old US 221 N Hwy,Rutherfordton,NC,28139,US,2560,,mark chandross,I would recommend OG to everyone!!,5,11/12/2025,Many thanks for the 5-star review! We genuinely value your support and feedback.,11/13/2025,gmb,https://maps.google.com/maps?cid=4663812526415986294
synergyhlthcr-avardis,Hibriten Mountain Nursing and Rehabilitation,2030 Harper Ave NW,Lenoir,NC,28645-4953,US,2557,,Kathie Garrett,Great staff and leadership in the facility.,5,11/12/2025,Many thanks for the 5-star review! We genuinely value your support and feedback.,11/13/2025,gmb,https://maps.google.com/maps?cid=11623040022405330618
synergyhlthcr-avardis,Kannapolis Health and Rehabilitation,1810 Concord Lake Rd,Kannapolis,NC,28083-6434,US,2559,,mark chandross,Excellent place !!!!,5,11/12/2025,Many thanks for the 5-star review! We genuinely value your support and feedback.,11/13/2025,gmb,https://maps.google.com/maps?cid=7027852096343372988
synergyhlthcr-avardis,Emerald Ridge Health and Rehabilitation,25 Reynolds Mountain Blvd,Asheville,NC,28804-1270,US,2556,,Kathie Garrett,Great staff and leadership in the facility.,5,11/12/2025,Many thanks for the 5-star review! We genuinely value your support and feedback.,11/13/2025,gmb,https://maps.google.com/maps?cid=4215589149897886275
synergyhlthcr-avardis,Hibriten Mountain Nursing and Rehabilitation,2030 Harper Ave NW,Lenoir,NC,28645-4953,US,2557,,mark chandross,The administrator made sure we had a great experience.   The staff as very caring.,5,11/12/2025,Many thanks for the 5-star review! We genuinely value your support and feedback.,11/13/2025,gmb,https://maps.google.com/maps?cid=11623040022405330618
synergyhlthcr-avardis,Crown Haven Health and Rehabilitation,620 Tom Hunter Rd,Charlotte,NC,28213-5511,US,2558,,Kathie Garrett,Great staff and leadership in the facility.,5,11/12/2025,Many thanks for the 5-star review! We genuinely value your support and feedback.,11/13/2025,gmb,https://maps.google.com/maps?cid=11657639674393206308
synergyhlthcr-avardis,Cardinal Healthcare and Rehabilitation,931 N Aspen St,Lincolnton,NC,28092-2113,US,2553,,Kathie Garrett,Great staff and leadership in the facility.,5,11/12/2025,Many thanks for the 5-star review! We genuinely value your support and feedback.,11/13/2025,gmb,https://maps.google.com/maps?cid=5235987348951661631
synergyhlthcr-avardis,Biltmore Haven Nursing and Rehabilitation,3864 Sweeten Creek Rd,Arden,NC,28704-3136,US,2561,,Patrick Payne,Awesome care center that takes pride in giving good care to their residents. Very clean with large rooms.,5,11/12/2025,Many thanks for the 5-star review! We genuinely value your support and feedback.,11/13/2025,gmb,https://maps.google.com/maps?cid=16957879690051259397
synergyhlthcr-avardis,Emerald Ridge Health and Rehabilitation,25 Reynolds Mountain Blvd,Asheville,NC,28804-1270,US,2556,,mark chandross,They really care about the patients,5,11/12/2025,Many thanks for the 5-star review! We genuinely value your support and feedback.,11/13/2025,gmb,https://maps.google.com/maps?cid=4215589149897886275
synergyhlthcr-avardis,Biltmore Haven Nursing and Rehabilitation,3864 Sweeten Creek Rd,Arden,NC,28704-3136,US,2561,,Kathie Garrett,Great staff and leadership in the facility.,5,11/12/2025,Many thanks for the 5-star review! We genuinely value your support and feedback.,11/13/2025,gmb,https://maps.google.com/maps?cid=16957879690051259397
synergyhlthcr-avardis,Crown Haven Health and Rehabilitation,620 Tom Hunter Rd,Charlotte,NC,28213-5511,US,2558,,mark chandross,Awesome experience!!,5,11/12/2025,Many thanks for the 5-star review! We genuinely value your support and feedback.,11/13/2025,gmb,https://maps.google.com/maps?cid=11657639674393206308
synergyhlthcr-avardis,Cardinal Healthcare and Rehabilitation,931 N Aspen St,Lincolnton,NC,28092-2113,US,2553,,mark chandross,Cardinal is an awesome place !! Employees are really kind.,5,11/12/2025,Many thanks for the 5-star review! We genuinely value your support and feedback.,11/13/2025,gmb,https://maps.google.com/maps?cid=5235987348951661631
synergyhlthcr-avardis,Biltmore Haven Nursing and Rehabilitation,3864 Sweeten Creek Rd,Arden,NC,28704-3136,US,2561,,mark chandross,My family really enjoyed the care we received.   I would recommend this place to everyone.,5,11/12/2025,Many thanks for the 5-star review! We genuinely value your support and feedback.,11/13/2025,gmb,https://maps.google.com/maps?cid=16957879690051259397
synergyhlthcr-avardis,Emerald Ridge Health and Rehabilitation,25 Reynolds Mountain Blvd,Asheville,NC,28804-1270,US,2556,,Patrick Payne,Awesome care center that takes pride in the work they do.,5,11/12/2025,Many thanks for the 5-star review! We genuinely value your support and feedback.,11/13/2025,gmb,https://maps.google.com/maps?cid=4215589149897886275
synergyhlthcr-avardis,Wilora Lake Healthcare,6001 Wilora Lake Rd,Charlotte,NC,28212-2833,US,2565,,Grayson Hill,This is a great facility. A solid team of personable and caring people looking out for the patients staying here. Definitely recommend this facility to anyone needing a great place for loved ones or needing short term rehab to get strong and ready to return home.,5,11/12/2025,Many thanks for the 5-star review! We genuinely value your support and feedback.,11/13/2025,gmb,https://maps.google.com/maps?cid=12883400636958841292
synergyhlthcr-avardis,Willowbrook Rehabilitation and Care,333 E Lee Ave,Yadkinville,NC,27055-8132,US,2564,,Grayson Hill,This is a great facility. A solid team of personable and caring people looking out for the patients staying here. Definitely recommend this facility to anyone needing a great place for loved ones or needing short term rehab to get strong and ready to return home.,5,11/12/2025,Many thanks for the 5-star review! We genuinely value your support and feedback.,11/13/2025,gmb,https://maps.google.com/maps?cid=13181415108160796263
synergyhlthcr-avardis,Westwood Health and Rehabilitation,625 Ashland St,Archdale,NC,27263-2943,US,2552,,Grayson Hill,This is a great facility. A solid team of personable and caring people looking out for the patients staying here. Definitely recommend this facility to anyone needing a great place for loved ones or needing short term rehab to get strong and ready to return home.,5,11/12/2025,Many thanks for the 5-star review! We genuinely value your support and feedback.,11/13/2025,gmb,https://maps.google.com/maps?cid=8729691537125028428
synergyhlthcr-avardis,Walnut Cove Health and Rehabilitation,511 Windmill St,Walnut Cove,NC,27052-7706,US,2562,,Grayson Hill,This is a great facility. A solid team of personable and caring people looking out for the patients staying here. Definitely recommend this facility to anyone needing a great place for loved ones or needing short term rehab to get strong and ready to return home.,5,11/12/2025,Many thanks for the 5-star review! We genuinely value your support and feedback.,11/13/2025,gmb,https://maps.google.com/maps?cid=7743540191664109650
synergyhlthcr-avardis,Valley View Care and Rehabilitation,551 Kent St,Andrews,NC,28901-8088,US,2551,,Grayson Hill,This is a great facility. A solid team of personable and caring people looking out for the patients staying here. Definitely recommend this facility to anyone needing a great place for loved ones or needing short term rehab to get strong and ready to return home.,5,11/12/2025,Thanks for your 5-star review! Your feedback is appreciated and will be shared with our team.  ,11/13/2025,gmb,https://maps.google.com/maps?cid=2396509878638319441
synergyhlthcr-avardis,Kannapolis Health and Rehabilitation,1810 Concord Lake Rd,Kannapolis,NC,28083-6434,US,2559,,Grayson Hill,This is a great facility. A solid team of personable and caring people looking out for the patients staying here. Definitely recommend this facility to anyone needing a great place for loved ones or needing short term rehab to get strong and ready to return home.,5,11/12/2025,Thanks for your 5-star review! Your feedback is appreciated and will be shared with our team.  ,11/13/2025,gmb,https://maps.google.com/maps?cid=7027852096343372988
synergyhlthcr-avardis,Hibriten Mountain Nursing and Rehabilitation,2030 Harper Ave NW,Lenoir,NC,28645-4953,US,2557,,Grayson Hill,This is a great facility. A solid team of personable and caring people looking out for the patients staying here. Definitely recommend this facility to anyone needing a great place for loved ones or needing short term rehab to get strong and ready to return home.,5,11/12/2025,Thanks for your 5-star review! Your feedback is appreciated and will be shared with our team.  ,11/13/2025,gmb,https://maps.google.com/maps?cid=11623040022405330618
synergyhlthcr-avardis,Emerald Ridge Health and Rehabilitation,25 Reynolds Mountain Blvd,Asheville,NC,28804-1270,US,2556,,Grayson Hill,This is a great facility. A solid team of personable and caring people looking out for the patients staying here. Definitely recommend this facility to anyone needing a great place for loved ones or needing short term rehab to get strong and ready to return home.,5,11/12/2025,Thanks for your 5-star review! Your feedback is appreciated and will be shared with our team.  ,11/13/2025,gmb,https://maps.google.com/maps?cid=4215589149897886275
synergyhlthcr-avardis,Crown Haven Health and Rehabilitation,620 Tom Hunter Rd,Charlotte,NC,28213-5511,US,2558,,Grayson Hill,This is a great facility. A solid team of personable and caring people looking out for the patients staying here. Definitely recommend this facility to anyone needing a great place for loved ones or needing short term rehab to get strong and ready to return home.,5,11/12/2025,Thanks for your 5-star review! Your feedback is appreciated and will be shared with our team.  ,11/13/2025,gmb,https://maps.google.com/maps?cid=11657639674393206308
synergyhlthcr-avardis,Cardinal Healthcare and Rehabilitation,931 N Aspen St,Lincolnton,NC,28092-2113,US,2553,,Grayson Hill,This is a great facility. A solid team of personable and caring people looking out for the patients staying here. Definitely recommend this facility to anyone needing a great place for loved ones or needing short term rehab to get strong and ready to return home.,5,11/12/2025,Thanks for your 5-star review! Your feedback is appreciated and will be shared with our team.  ,11/13/2025,gmb,https://maps.google.com/maps?cid=5235987348951661631
synergyhlthcr-avardis,Biltmore Haven Nursing and Rehabilitation,3864 Sweeten Creek Rd,Arden,NC,28704-3136,US,2561,,Grayson Hill,This is a great facility. A solid team of personable and caring people looking out for the patients staying here. Definitely recommend this facility to anyone needing a great place for loved ones or needing short term rehab to get strong and ready to return home.,5,11/12/2025,Thanks for your 5-star review! Your feedback is appreciated and will be shared with our team.  ,11/13/2025,gmb,https://maps.google.com/maps?cid=16957879690051259397
synergyhlthcr-avardis,Westwood Health and Rehabilitation,625 Ashland St,Archdale,NC,27263-2943,US,2552,,William Armstrong,"Westwood Health and Rehabilitation is an outstanding facility. The nurses and therapists take time to know each resident personally, and it shows in the quality of care. My family and I have complete peace of mind knowing our loved one is in great hands.",5,11/12/2025,Thanks for your 5-star review! Your feedback is appreciated and will be shared with our team.  ,11/13/2025,gmb,https://maps.google.com/maps?cid=8729691537125028428
synergyhlthcr-avardis,Westwood Health and Rehabilitation,625 Ashland St,Archdale,NC,27263-2943,US,2552,,Michelle Burroughs Overton,"My overall experience with the facility and staff is extremely low. The level of interaction from staff, especially the weekday day shift nurses and upper management administration, with the residents, visitors, outside medical personnel, even amongst themselves, rather the lack of any interaction or acknowledgement, is quite disturbing. There is no eye contact when they are passed by in the hallways or approached at the nurses station, only met with eye rolls, sighs, or blank expressions. When nurses are asked obvious questions that nurses should know the answers to or at least have the intelligence to know where the answers can be found, the answer is always ""I don't know"", and that's it, no further help is provided or offered. The attitudes of the nurses are horrible. They act, or give off the vibe of they would rather be somewhere else and a visitor, family member, other outside medical personnel, are very bothersome. My experience, as I have stated, doesn't include all the nurses, med techs, or the CNA's, but it most definitely applys to many of them, as well as administration. If the staff at this facility is that miserable, they really shouldn't be employed here, much less be the first faces that are seen when entering the facility. Everyone deserves to be treated with respect, especially in this type of environment, and respect is definitely lacking from this staff and its administration.",1,11/12/2025,"We're truly sorry to hear that your experience did not reflect the standard of care we aim to deliver. We are committed to a culture of accountability, where every voice matters, especially those of the families we serve. Your feedback is invaluable and will be shared with our leadership team to help us do better.",11/13/2025,gmb,https://maps.google.com/maps?cid=8729691537125028428
synergyhlthcr-avardis,Valley View Care and Rehabilitation,551 Kent St,Andrews,NC,28901-8088,US,2551,,Melissa Stewart,,5,11/12/2025,,,gmb,https://maps.google.com/maps?cid=2396509878638319441
synergyhlthcr-avardis,Cardinal Healthcare and Rehabilitation,931 N Aspen St,Lincolnton,NC,28092-2113,US,2553,,Melissa Stewart,,5,11/12/2025,,,gmb,https://maps.google.com/maps?cid=5235987348951661631
synergyhlthcr-avardis,Wilora Lake Healthcare,6001 Wilora Lake Rd,Charlotte,NC,28212-2833,US,2565,,mark chandross,We loved the care we received!!,5,11/12/2025,Many thanks for the 5-star review! We genuinely value your support and feedback.,11/13/2025,gmb,https://maps.google.com/maps?cid=12883400636958841292
synergyhlthcr-avardis,Newport News Nursing and Rehabilitation,12997 Nettles Dr,Newport News,VA,23602-6913,US,2654,,Kim Burks,Horrible place to work. High turnover amongst staff and mgmt. Lowest paid and several discrepancies with your pay. I fear and hurt for the residents that live there.,1,11/12/2025,,,gmb,https://maps.google.com/maps?cid=2324153722059615782
synergyhlthcr-avardis,Westwood Health and Rehabilitation,625 Ashland St,Archdale,NC,27263-2943,US,2552,,Melvin Sauls,,5,11/12/2025,,,gmb,https://maps.google.com/maps?cid=8729691537125028428
synergyhlthcr-avardis,Westwood Health and Rehabilitation,625 Ashland St,Archdale,NC,27263-2943,US,2552,,Bereni Gyasi,This facility and professionals took great care of my family. I felt better at night after seeing the work and getting to know the staff a bit.,5,11/12/2025,Many thanks for the 5-star review! We genuinely value your support and feedback.,11/13/2025,gmb,https://maps.google.com/maps?cid=8729691537125028428
synergyhlthcr-avardis,Westwood Health and Rehabilitation,625 Ashland St,Archdale,NC,27263-2943,US,2552,,Creative Key,"I have heard nothing but positive experiences about Westwood Health and Rehabilitation. I wholeheartedly give them the highest recommendation. From the moment my colleague's family member was admitted, they have expressed great reviews about the level of professionalism and compassionate care being truly exceptional.",5,11/12/2025,Thanks for your 5-star review! Your feedback is appreciated and will be shared with our team.  ,11/13/2025,gmb,https://maps.google.com/maps?cid=8729691537125028428
synergyhlthcr-avardis,Westwood Health and Rehabilitation,625 Ashland St,Archdale,NC,27263-2943,US,2552,,Ginny,"Fantastic, caring and involved Admin, nurses and doctor",5,11/12/2025,Thanks for your 5-star review! Your feedback is appreciated and will be shared with our team.  ,11/13/2025,gmb,https://maps.google.com/maps?cid=8729691537125028428
synergyhlthcr-avardis,Westwood Health and Rehabilitation,625 Ashland St,Archdale,NC,27263-2943,US,2552,,Kenneth Byers,When looking for a nursing home people only tend to see what’s wrong. When you work with the Administrator Kemmit Scott you are getting a passionate and hard working leader. He will make sure you get the care and resolve that you are looking for. Take the time to call him or to meet in person you will feel the compassion.,5,11/12/2025,Thanks for your 5-star review! Your feedback is appreciated and will be shared with our team.  ,11/13/2025,gmb,https://maps.google.com/maps?cid=8729691537125028428
synergyhlthcr-avardis,Westwood Health and Rehabilitation,625 Ashland St,Archdale,NC,27263-2943,US,2552,,Travis Clay,,5,11/12/2025,,,gmb,https://maps.google.com/maps?cid=8729691537125028428
synergyhlthcr-avardis,Westwood Health and Rehabilitation,625 Ashland St,Archdale,NC,27263-2943,US,2552,,Antwon Turner,,5,11/12/2025,,,gmb,https://maps.google.com/maps?cid=8729691537125028428
synergyhlthcr-avardis,Westwood Health and Rehabilitation,625 Ashland St,Archdale,NC,27263-2943,US,2552,,William Armstrong,"The staff at Westwood Health and Rehabilitation go above and beyond for their residents. Every visit, I’m greeted with warmth and professionalism. The level of care and compassion shown here is unmatched, truly a place that feels like family!",5,11/12/2025,Thanks for your 5-star review! Your feedback is appreciated and will be shared with our team.  ,11/13/2025,gmb,https://maps.google.com/maps?cid=8729691537125028428
synergyhlthcr-avardis,Grayson Health and Rehabilitation,400 S Independence Ave,Independence,VA,24348-3972,US,2652,,Steven Johnson,Absolutely horrible place and I can't recommend enough that you STAY AWAY form here.  Save yourself,1,11/12/2025,We appreciate your feedback and are sorry to see a 1-star rating. We hold ourselves accountable to high standards of person-centered care. Please consider reaching out so we can better understand your experience and make improvements.,11/13/2025,gmb,https://maps.google.com/maps?cid=9789831590765290544
synergyhlthcr-avardis,Westwood Health and Rehabilitation,625 Ashland St,Archdale,NC,27263-2943,US,2552,,Willis Jenkins,I would just like to say that the Westwood team are doing a great job .made me feel welcome I want to specifically thank the activities director Lelo she goes over and beyond to help very considerate!!!,5,11/11/2025,Many thanks for the 5-star rating!,11/12/2025,gmb,https://maps.google.com/maps?cid=8729691537125028428
synergyhlthcr-avardis,Westwood Health and Rehabilitation,625 Ashland St,Archdale,NC,27263-2943,US,2552,,Wendell Page,This place is horrible... My mom is there... And the service is horrible... My mom room had trash in it.. so I went and got a broom and cleaned it myself...  My mom was needing help and it took them a HR to come... I'm glad we go see her everyday... Cause if u leave yo love ones there and don't go see them... I feel sorry for them .. this place needs to be tore down.. and employees need to be fired...  I sat in there and just watched wat was going on... I'm just thankful my mom is recovering and will be out to that horrible place soon... If u can help it... Do not send yo love ones there... The food horrible... And the staff needs to be replaced wit people who care....,1,11/10/2025,"Your concerns are valid, and we're sorry to hear that your visit did not reflect the safe, welcoming environment we are committed to providing. We believe that dignity in care includes attention to every detail, from cleanliness to comfort. We've shared your feedback with our environmental services and operations teams, and we'd welcome the chance to learn more about your experience and make necessary improvements. ",12/8/2025,gmb,https://maps.google.com/maps?cid=8729691537125028428
synergyhlthcr-avardis,Woodstock Valley Health and Rehabilitation,803 South Main Street,Woodstock,VA,22664-1125,US,2660,,KArma and Hayley Jett,,5,11/10/2025,,,gmb,https://maps.google.com/maps?cid=14295004318862757625
synergyhlthcr-avardis,Jamestown Health and Rehabilitation,1811 Jamestown Rd,Williamsburg,VA,23185-2326,US,2658,,Diane Pagels,"I enjoyed the staff who worked with my husband. The staff names are Blair Jones, April Larkins and Jewel Gaitling. My husband discharges today and I was impressed with his stay.",5,11/10/2025,Many thanks for the 5-star review! We truly appreciate your feedback.,11/12/2025,gmb,https://maps.google.com/maps?cid=2496657677262714810
synergyhlthcr-avardis,Willowbrook Rehabilitation and Care,333 E Lee Ave,Yadkinville,NC,27055-8132,US,2564,,Kim,,1,11/8/2025,,,gmb,https://maps.google.com/maps?cid=13181415108160796263
synergyhlthcr-avardis,The Pavilion at St. Luke Village,1000 Stacie Drive,Hazelton,PA,18201-5689,US,2605,,Nancy Matyas,I was talking to a residents husband and he was happy with the service he spoke highly of a cna that always helps his wife,5,11/7/2025,Many thanks for the 5-star review! We truly appreciate your feedback.,11/12/2025,gmb,https://maps.google.com/maps?cid=9560539739024854864
synergyhlthcr-avardis,Westwood Health and Rehabilitation,625 Ashland St,Archdale,NC,27263-2943,US,2552,,Chas,This place has been a Godsend for me and my family. Over the 11 months they have provided care and rehab to my little cousin. Meredith P. has been so helpful and keeps the lines of communication open at all times. Words cant express my gratitude.,5,11/7/2025,Many thanks for the 5-star review! We truly appreciate your feedback.,11/12/2025,gmb,https://maps.google.com/maps?cid=8729691537125028428
synergyhlthcr-avardis,Westwood Health and Rehabilitation,625 Ashland St,Archdale,NC,27263-2943,US,2552,,Greg Commander,Great staff especially Meredith Page. She's always more than willing to assist.,5,11/7/2025,Many thanks for the 5-star review! We truly appreciate your feedback.,11/12/2025,gmb,https://maps.google.com/maps?cid=8729691537125028428
synergyhlthcr-avardis,Westwood Health and Rehabilitation,625 Ashland St,Archdale,NC,27263-2943,US,2552,,Leacha Barnette,"Meredith Page has been an outstanding resource for my nephew who resides there and an excellent resouce for my family. She has been the rock and the clue for my nephew and my family to ensure he continues to get his healthcare needs. She is extremely professional, responsive, resourceful, caring, and attentive to my nephew and our family.

I truly appreciate all she has done and continues to do for my nephew. We need more people like her to work in the healthcare field. I can never thank Meredith enough! Thank you! Thank you! Thank you Meridith! 😊
Leacha Barnette",5,11/7/2025,Many thanks for the 5-star review! We truly appreciate your feedback.,11/12/2025,gmb,https://maps.google.com/maps?cid=8729691537125028428
synergyhlthcr-avardis,The Pavilion at St. Luke Village,1000 Stacie Drive,Hazelton,PA,18201-5689,US,2605,,Cassie Martuscelli,Proud to be part of this team. They are resident centered and go above and beyond each day to ensure all residents are taken care of.,5,11/6/2025,Many thanks for the 5-star review! We truly appreciate your feedback.,11/12/2025,gmb,https://maps.google.com/maps?cid=9560539739024854864
synergyhlthcr-avardis,Courtyard Health and Rehabilitation,501 S Locust St,McComb,MS,39648-4336,US,2506,,kaitlynn 937,"amazing service, they got my father in at lightning speed and are just so caring i’m way happier with this place and this experience",5,11/6/2025,Many thanks for the 5-star review! We truly appreciate your feedback.,11/12/2025,gmb,https://maps.google.com/maps?cid=15418050129558257653
synergyhlthcr-avardis,Jamestown Health and Rehabilitation,1811 Jamestown Rd,Williamsburg,VA,23185-2326,US,2658,,katie bacon,"After a bad fall and a hospital stay, we knew my mother was going to be in need of a stay in a rehabilitation facility.  My family and I called several facilities and Jamestown Health and Rehabilitation answered the phone every time sand was able to answer all of our questions.  We were able to have a private room and a family member was able to stay at the facility the entire time.  The few concerns we had of the room were addressed immediately and corrected.  The nurses were so helpful and comforting during our stay.  The physical therapy was so useful and important in getting our mother stronger while staying at Jamestown Health and Rehabilitation.  Our mom learned skills that she took home with her with the occupational therapy and the speech therapist helped our mom become more focused, after the fall.  We are now home and our in home health physical therapist was impressed by the exercises that Barry at Jamestown Health and Rehabilitation had given my mother.  I would recommend Jamestown Health and Rehabilitation to other families with loved ones, who need a place to recover after a tragic event.  Thank you to all at Jamestown Health and Rehabilitation!",5,11/6/2025,Many thanks for the 5-star review! We truly appreciate your feedback.,11/12/2025,gmb,https://maps.google.com/maps?cid=2496657677262714810
synergyhlthcr-avardis,Hibriten Mountain Nursing and Rehabilitation,2030 Harper Ave NW,Lenoir,NC,28645-4953,US,2557,,Leslie Barnes,Such a great facility the Nurse Annette Pearce is a wonderful nurse and so compassionate about the care she gives her residents and their families,5,11/5/2025,Many thanks for the 5-star review! We truly appreciate your feedback.,11/12/2025,gmb,https://maps.google.com/maps?cid=11623040022405330618
synergyhlthcr-avardis,Hilltop Manor Health and Rehabilitation,101 Kirkland St,Union,MS,39365-3205,US,2501,,Marlana C,"The staff are friendly,  caring and very informative. They notified me when anything that needed to be addressed about his appointments or his condition. I didn’t have to wonder or worry about him.",5,11/5/2025,Many thanks for the 5-star review! We truly appreciate your feedback.,11/12/2025,gmb,https://maps.google.com/maps?cid=16672777635584569979
synergyhlthcr-avardis,The Manor at St. Luke Village,1711 East Broad Street,Hazelton,PA,18201-5697,US,2604,,Chris B,Great place! Caring staff. Clean facility,5,11/4/2025,Many thanks for the 5-star review! We truly appreciate your feedback.,11/12/2025,gmb,https://maps.google.com/maps?cid=15792902854454127792
synergyhlthcr-avardis,The Manor at St. Luke Village,1711 East Broad Street,Hazelton,PA,18201-5697,US,2604,,Amanda Pascoe,,5,11/4/2025,Many thanks for your 5-star review!!!,10/21/2025,gmb,https://maps.google.com/maps?cid=15792902854454127792
synergyhlthcr-avardis,The Manor at St. Luke Village,1711 East Broad Street,Hazelton,PA,18201-5697,US,2604,,Michael Hydock,The best people I have ever delt with especially with the office and explaining all the paperwork.  Very good response from the nurses all was a good response.  sincerely,5,11/4/2025,Many thanks for the 5-star review! We truly appreciate your feedback.,11/12/2025,gmb,https://maps.google.com/maps?cid=15792902854454127792
synergyhlthcr-avardis,Starkville Manor Health Care and Rehabilitation,1001 Hospital Rd,Starkville,MS,39759-2125,US,2503,,Simone Patton,Very wonderful place! Staff are very punctual with handling requests. Residents are always groomed nicely. Highly recommend!,5,11/4/2025,Many thanks for the 5-star review! We truly appreciate your feedback.,11/12/2025,gmb,https://maps.google.com/maps?cid=10689748702764398361
synergyhlthcr-avardis,Skyline Nursing and Rehabilitation,237 Franklin Pike SE,Floyd,VA,24091-2893,US,2657,,Susan Cordell,"The staff is fantastic! They are compassionate and patient. My parent is not an easy person to care for, but she truly enjoys the staff here. My 4 stars is because the facility is dated and I wish they would/could update it.",4,11/3/2025,We're so pleased to hear that your parent felt welcomed and at home. Creating a warm and inclusive environment is central to our values. Thank you for sharing your experience and being part of our extended family!  ,11/12/2025,gmb,https://maps.google.com/maps?cid=6952069171432930945
synergyhlthcr-avardis,Ghent Health and Rehabilitation,3900 Llewellyn Ave,Norfolk,VA,23504-1203,US,2655,,Ticia Carter,The turn around on management is amazing as well!,5,11/3/2025,Many thanks for the 5-star review! We truly appreciate your feedback.,11/12/2025,gmb,https://maps.google.com/maps?cid=10233776105323789694
synergyhlthcr-avardis,Courtyard Health and Rehabilitation,501 S Locust St,McComb,MS,39648-4336,US,2506,,Matt Brumfield,"Great nursing staff ! Their activity department is awesome, and their therapy department has produced so many success stories in the Community.",5,11/2/2025,Many thanks for the 5-star review! We truly appreciate your feedback.,11/12/2025,gmb,https://maps.google.com/maps?cid=15418050129558257653
synergyhlthcr-avardis,Biltmore Haven Nursing and Rehabilitation,3864 Sweeten Creek Rd,Arden,NC,28704-3136,US,2561,,vickie warner,My husband was there for rehab. Just one week and there were many issues and lots of red flags. Would never recommend.,1,11/2/2025,"We're truly sorry to hear that your experience did not reflect the standard of care we aim to deliver. We are committed to a culture of accountability, where every voice matters, especially those of the families we serve. Your feedback is invaluable and will be shared with our leadership team to help us do better.",11/13/2025,gmb,https://maps.google.com/maps?cid=16957879690051259397
synergyhlthcr-avardis,King's Daughters Community Health and Rehabilitation,1410 N Augusta St,Staunton,VA,24401-2401,US,2653,,William H. Tuning,,1,10/31/2025,,,gmb,https://maps.google.com/maps?cid=11489819334989089200
synergyhlthcr-avardis,Starkville Manor Health Care and Rehabilitation,1001 Hospital Rd,Starkville,MS,39759-2125,US,2503,,Olivia,The best Administrator and facility in Starkville!,5,10/31/2025,Many thanks for the 5-star review! We truly appreciate your feedback.,11/12/2025,gmb,https://maps.google.com/maps?cid=10689748702764398361
synergyhlthcr-avardis,Willowbrook Rehabilitation and Care,333 E Lee Ave,Yadkinville,NC,27055-8132,US,2564,,Elizabeth Brooks,I have been at Willowbrook 3 different times now and the staff has been so good to me. Everyone that I have  worked with in Therapy are so good wanting you to succeed and be able to get back home. God bless these people,4,10/31/2025,,,gmb,https://maps.google.com/maps?cid=13181415108160796263
synergyhlthcr-avardis,Willowbrook Rehabilitation and Care,333 E Lee Ave,Yadkinville,NC,27055-8132,US,2564,,Coleen Anderson,"Responsive leadership, amazing rehab and a very caring memory care unit.",5,10/31/2025,Many thanks for the 5-star review! We truly appreciate your feedback.,11/12/2025,gmb,https://maps.google.com/maps?cid=13181415108160796263
synergyhlthcr-avardis,Windsor Grove Health and Rehabilitation,23352 Courthouse Hwy,Windsor,VA,23487-5333,US,2659,,Lindsay Hill,,5,10/30/2025,,,gmb,https://maps.google.com/maps?cid=2890239000189666972
synergyhlthcr-avardis,Windsor Grove Health and Rehabilitation,23352 Courthouse Hwy,Windsor,VA,23487-5333,US,2659,,Aaliyah Martin,"Very welcoming place to work, from the minute you walk in you’re greeted with smiles from everyone.
Very welcoming staff, and a clean environment!",5,10/30/2025,Many thanks for the 5-star review! We truly appreciate your feedback.,11/12/2025,gmb,https://maps.google.com/maps?cid=2890239000189666972
synergyhlthcr-avardis,Windsor Grove Health and Rehabilitation,23352 Courthouse Hwy,Windsor,VA,23487-5333,US,2659,,Rebekah Cook,I’ve worked here almost 6 years and I love my residents they are all apart of my family I love being a CNA,5,10/30/2025,Many thanks for the 5-star review! We truly appreciate your feedback.,11/12/2025,gmb,https://maps.google.com/maps?cid=2890239000189666972
synergyhlthcr-avardis,Windsor Grove Health and Rehabilitation,23352 Courthouse Hwy,Windsor,VA,23487-5333,US,2659,,zahkira whitley,"Windsor Grove provides good care and a comfortable environment for residents. The staff are kind and attentive, and the facility stays clean.",5,10/30/2025,Many thanks for the 5-star review! We truly appreciate your feedback.,11/12/2025,gmb,https://maps.google.com/maps?cid=2890239000189666972
synergyhlthcr-avardis,Windsor Grove Health and Rehabilitation,23352 Courthouse Hwy,Windsor,VA,23487-5333,US,2659,,Sherry Bennett,"You feel safe and secure here, I know because I chose to live here. Theres lots of love here,
so you really feel at home!!
Come and join us, you'll love it here",5,10/30/2025,Many thanks for the 5-star review! We truly appreciate your feedback.,11/12/2025,gmb,https://maps.google.com/maps?cid=2890239000189666972
synergyhlthcr-avardis,Windsor Grove Health and Rehabilitation,23352 Courthouse Hwy,Windsor,VA,23487-5333,US,2659,,aaliyah martin,Very wonderful place and smiley staff and great residents,5,10/30/2025,Many thanks for the 5-star review! We truly appreciate your feedback.,11/12/2025,gmb,https://maps.google.com/maps?cid=2890239000189666972
synergyhlthcr-avardis,Windsor Grove Health and Rehabilitation,23352 Courthouse Hwy,Windsor,VA,23487-5333,US,2659,,Christian Cunningham,Very great establishment,5,10/30/2025,Many thanks for the 5-star review! We truly appreciate your feedback.,11/12/2025,gmb,https://maps.google.com/maps?cid=2890239000189666972
synergyhlthcr-avardis,Windsor Grove Health and Rehabilitation,23352 Courthouse Hwy,Windsor,VA,23487-5333,US,2659,,Seneca Senni “NorthStar” Mitchell,,5,10/30/2025,,,gmb,https://maps.google.com/maps?cid=2890239000189666972
synergyhlthcr-avardis,Willowbrook Rehabilitation and Care,333 E Lee Ave,Yadkinville,NC,27055-8132,US,2564,,Terri Hollomon,"I highly recommend Willowbrook Rehabilitation and Care. On October 1 my husband, Jim, was moved to Willowbrook from another facility. He is in the Memory Care unit. I was initially opposed to this move because of it being so confusing for him. On October 2 he became very sick and I honestly thought that he was going to die. The team of nurses, CNA’s, nurse practitioner stepped in immediately and went to work on him. I truly believe that he is alive today because of their quick actions and excellent care. He rallied in several days and is now doing fine. I am so very thankful that he is at Willowbrook where he received the love snd care that he needed. Everyone there are true caregivers. God bless them all .",5,10/30/2025,Many thanks for the 5-star review! We truly appreciate your feedback.,11/12/2025,gmb,https://maps.google.com/maps?cid=13181415108160796263
synergyhlthcr-avardis,Windsor Grove Health and Rehabilitation,23352 Courthouse Hwy,Windsor,VA,23487-5333,US,2659,,Donnell Robinson,,5,10/30/2025,,,gmb,https://maps.google.com/maps?cid=2890239000189666972
synergyhlthcr-avardis,Windsor Grove Health and Rehabilitation,23352 Courthouse Hwy,Windsor,VA,23487-5333,US,2659,,silas kea,Windsor Grove is a great facility for skilled and for long term care.  The staff is friendly and helpful.  The therapy team is great in getting skilled residents home and working with long term care residents to maintain their independence.,5,10/30/2025,Many thanks for the 5-star review! We truly appreciate your feedback.,11/12/2025,gmb,https://maps.google.com/maps?cid=2890239000189666972
synergyhlthcr-avardis,Windsor Grove Health and Rehabilitation,23352 Courthouse Hwy,Windsor,VA,23487-5333,US,2659,,Chris Everette,,5,10/30/2025,,,gmb,https://maps.google.com/maps?cid=2890239000189666972
synergyhlthcr-avardis,Windsor Grove Health and Rehabilitation,23352 Courthouse Hwy,Windsor,VA,23487-5333,US,2659,,Ashley Irwin,Love working with my coworkers. We've got a great team.,5,10/30/2025,,,gmb,https://maps.google.com/maps?cid=2890239000189666972
synergyhlthcr-avardis,Windsor Grove Health and Rehabilitation,23352 Courthouse Hwy,Windsor,VA,23487-5333,US,2659,,WINDSOR NURSING & REHAB CTR,"Windsor  Grove has improved, offering higher pay a lot of  nurses  and cna's with in house experiences caring for your love ones. I have had several family members as residents in the past. They did well in taking care of them. Our residents enjoys the food, 30% wants large portions.",5,10/30/2025,Many thanks for the 5-star review! We truly appreciate your feedback.,11/12/2025,gmb,https://maps.google.com/maps?cid=2890239000189666972
synergyhlthcr-avardis,Windsor Grove Health and Rehabilitation,23352 Courthouse Hwy,Windsor,VA,23487-5333,US,2659,,Gloria Batten,A great place to enjoy thankful Thursday ‘s and meetings good team members,4,10/30/2025,,,gmb,https://maps.google.com/maps?cid=2890239000189666972
synergyhlthcr-avardis,Windsor Grove Health and Rehabilitation,23352 Courthouse Hwy,Windsor,VA,23487-5333,US,2659,,Lauren Joyner,,5,10/30/2025,,,gmb,https://maps.google.com/maps?cid=2890239000189666972
synergyhlthcr-avardis,Windsor Grove Health and Rehabilitation,23352 Courthouse Hwy,Windsor,VA,23487-5333,US,2659,,Roy Hill,,5,10/30/2025,,,gmb,https://maps.google.com/maps?cid=2890239000189666972
synergyhlthcr-avardis,Windsor Grove Health and Rehabilitation,23352 Courthouse Hwy,Windsor,VA,23487-5333,US,2659,,Christine Hill,"A wonderful facility for short term rehabilitation to get you back on your feet, or  long term health care. It takes the hearts of caring staff like Lindsay in admissions to open the doors to the community and begin the healing process, and care for our loved ones.",5,10/30/2025,Many thanks for the 5-star review! We truly appreciate your feedback.,11/12/2025,gmb,https://maps.google.com/maps?cid=2890239000189666972
synergyhlthcr-avardis,Crown Haven Health and Rehabilitation,620 Tom Hunter Rd,Charlotte,NC,28213-5511,US,2558,,Kathy G,I never leave reviews but this needs to be said. This place is disgusting. I wouldn’t admit my dog to this facility. The roach infestation is out of this world. Management is unprofessional. They come in looking like they rolled out of bed and didn’t wash the manager with the botched butt job always has a nonchalant unpleasant demeanor but at least she looks like she washes. The ice machine has been broken for several months as told by one of the employees who also said they are constantly under investigation for abuse. The cnas are overworked and under appreciated. I appreciate the ones that try effort. They tried to change their name but look up HunterWoods and you’ll see who they really are. New name same mess. Run!,1,10/29/2025,"We're truly sorry to hear that your experience did not reflect the standard of care we aim to deliver. We are committed to a culture of accountability, where every voice matters, especially those of the families we serve. Your feedback is invaluable and will be shared with our leadership team to help us do better.",11/13/2025,gmb,https://maps.google.com/maps?cid=11657639674393206308
synergyhlthcr-avardis,Ashland Nursing and Rehabilitation,906 Thompson Street,Ashland,VA,23005-1128,US,2650,,Emani Hayes,Brielle is such a delight and I really enjoyed speaking with her! Need more people in the world like her!,5,10/29/2025,Many thanks for the 5-star review! We truly appreciate your feedback.,11/12/2025,gmb,https://maps.google.com/maps?cid=11144595113974665893
synergyhlthcr-avardis,Oak Grove Healthcare,518 Old US 221 N Hwy,Rutherfordton,NC,28139,US,2560,,Taylor Childress,,5,10/29/2025,,,gmb,https://maps.google.com/maps?cid=4663812526415986294
synergyhlthcr-avardis,Oak Grove Healthcare,518 Old US 221 N Hwy,Rutherfordton,NC,28139,US,2560,,Diesel Man,,5,10/29/2025,,,gmb,https://maps.google.com/maps?cid=4663812526415986294
synergyhlthcr-avardis,Oak Grove Healthcare,518 Old US 221 N Hwy,Rutherfordton,NC,28139,US,2560,,Millie Woods,,5,10/29/2025,,,gmb,https://maps.google.com/maps?cid=4663812526415986294
synergyhlthcr-avardis,Oak Grove Healthcare,518 Old US 221 N Hwy,Rutherfordton,NC,28139,US,2560,,Grayson Hill,,5,10/29/2025,,,gmb,https://maps.google.com/maps?cid=4663812526415986294
synergyhlthcr-avardis,Oak Grove Healthcare,518 Old US 221 N Hwy,Rutherfordton,NC,28139,US,2560,,Kori White,,5,10/29/2025,,,gmb,https://maps.google.com/maps?cid=4663812526415986294
synergyhlthcr-avardis,Ashland Nursing and Rehabilitation,906 Thompson Street,Ashland,VA,23005-1128,US,2650,,Lyrik Johnson,,5,10/29/2025,,,gmb,https://maps.google.com/maps?cid=11144595113974665893
synergyhlthcr-avardis,Ghent Health and Rehabilitation,3900 Llewellyn Ave,Norfolk,VA,23504-1203,US,2655,,cheyenne loisel,Ghent Health and Rehab is a wonderful place and I love the people who work there! :),5,10/29/2025,Many thanks for the 5-star review! We truly appreciate your feedback.,11/12/2025,gmb,https://maps.google.com/maps?cid=10233776105323789694
synergyhlthcr-avardis,Willowbrook Rehabilitation and Care,333 E Lee Ave,Yadkinville,NC,27055-8132,US,2564,,Koko Borkowski,"I highly recommend this facility due to its exceptional family-oriented approach, outstanding medical professionals, and commitment to delivering high-quality care. The staff at Hickory Hall and the front unit consistently respond promptly to patient call lights, demonstrating exceptional work ethic. The teamwork displayed by the staff is impressive, prioritizing patient needs and desires above all else. The staff genuinely cares for their patients, treating them like family, making this facility highly commendable.",5,10/28/2025,Many thanks for the 5-star review! We truly appreciate your feedback.,11/12/2025,gmb,https://maps.google.com/maps?cid=13181415108160796263
synergyhlthcr-avardis,Willowbrook Rehabilitation and Care,333 E Lee Ave,Yadkinville,NC,27055-8132,US,2564,,Cheryl Garr,"Had to give a five star review to a 5 Star Center! The admission team is top-notch. Robby, thank you for going above and beyond.",5,10/28/2025,Many thanks for the 5-star review! We truly appreciate your feedback.,11/12/2025,gmb,https://maps.google.com/maps?cid=13181415108160796263
synergyhlthcr-avardis,The Manor at St. Luke Village,1711 East Broad Street,Hazelton,PA,18201-5697,US,2604,,Nancy Matyas,Staff hard working and show concern for residents and co workers can really feel good atmosphere,5,10/28/2025,Many thanks for the 5-star review! We truly appreciate your feedback.,11/12/2025,gmb,https://maps.google.com/maps?cid=15792902854454127792
synergyhlthcr-avardis,The Manor at St. Luke Village,1711 East Broad Street,Hazelton,PA,18201-5697,US,2604,,Marrisa,,4,10/28/2025,,,gmb,https://maps.google.com/maps?cid=15792902854454127792
synergyhlthcr-avardis,Starkville Manor Health Care and Rehabilitation,1001 Hospital Rd,Starkville,MS,39759-2125,US,2503,,Henry Brewer,Great wound care team excellent service,5,10/27/2025,Many thanks for the 5-star review! We truly appreciate your feedback.,11/12/2025,gmb,https://maps.google.com/maps?cid=10689748702764398361
synergyhlthcr-avardis,Starkville Manor Health Care and Rehabilitation,1001 Hospital Rd,Starkville,MS,39759-2125,US,2503,,Chris (Chris),Great place,5,10/25/2025,Many thanks for the 5-star review! We truly appreciate your feedback.,11/12/2025,gmb,https://maps.google.com/maps?cid=10689748702764398361
synergyhlthcr-avardis,Emerald Ridge Health and Rehabilitation,25 Reynolds Mountain Blvd,Asheville,NC,28804-1270,US,2556,,Joshua Robinson,"The Doctors, PA, Nurses, Threapy, CNAs, and housekeeping were simply amazing. I have zero complaints about them. My one huge complaint is the food. While I was there I had to spend hundreds on doordash because the food that's served is absolutely disgusting and if it was something edible you got a very small portion. The kitchen needs some serious help. They tried passing nasty black eye peas off as baked beans, I asked multiple times more than 15 times time for them to send me grits instead of oatmeal with my breakfast and they wouldn't. Also the timing of the meals was never the same. It could vary as much as 3 hours post the posted times meals where meant to be served.",3,10/25/2025,,,gmb,https://maps.google.com/maps?cid=4215589149897886275
synergyhlthcr-avardis,Wilora Lake Healthcare,6001 Wilora Lake Rd,Charlotte,NC,28212-2833,US,2565,,Salvatore Arnieri,"Yall lemme tell you… I came to visit my friend fully prepared to feel guilty and sad, but this place ruined that plan by actually being wonderful. The staff are ridiculously kind and somehow manage to juggle ten things at once while still remembering everyone’s name (and snack preferences). The nurses deserve an award for their patience — they’ve got the energy of a coffee shop on Monday morning and the compassion of a Hallmark movie. The building is clean, smells nice (which, let’s be honest, is rare in healthcare), and the residents actually “laugh” here. Like, real laughter — not the polite kind you do at family dinners. Every time I visit, I end up staying longer than I planned because it just feels good to be here. If every nursing facility ran like this one, people might actually look forward to aging. Five stars for making care look effortless — and for proving that kindness and sarcasm can happily coexist. The young lady at the front I believe she’s the social worker Shalimar, unbelievably kind with the warmest heart. AND the DOR there is literally the greatest to ever do it. enough said🙌🏽",5,10/24/2025,Wow!!! Thank you for the 5-star rating! Your support means the world to our team! Thank you for taking the time to recognize them and the results of their dedication and hard work!,10/29/2025,gmb,https://maps.google.com/maps?cid=12883400636958841292
synergyhlthcr-avardis,Starkville Manor Health Care and Rehabilitation,1001 Hospital Rd,Starkville,MS,39759-2125,US,2503,,Cory Haggard,,5,10/24/2025,,,gmb,https://maps.google.com/maps?cid=10689748702764398361
synergyhlthcr-avardis,Starkville Manor Health Care and Rehabilitation,1001 Hospital Rd,Starkville,MS,39759-2125,US,2503,,Bailey Tavel,,5,10/24/2025,,,gmb,https://maps.google.com/maps?cid=10689748702764398361
synergyhlthcr-avardis,Willowbrook Rehabilitation and Care,333 E Lee Ave,Yadkinville,NC,27055-8132,US,2564,,Michelle,My wive had a good experience with therapy.  Found nursing and administrative staff responsive and polite.  The Wound Doctor was helpful and knowledgeable.   Only thing was housekeeping could be more consistent.  Didn’t always come in room to clean.,5,10/24/2025,Thank you for the 5-star rating! We are committed to helping every person in our care reach new heights. Your support means the world to our team and we will talk to our environmental team about your comment as well!,10/29/2025,gmb,https://maps.google.com/maps?cid=13181415108160796263
synergyhlthcr-avardis,Starkville Manor Health Care and Rehabilitation,1001 Hospital Rd,Starkville,MS,39759-2125,US,2503,,Riley Jackson,"⭐️⭐️⭐️⭐️⭐️⭐️⭐️⭐️⭐️
Starkville Manor has been such a blessing to our family. Placing my grandmother in a nursing home was something we approached with a lot of worry, but the staff here quickly eased our hearts. Everyone has been so kind, attentive, and patient with her, treating her with the same warmth and respect they would give their own family.

The activities offered have brought so much joy into her days — she lights up when she talks about what she’s done and who she’s spent time with. Seeing her engaged, smiling, and cared for has meant everything to us.

We are truly grateful for the compassion and dedication shown by the entire Starkville Manor team. Thank you for giving my grandmother not just care, but community and comfort. ❤️",5,10/24/2025,Many thanks for the 5-star review! We truly appreciate your feedback.,11/12/2025,gmb,https://maps.google.com/maps?cid=10689748702764398361
synergyhlthcr-avardis,Jamestown Health and Rehabilitation,1811 Jamestown Rd,Williamsburg,VA,23185-2326,US,2658,,Makayla Roberts,Jamestown health and rehab has helped me transition into my nursing role very well being a new grad. My coworkers are helpful when needed and we all work well as a team to give the residents the best patient care needed.,5,10/24/2025,Many thanks for the 5-star review! We truly appreciate your feedback.,11/12/2025,gmb,https://maps.google.com/maps?cid=2496657677262714810
synergyhlthcr-avardis,Ghent Health and Rehabilitation,3900 Llewellyn Ave,Norfolk,VA,23504-1203,US,2655,,Susanne,"This facility went from changing the name from consulate healthcare of norfolk to ghent health and rehab. How did a 1.8 rating jump to a 4.8 rating since the changing of the facility's name is beyond me? The foods that should be ideal temperature to eat are still room temperature/cold. Often the plates are cold.  Is there not a plate warmer to keep the plate to stay warm when serving a resident a meal? This has been going on for too long. Whomever in the kitchen that puts the food on the plates some of the vegetables especially the lima beans, has something very spicy on them.  CNA'S have attitude issues when providing a resident care. Where did the care and compassion go?  You're in the wrong field of work if you don't have care, compassion, dignity, respect to another human being. There's several CNA's that I do so look forward to seeing  that provide me awesome hands-on care with compassion, but there's few that don't.This is our home. I let the Nurses, Unit Managers, Director's of Nursing, Social Services and others of how I'm being treated and spoken to.  I'm sure everyone has problems/issues that may be going on outside of work, but don't bring it to the job and take such negative behaviors out on a residents, because should you do that to a resident they just may say things back to you that you may not like.  What happened to the dignity and respect. I'm quite sure staff and residents read the reviews and that's good, because I sure do. To the residents that may be getting the same done to them, I want you to know that your not alone. You can do something about it. If you don't speak up then it doesn't get investigated to get resolved from it happening again.
We all need to get along and have kindness to one another. By providing adequate residence care that makes a resident feel good and well cared for.
Respect to all that read this review and might reply too. May God bless and favor us all.",2,10/24/2025,,,gmb,https://maps.google.com/maps?cid=10233776105323789694
synergyhlthcr-avardis,Willowbrook Rehabilitation and Care,333 E Lee Ave,Yadkinville,NC,27055-8132,US,2564,,Jason Miles,,5,10/24/2025,,,gmb,https://maps.google.com/maps?cid=13181415108160796263
synergyhlthcr-avardis,Jamestown Health and Rehabilitation,1811 Jamestown Rd,Williamsburg,VA,23185-2326,US,2658,,Jewel Gatling,"I enjoy working here. The work environment is positive, professional, and encouraging — I couldn’t ask for a better place to build my career.",5,10/24/2025,Many thanks for the 5-star review! We truly appreciate your feedback.,11/12/2025,gmb,https://maps.google.com/maps?cid=2496657677262714810
synergyhlthcr-avardis,Starkville Manor Health Care and Rehabilitation,1001 Hospital Rd,Starkville,MS,39759-2125,US,2503,,Josh Hill,They took great care of my dad!,5,10/24/2025,Many thanks for the 5-star review! We truly appreciate your feedback.,11/12/2025,gmb,https://maps.google.com/maps?cid=10689748702764398361
synergyhlthcr-avardis,Ocean Springs Health and Rehabilitation Center,1199 Ocean Springs Rd,Ocean Springs,MS,39564-3421,US,2019,,Matt Minor,Thanks to an amazing staff in helping me get through the first two weeks of rehab. I love them all. -Mateo,5,10/24/2025,Many thanks for the 5-star review! We truly appreciate your feedback.,11/12/2025,gmb,https://maps.google.com/maps?cid=9456388844909393569
synergyhlthcr-avardis,Ghent Health and Rehabilitation,3900 Llewellyn Ave,Norfolk,VA,23504-1203,US,2655,,Ashley,"Ghent Health and Rehabilitation is a nice facility. The staff truly care and try to make the residents feel loved and cared for. They have a fantastic activities department that go above and beyond to keep residents engaged and active. There onsite physicians and therapy department is wonderful as well. They even have a dedicated hospice unit where they have staff who are trained in end of life care. Very impressed with all the positive things I see at Ghent Health. Also, the man who greets everyone Mr. Bill,  he is such a wonderful man, kind and humble! I look forward to seeing him!
Update 10/2025: I have seen so much improvement across the board since Ghent has had new ownership. They are making huge upgrades and improvements to every unit. They have a lot of new staff as well. The staff are friendly, they make a point to say hello and make you feel welcome. I am truly excited for the residents and their new home. Great things are happening here and I feel lucky to witness it.",5,10/24/2025,Thank you for the 5-star rating! We are committed to helping every person in our care reach new heights. Your support means the world to our team!,6/30/2025,gmb,https://maps.google.com/maps?cid=10233776105323789694
synergyhlthcr-avardis,King's Daughters Community Health and Rehabilitation,1410 N Augusta St,Staunton,VA,24401-2401,US,2653,,Jake Cook,"It is amazing how the majority of these new reviews were drafted exactly two weeks ago and are glowing. Unfortunately, these are not reality.",1,10/24/2025,,,gmb,https://maps.google.com/maps?cid=11489819334989089200
synergyhlthcr-avardis,Locust Grove Retirement Village,69 Cottage Road,Mifflin,PA,17058-9737,US,2601,,Nikita Hash,"I can’t thank this nursing home enough for the amazing care they give. Every staff member is so kind, patient, and truly treats the residents like family. The place is always clean, warm, and welcoming. Knowing your loved one is surrounded by such genuine, caring people gives me so much peace of mind. Highly recommend this wonderful home! 💖",5,10/23/2025,Many thanks for the 5-star review! We truly appreciate your feedback.,11/12/2025,gmb,https://maps.google.com/maps?cid=2062468255604015227
synergyhlthcr-avardis,Jamestown Health and Rehabilitation,1811 Jamestown Rd,Williamsburg,VA,23185-2326,US,2658,,Blair Jones,Great place to work,5,10/23/2025,Many thanks for the 5-star review! We truly appreciate your feedback.,11/12/2025,gmb,https://maps.google.com/maps?cid=2496657677262714810
synergyhlthcr-avardis,Skyline Nursing and Rehabilitation,237 Franklin Pike SE,Floyd,VA,24091-2893,US,2657,,magen adderley,The staff have been caring and attentive and the administrative staff are always helpful and completely involved in patient care.,5,10/23/2025,Many thanks for the 5-star review! We truly appreciate your feedback.,11/12/2025,gmb,https://maps.google.com/maps?cid=6952069171432930945
synergyhlthcr-avardis,Locust Grove Retirement Village,69 Cottage Road,Mifflin,PA,17058-9737,US,2601,,Chelsea Reyes,,5,10/23/2025,,,gmb,https://maps.google.com/maps?cid=2062468255604015227
synergyhlthcr-avardis,Cardinal Healthcare and Rehabilitation,931 N Aspen St,Lincolnton,NC,28092-2113,US,2553,,Jack Fleming Jr,"I want to preface this post with the following; all facilities of this kind have their problems and shortcomings, but if I was to need the services of this type of place, I would most definitely consider choosing Cardinal again.
The facility is clean, the staff are friendly, and the caregivers are competent and professional.
There are plenty of other facilities which will claim to provide this type of care for you, or your loved ones, but they will not be able to provide an experience as caring and able as Cardinal.",4,10/23/2025,,,gmb,https://maps.google.com/maps?cid=5235987348951661631
synergyhlthcr-avardis,Valley View Care and Rehabilitation,551 Kent St,Andrews,NC,28901-8088,US,2551,,Jamie Pendergrass,Excellent facility.  They take great care of my parents.  Highly recommended.,5,10/23/2025,Many thanks for the 5-star review! We truly appreciate your feedback.,11/12/2025,gmb,https://maps.google.com/maps?cid=2396509878638319441
synergyhlthcr-avardis,Ashland Nursing and Rehabilitation,906 Thompson Street,Ashland,VA,23005-1128,US,2650,,Brielle Jackson,I truly enjoy working here!,5,10/23/2025,Many thanks for the 5-star review! We truly appreciate your feedback.,11/12/2025,gmb,https://maps.google.com/maps?cid=11144595113974665893
synergyhlthcr-avardis,The Manor at Penn Village,51 Route 204,Selinsgrove,PA,17870-7971,US,2608,,Debra Brouse,"The staff is wonderful!!!
My Mom is on the 3 rd floor and staff “The Best”
The maintenance staff are always cleaning.
Physical therapy dept exceptional!!
The only reason I gave 4 stars is the food !!
It could be better!!  The are older people who have limitations !!
I think you can do better!!",4,10/23/2025,,,gmb,https://maps.google.com/maps?cid=10936063054836607631
synergyhlthcr-avardis,Starkville Manor Health Care and Rehabilitation,1001 Hospital Rd,Starkville,MS,39759-2125,US,2503,,Danielle Northrip,"Starkville Manor Health Care and Rehabilitation provides excellent, compassionate care in a clean and professional environment. The staff goes above and beyond to ensure residents feel comfortable, respected, and supported. Their rehabilitation team is knowledgeable and dedicated, helping residents regain independence with patience and encouragement. Overall, it’s a well-managed facility that truly prioritizes the well-being of its residents.",5,10/23/2025,Many thanks for the 5-star review! We truly appreciate your feedback.,11/12/2025,gmb,https://maps.google.com/maps?cid=10689748702764398361
synergyhlthcr-avardis,Valley View Care and Rehabilitation,551 Kent St,Andrews,NC,28901-8088,US,2551,,Shannon Lovingood,Really appreciate all the workers ability to stay calm under pressure and your great communication skills.,5,10/23/2025,Many thanks for the 5-star review! We truly appreciate your feedback.,11/12/2025,gmb,https://maps.google.com/maps?cid=2396509878638319441
synergyhlthcr-avardis,Starkville Manor Health Care and Rehabilitation,1001 Hospital Rd,Starkville,MS,39759-2125,US,2503,,Jamie Young,Great staff!   A happy and safe environment!!,5,10/23/2025,Many thanks for the 5-star review! We truly appreciate your feedback.,11/12/2025,gmb,https://maps.google.com/maps?cid=10689748702764398361
synergyhlthcr-avardis,Starkville Manor Health Care and Rehabilitation,1001 Hospital Rd,Starkville,MS,39759-2125,US,2503,,Elizabeth Brown,,5,10/23/2025,,,gmb,https://maps.google.com/maps?cid=10689748702764398361
synergyhlthcr-avardis,Starkville Manor Health Care and Rehabilitation,1001 Hospital Rd,Starkville,MS,39759-2125,US,2503,,tammy hutchinson,"I love it that these people really want to help the residents! And the activities kept the residents engaged and excited- it’s hard to find that anymore!  The therapy department is top notch and the residents and their families know it! Thank God for a clean, neat, and happy place!",5,10/23/2025,Many thanks for the 5-star review! We truly appreciate your feedback.,11/12/2025,gmb,https://maps.google.com/maps?cid=10689748702764398361
synergyhlthcr-avardis,Locust Grove Retirement Village,69 Cottage Road,Mifflin,PA,17058-9737,US,2601,,Sammi,Quiet clean rehab nursing facility. Friendly and helpful staff.  Great rehab and nursing department. Department heads are very knowledgeable and active in resident care.,5,10/22/2025,Many thanks for the 5-star review! We genuinely value your support and feedback. ,11/13/2025,gmb,https://maps.google.com/maps?cid=2062468255604015227
synergyhlthcr-avardis,Augusta Nursing and Rehabilitation,83 Crossroads Ln,Fishersville,VA,22939-2331,US,2651,,David,"As a new team member, I find Augusta Nursing and Rehabilitation has a dedicated team of caregivers providing quality care to our most vulnerable populations, all while navigating the challenges facing the healthcare industry today. They strive meet the needs of those they serve through compassion, respect and integrity. Additionally, the team does their best to resolve concerns in a timely manner. I'm happy to be part of the team.",5,10/22/2025,Many thanks for the 5-star review! We genuinely value your support and feedback. ,11/13/2025,gmb,https://maps.google.com/maps?cid=16985310285984521867
synergyhlthcr-avardis,Ashland Nursing and Rehabilitation,906 Thompson Street,Ashland,VA,23005-1128,US,2650,,Jasmine Ames,Brielle is such a pleasure to work with. She was able to answer all of my questions.,5,10/22/2025,Thank you for the 5-star rating! Your support means the world to our team!  We will share your feedback with Brielle.,11/13/2025,gmb,https://maps.google.com/maps?cid=11144595113974665893
synergyhlthcr-avardis,Ashland Nursing and Rehabilitation,906 Thompson Street,Ashland,VA,23005-1128,US,2650,,Krystal King,"Brielle is the best thing about this place. She’s friendly, has a positive attitude, and always willing to help.",3,10/22/2025,,,gmb,https://maps.google.com/maps?cid=11144595113974665893
synergyhlthcr-avardis,The Manor at St. Luke Village,1711 East Broad Street,Hazelton,PA,18201-5697,US,2604,,babycakesface27,Anna is a great activities director. The residents love her and the activities.,5,10/22/2025,Many thanks for the 5-star review! We genuinely value your support and feedback. ,11/13/2025,gmb,https://maps.google.com/maps?cid=15792902854454127792
synergyhlthcr-avardis,Ghent Health and Rehabilitation,3900 Llewellyn Ave,Norfolk,VA,23504-1203,US,2655,,Izeaner Acree,"Exceptional cleanliness and attention to detail. amazing department that works hard at providing the best  housekeeping service for the entire building, making every area THE MAIN FOCUS is one thing, but when you have the resident's address housekeeping but their name  and see and feel the love, appreciation followed by the conversation, if you ask me, THAT'S  JUST AWESOME. WE LOVE WHAT WE DO.  AND WE DO IT FOR GHENT HEALTH AND REHAB",5,10/22/2025,Many thanks for the 5-star review! We genuinely value your support and feedback. ,11/13/2025,gmb,https://maps.google.com/maps?cid=10233776105323789694
synergyhlthcr-avardis,The Oaks Rehabilitation and Healthcare,3716 Highway 39 N,Meridian,MS,39301-1013,US,2502,,Charlotte Butler,"I absolutely love working here! The environment is supportive, professional, and positive every single day. Management truly values their employees and goes above and beyond to make sure everyone feels appreciated. Teamwork and communication are top priorities, and you can really see the difference it makes. I’ve learned so much and grown both personally and professionally since joining this company. Highly recommend this place to anyone looking for a great career and an amazing team to be part of!",5,10/22/2025,Many thanks for the 5-star review! We genuinely value your support and feedback. ,11/13/2025,gmb,https://maps.google.com/maps?cid=5232290777239781461
synergyhlthcr-avardis,Ashland Nursing and Rehabilitation,906 Thompson Street,Ashland,VA,23005-1128,US,2650,,God Is Style,I called to get information for a family friend and the young woman I spoke with was very helpful and have me so much information. She extremely kind and that is what I like to hear from people.,5,10/22/2025,Many thanks for the 5-star review! We genuinely value your support and feedback. ,11/13/2025,gmb,https://maps.google.com/maps?cid=11144595113974665893
synergyhlthcr-avardis,The Pavilion at St. Luke Village,1000 Stacie Drive,Hazelton,PA,18201-5689,US,2605,,Yumerys Jimenez,Excellent place to work!!!,5,10/22/2025,Many thanks for the 5-star review! We genuinely value your support and feedback. ,11/13/2025,gmb,https://maps.google.com/maps?cid=9560539739024854864
synergyhlthcr-avardis,Locust Grove Retirement Village,69 Cottage Road,Mifflin,PA,17058-9737,US,2601,,Vicky Oneal,"If you’re looking for a home away from home for your loved one, Locust Grove Retirement Village is the perfect place.  Whether you need short-term rehabilitation or long term care this facility exceeds expectations. The facility is clean and well maintained, creating a safe and welcoming environment for residents and their families. The therapy team is exceptional and truly care about each resident’s recovery and wellbeing and the activities department offers a wide variety of fun and engaging activities to keep residents active and social. Above all, the entire staff from clinical to administrative is compassionate, caring and dedicated.",5,10/22/2025,Many thanks for the 5-star review! We genuinely value your support and feedback. ,11/13/2025,gmb,https://maps.google.com/maps?cid=2062468255604015227
synergyhlthcr-avardis,Pine View Health and Rehabilitation Center,1304 Walnut St,Waynesboro,MS,39367-2232,US,2018,,Leigh,"If I could give this facility less than 1 star, I would. This place is horrible!! Most of the staff that I dealt with there had a bad attitude and seemed lazy and unconcerned with patients' care or comfort. Most staff members, except for just a couple, are very rude, impatient, and come across like they hate their jobs. The administrator doesn't LISTEN, & likes to cut you off when you're voicing a concern, trying to minimize problems. There's a huge calendar on the wall with activities posted on it, and at a glance it looks like there are plenty of things for residents to fill their days doing, and from what I could tell during the time that my loved one was there, even though its just the same 2 or 3 things over and over... bingo & ice cream socials are about the only positive points here. The dietary staff is very unfriendly and extremely rude, except for 1 cook, Ms. Dee. She was the only one of them who didn't seem angry when my uncle had a special request, and I did witness her smiling and speaking to the residents in the dining room before serving their meal on more than 1 occassion. I have personally heard some be EXTREMELY rude to residents and even ignore them when they ask for something. It is quite obvious that the staff does not want to be there.
On one particular visit, I chose to have lunch in the dining room with my loved one (He was in bed as always when I arrived & I had to get someone to help get him up), and it was impossible to relax & enjoy the meal due to all of the yelling and cursing & carrying on coming from the kitchen. There is zero level of professionalism back there. Patients are supposed to feel as if they're at home, but Pineview doesn't even come close to hitting the mark. Dining there is probably better compared to a jail or a bad, underfunded school cafeteria.
During another visit to see a loved one, I personally witnessed a woman sitting in a wheelchair (directly in front of the nurse's station window) gagging and vomiting, soiling her pants and shirt. 4 employees were sitting in the nurse's station while this took place that saw her, but NONE of them got up to assist the woman! After vomiting, the woman proceeded to take her soiled shirt off in the hallway. When I left the facility, about 1 1/2 hours later, this woman was still sitting in front of the nurse's station, in the same soiled pants and a blanket covering the top part of her body.
Another time, I arrived to find my loved one with feces under his fingernails and lying in a soiled bed. He didn't know how long he'd been there, but it was over 20 minutes from the time I asked for help cleaning him up to the time someone actually came to help. Every single time I popped in to visit, I found my uncle in bed. No matter what time of day I went by, he was in bed. My loved one has been moved since this incident.
I STRONGLY urge you to check on your family if they are having to live there!!
I could write pages of examples like the few I've mentioned. We found another facility thankfully and moved my uncle and to no real surprise, his UTI is gone ( he KEPT one almost the whole time he was there!!!), he has no bedsores, and his depression has GREATLY improved!! I hope this review will be a wake-up call to people who have family members living at Pineview and will make those considering it think twice before using it. It costs a lot of money to reside at this facility, and by NO means does a patient get their money's worth!!",1,10/21/2025,"We're truly sorry to hear that your experience did not reflect the standard of care we aim to deliver. We are committed to a culture of accountability, where every voice matters, especially those of the families we serve. Your feedback is invaluable and will be shared with our leadership team to help us do better.",11/13/2025,gmb,https://maps.google.com/maps?cid=8633103632613825898
synergyhlthcr-avardis,Locust Grove Retirement Village,69 Cottage Road,Mifflin,PA,17058-9737,US,2601,,Megan Maneval,Locust Grove has wonderful caring staff that really care for their residents as if they were family. The rehab department is amazing. And there are endless activities for the residents.,5,10/21/2025,Many thanks for the 5-star review! We genuinely value your support and feedback. ,11/13/2025,gmb,https://maps.google.com/maps?cid=2062468255604015227
synergyhlthcr-avardis,Cardinal Healthcare and Rehabilitation,931 N Aspen St,Lincolnton,NC,28092-2113,US,2553,,Carrie Beard,,5,10/21/2025,,,gmb,https://maps.google.com/maps?cid=5235987348951661631
synergyhlthcr-avardis,Locust Grove Retirement Village,69 Cottage Road,Mifflin,PA,17058-9737,US,2601,,Lindi Speece,"I had an elderly friend that loved coming to Locust Grove for rehab (in rehab 3 times over several years). Because her and her family loved it so much, I wanted my aunt to come here for rehab. Locust Grove held up to the expectations my friend but in place. The rehab team is AMAZING! They are very kind and sweet and care about their residents. The lovely lady in activates (I think her name is Chassidy) is a God send. She takes time out of her busy day to help each and every resident. The rest of the office staff was just as great. Im glad I chose this rehab center for my aunt, she is enjoying her stay as well!

Something else that is very noticeable, the facility does not have the typical ""nursing home"" smell. Very clean facility. When I'm there visiting my aunt, there are several housekeeping staff cleaning. Great job team!!! I will recommend to others!",5,10/21/2025,Many thanks for the 5-star review! We genuinely value your support and feedback. ,11/13/2025,gmb,https://maps.google.com/maps?cid=2062468255604015227
synergyhlthcr-avardis,Wellington Rehabilitation and Healthcare,1000 Tandal Pl,Knightdale,NC,27545-8842,US,2563,,John Yow,"My time at Wellington has been amazing to say the least. The staff is always welcoming especially the aides and the nurses. Jay is a exceptional wound care nurse. Vee and Ricky always comes to check on me every morning. Abil is so sweet and kind. Lena always greets me with a smile, and KeeKee has a great heart and keeps me laughing. I will miss them all and I wish them all the best.",5,10/21/2025,Many thanks for the 5-star review! We genuinely value your support and feedback. ,11/13/2025,gmb,https://maps.google.com/maps?cid=3886324912718004434
synergyhlthcr-avardis,Locust Grove Retirement Village,69 Cottage Road,Mifflin,PA,17058-9737,US,2601,,Sandra Hockenberry,Warm setting environment. Lots of great activities to accommodate the residents.,4,10/21/2025,,,gmb,https://maps.google.com/maps?cid=2062468255604015227
synergyhlthcr-avardis,Willowbrook Rehabilitation and Care,333 E Lee Ave,Yadkinville,NC,27055-8132,US,2564,,Victoria Moody,,5,10/20/2025,Many thanks for your 5-star review!!!,10/21/2025,gmb,https://maps.google.com/maps?cid=13181415108160796263
synergyhlthcr-avardis,Valley View Care and Rehabilitation,551 Kent St,Andrews,NC,28901-8088,US,2551,,Amy Stanley,I had a Family member there for rehabilitation. The staff were awesome. She met her  goals and got to discharge home. It was a really good experience.,5,10/20/2025,Many thanks for the 5-star review! We genuinely value your support and feedback. ,11/13/2025,gmb,https://maps.google.com/maps?cid=2396509878638319441
synergyhlthcr-avardis,Clay County Health and Rehabilitation,86 Valley Hideaway Dr,Hayesville,NC,28904-9674,US,2555,,Emily Westberg,Wonderful care for residents and the staff is exceptional!,4,10/20/2025,,,gmb,https://maps.google.com/maps?cid=13135783167940185773
synergyhlthcr-avardis,Emerald Ridge Health and Rehabilitation,25 Reynolds Mountain Blvd,Asheville,NC,28804-1270,US,2556,,Kristina Worley,Staff is amazing and Residents are very sweet.,5,10/20/2025,Many thanks for the 5-star review! We genuinely value your support and feedback. ,11/13/2025,gmb,https://maps.google.com/maps?cid=4215589149897886275
synergyhlthcr-avardis,Crown Haven Health and Rehabilitation,620 Tom Hunter Rd,Charlotte,NC,28213-5511,US,2558,,Kareem Fogle,"After being in various facilities in north and south carolina, this particular facility is one of the best! The staff treat residents more like family members instead of a ""head in the bed."" Management is very personable as well as knowledgeable. The ratio of CNA/resident seems to be less or comparable to other facilities. Equipment all working and up to date. No agency in the facility, which creates relationship with staff.",5,10/20/2025,Many thanks for the 5-star review! We genuinely value your support and feedback. ,11/13/2025,gmb,https://maps.google.com/maps?cid=11657639674393206308
synergyhlthcr-avardis,Willowbrook Rehabilitation and Care,333 E Lee Ave,Yadkinville,NC,27055-8132,US,2564,,Donald Morgan,"""We have been very impressed with the high level of professionalism and collaborative spirit from the therapy staff. They are committed to prioritizing the best interests of each resident. This cooperative environment has a direct positive impact on our therapy services. We have seen excellent resident receptivity to our programs, and our therapists report that residents are highly motivated and responsive to their care plans. It is clear that therapy provide a supportive and caring environment that allows our therapy services to be as effective as possible"".",5,10/20/2025,Many thanks for the 5-star review! We genuinely value your support and feedback. ,11/13/2025,gmb,https://maps.google.com/maps?cid=13181415108160796263
synergyhlthcr-avardis,Wilora Lake Healthcare,6001 Wilora Lake Rd,Charlotte,NC,28212-2833,US,2565,,Sarah Brooks,"Wilora Lake has been a staple in the East Charlotte community for years. Charlotte offers dozens of short term rehab options, but what sets Wilora Lake apart is the staff who go above and beyond to meet the needs of the people who are entrusted into their care. Olive Garden has said, “when you’re here, you’re family,” and that sentiment also applies to Wilora Lake. Their nurses and CNAs are the breadsticks and salad that immediately satisfy and sustain life. Their wound care team and other specialists are the marinara that hold centuries upon centuries of the tradition of caregiving. Their rehab team is the Zuppa Toscana that warms the soul and brings you back to life on even the darkest of days. Their administrator serves as the chicken parm; the consistent classic that keeps families coming back again and again. And finally, the social worker is the Sicilian cheesecake, adding a delightful sweetness to this wild and wonderful slice of life. I encourage anyone in the community to explore the care at this facility. When you’re at Wilora Lake, you’re family.",5,10/18/2025,Many thanks for the 5-star review! We genuinely value your support and feedback. ,11/13/2025,gmb,https://maps.google.com/maps?cid=12883400636958841292
synergyhlthcr-avardis,Ghent Health and Rehabilitation,3900 Llewellyn Ave,Norfolk,VA,23504-1203,US,2655,,Mrs. Bernard,"**An Outstanding Establishment**

Ghent Health and Rehabilitation Center distinctly emerges as a commendable institution in the realm of long-term care. The professionalism exhibited by the staff is noteworthy, and the leadership demonstrates a genuine commitment to addressing concerns and implementing necessary changes. While, as with any organization, there are occasional instances of less favorable attitudes among personnel, it is evident that the leadership is actively engaged in recruiting fresh and positive talent.

The environmental services team warrants particular recognition; the facility consistently maintains high standards of cleanliness, successfully avoiding the common odors associated with many long-term care facilities. Moreover, the Human Resources department diligently ensures that payroll is processed punctually and that employees are adequately equipped to perform their roles effectively.

Having visited numerous long-term care facilities, I find that Ghent Health and Rehabilitation Center possesses a uniquely welcoming atmosphere that fosters a strong sense of community and compassion. Every individual I encountered made a significant contribution to the overall positive experience.

Although it may not be flawless, Ghent Health and Rehabilitation Center is undoubtedly one of the more outstanding facilities I have observed. I commend the organization for its efforts and encourage the continuation of its exemplary practices. WORK! 👏",5,10/18/2025,Many thanks for the 5-star review! We genuinely value your support and feedback. ,11/13/2025,gmb,https://maps.google.com/maps?cid=10233776105323789694
synergyhlthcr-avardis,Willowbrook Rehabilitation and Care,333 E Lee Ave,Yadkinville,NC,27055-8132,US,2564,,Holly Bernardini,The administration team and nursing staff are amazing at this facility!,5,10/17/2025,Many thanks for the 5-star review! We genuinely value your support and feedback. ,11/13/2025,gmb,https://maps.google.com/maps?cid=13181415108160796263
synergyhlthcr-avardis,Ashland Nursing and Rehabilitation,906 Thompson Street,Ashland,VA,23005-1128,US,2650,,Chanel Marquez,,5,10/17/2025,Many thanks for your 5-star review!!!,10/21/2025,gmb,https://maps.google.com/maps?cid=11144595113974665893
synergyhlthcr-avardis,Starkville Manor Health Care and Rehabilitation,1001 Hospital Rd,Starkville,MS,39759-2125,US,2503,,Lyndsey Fulcher,Best facility! Very kind employees!,5,10/17/2025,Many thanks for the 5-star review! We genuinely value your support and feedback. ,11/13/2025,gmb,https://maps.google.com/maps?cid=10689748702764398361
synergyhlthcr-avardis,Cardinal Healthcare and Rehabilitation,931 N Aspen St,Lincolnton,NC,28092-2113,US,2553,,Miranda Christenbury,"This is an amazing facility, they care for every resident and get to know them like family. They throw parties for them and make every holiday a happy time for them. If you have any questions no matter how small you can ask any staff or administration and if they do not know they will find someone who does. They are resident centered care and it is truly wonderful.",5,10/17/2025,Many thanks for the 5-star review! We genuinely value your support and feedback. ,11/13/2025,gmb,https://maps.google.com/maps?cid=5235987348951661631
synergyhlthcr-avardis,Ghent Health and Rehabilitation,3900 Llewellyn Ave,Norfolk,VA,23504-1203,US,2655,,thea nicole,"I enjoy working here, the staff is amazing!",5,10/17/2025,Many thanks for the 5-star review! We genuinely value your support and feedback. ,11/13/2025,gmb,https://maps.google.com/maps?cid=10233776105323789694
synergyhlthcr-avardis,Ghent Health and Rehabilitation,3900 Llewellyn Ave,Norfolk,VA,23504-1203,US,2655,,brenae pooler,,5,10/17/2025,Many thanks for your 5-star review!!!,10/21/2025,gmb,https://maps.google.com/maps?cid=10233776105323789694
synergyhlthcr-avardis,Ghent Health and Rehabilitation,3900 Llewellyn Ave,Norfolk,VA,23504-1203,US,2655,,Enese Smith,Very clean place love this establishment they are a loving environment. My favorite worker is Marie she is so sweet and kind.,5,10/16/2025,Many thanks for the 5-star review! We genuinely value your support and feedback. ,11/13/2025,gmb,https://maps.google.com/maps?cid=10233776105323789694
synergyhlthcr-avardis,Ghent Health and Rehabilitation,3900 Llewellyn Ave,Norfolk,VA,23504-1203,US,2655,,Marc Sound,"I came to Ghent Rehabilitation after 2 severe and life threatening conditions. I was unable to walk, so i needed care after the hospital. The facility itself and the people have been very caring toward me and the physical Rehab folks Mark and Christopher got me walking again in record time. I was very worried about that when i first got there. I am really grateful to everyone who assisted in my recovery. I had 2 bad roomate situations and they corrected it within a day. There are a lot of really lovely people there and it seems they are always working to improve the facility.",5,10/16/2025,Many thanks for the 5-star review! We genuinely value your support and feedback. ,11/13/2025,gmb,https://maps.google.com/maps?cid=10233776105323789694
synergyhlthcr-avardis,Ghent Health and Rehabilitation,3900 Llewellyn Ave,Norfolk,VA,23504-1203,US,2655,,Taurin Perry,"As a family member of a patient who recently completed treatment here, I can’t say enough good things about this rehab facility. From the moment our loved one was admitted, the staff showed genuine care, patience, and professionalism. They took the time to keep our family informed, answered every question, and treated our loved one with dignity and compassion.

We’re so grateful for the progress our loved one made and the encouragement we all received along the way. This place truly gave us hope and a fresh start. Highly recommend to any family looking for a caring and effective rehabilitation program.",5,10/16/2025,Many thanks for the 5-star review! We genuinely value your support and feedback. ,11/13/2025,gmb,https://maps.google.com/maps?cid=10233776105323789694
synergyhlthcr-avardis,Ghent Health and Rehabilitation,3900 Llewellyn Ave,Norfolk,VA,23504-1203,US,2655,,yousemyre clervil,"A great place to work! The team is supportive, the environment is positive, and management truly cares about both employees and clients. I’m proud to be part of this organization.",5,10/16/2025,Many thanks for the 5-star review! We genuinely value your support and feedback. ,11/13/2025,gmb,https://maps.google.com/maps?cid=10233776105323789694
synergyhlthcr-avardis,Walnut Cove Health and Rehabilitation,511 Windmill St,Walnut Cove,NC,27052-7706,US,2562,,Teresa Welborn,"I have to brag on the care this team of staff gives to the residents. I witnessed something Ive never seen in any other facility, during a resident activities outing that truly defines teamwork and shows that the staff have passion for the care of the residents and that is what it's all about. Great staff who know how to pull together!",5,10/16/2025,Many thanks for the 5-star review! We genuinely value your support and feedback. ,11/13/2025,gmb,https://maps.google.com/maps?cid=7743540191664109650
synergyhlthcr-avardis,Ghent Health and Rehabilitation,3900 Llewellyn Ave,Norfolk,VA,23504-1203,US,2655,,Dajoure Cunningham,"This is truly one of the best organizations I’ve had the opportunity to work with. The workplace culture is outstanding, with regular staff events and weekly 'Fun Fridays' that make it an engaging and enjoyable environment. I’m grateful to work alongside such a supportive and dedicated team, and I feel fortunate to be part of such an exceptional organization.",5,10/16/2025,Many thanks for the 5-star review! We genuinely value your support and feedback. ,11/13/2025,gmb,https://maps.google.com/maps?cid=10233776105323789694
synergyhlthcr-avardis,Wilora Lake Healthcare,6001 Wilora Lake Rd,Charlotte,NC,28212-2833,US,2565,,Linda Kiser Jessup,"My mother died in that place.Her tongue was swolle up and they didn't clean her butt. My mother said one of the nurses had threatened her.If she peed on the floor in the bathroom, she was going to make her wipe it up.",1,10/16/2025,"Your concerns are valid, and we're sorry to hear that your visit did not reflect the safe, welcoming environment we are committed to providing. We believe that dignity in care includes attention to every detail, from cleanliness to comfort. We've shared your feedback with our environmental services and operations teams, and we'd welcome the chance to learn more about your experience and make necessary improvements. Please email us at Social@avardishealth.com.",10/21/2025,gmb,https://maps.google.com/maps?cid=12883400636958841292
synergyhlthcr-avardis,Jamestown Health and Rehabilitation,1811 Jamestown Rd,Williamsburg,VA,23185-2326,US,2658,,Barbara Williams,Physical therapy  was great.first shift staff enjoyed the most but most of the staff very  pleasant.,5,10/16/2025,Many thanks for the 5-star review! We genuinely value your support and feedback. ,11/13/2025,gmb,https://maps.google.com/maps?cid=2496657677262714810
synergyhlthcr-avardis,Ghent Health and Rehabilitation,3900 Llewellyn Ave,Norfolk,VA,23504-1203,US,2655,,Melissa Coffin,"As an industry professional who frequents Ghent Health & Rehab regularly, I felt it was the right time to share my feedback with others seeking insight into the facility's care and environment.  Over the past year, Ghent Health & Rehab has undergone an impressive transformation - truly turning things around for the better.

The staff are engaged, compassionate, and consistently responsive to patients' needs.  It's clear they genuinely care about the people they serve and take pride in providing quality care.  The overall atmosphere in the building now reflects teamwork, professionalism, and dedication to improvement.

It's encouraging to see such a positive change, and I would confidently recommend Ghent Health & Rehab to anyone looking for a facility that truly prioritizes the well-being and dignity of its patients and long-term care residents.",5,10/16/2025,Many thanks for the 5-star review! We genuinely value your support and feedback. ,11/13/2025,gmb,https://maps.google.com/maps?cid=10233776105323789694
synergyhlthcr-avardis,Ghent Health and Rehabilitation,3900 Llewellyn Ave,Norfolk,VA,23504-1203,US,2655,,Marie Charles,"The team here truly cares about their residents and families. Everyone is friendly, helpful, and dedicated. I’m so grateful for the kindness and support they show every day. Definitely a 5-star experience.",5,10/16/2025,Many thanks for the 5-star review! We genuinely value your support and feedback. ,11/13/2025,gmb,https://maps.google.com/maps?cid=10233776105323789694
synergyhlthcr-avardis,Ghent Health and Rehabilitation,3900 Llewellyn Ave,Norfolk,VA,23504-1203,US,2655,,Taleysha Whitley,"Ghent Healthcare and Rehabilitation provides an exceptional standard of care for its residents. The facility maintains a clean, safe, and well-organized environment that promotes both comfort and recovery. The nursing and rehabilitation teams demonstrate a high level of professionalism, skill, and compassion in meeting the individual needs of each patient. Communication with families is consistent and transparent, ensuring that everyone is informed and involved in the care process. The rehabilitation services are particularly noteworthy, with dedicated therapists who focus on helping patients achieve meaningful progress and independence. Overall, Ghent Healthcare and Rehabilitation exemplifies excellence in patient care and stands out as a trusted provider in the community.",5,10/16/2025,Many thanks for the 5-star review! We genuinely value your support and feedback. ,11/13/2025,gmb,https://maps.google.com/maps?cid=10233776105323789694
synergyhlthcr-avardis,Ghent Health and Rehabilitation,3900 Llewellyn Ave,Norfolk,VA,23504-1203,US,2655,,anonymous employee,Exceptional care provided to the residents. The administration staff is great and is very hands on.,5,10/16/2025,Many thanks for the 5-star review! We genuinely value your support and feedback. ,11/13/2025,gmb,https://maps.google.com/maps?cid=10233776105323789694
synergyhlthcr-avardis,Ghent Health and Rehabilitation,3900 Llewellyn Ave,Norfolk,VA,23504-1203,US,2655,,Stefon Stubbs,"I can't speak highly enough about the care and attention to detail at Ghent Health & Rehab. From the moment you walk through the doors, it's clear that this facility is committed to providing a clean, safe, and welcoming environment for residents and visitors alike.

One of the standout aspects of Ghent is the exceptional work done by the housekeeping team. They are truly the unsung heroes of the facility. Every hallway, room, and common area is spotless and well-maintained, which not only makes the space feel more comfortable but also promotes a healthier environment for everyone.",5,10/16/2025,Many thanks for the 5-star review! We genuinely value your support and feedback. ,11/13/2025,gmb,https://maps.google.com/maps?cid=10233776105323789694
synergyhlthcr-avardis,Ghent Health and Rehabilitation,3900 Llewellyn Ave,Norfolk,VA,23504-1203,US,2655,,Marcia Keeling,I love working with the company. The ppl are so sweet Jennifer you rock. Tiffany my girl and amber Yasser boo,5,10/16/2025,Many thanks for the 5-star review! We genuinely value your support and feedback. ,11/13/2025,gmb,https://maps.google.com/maps?cid=10233776105323789694
synergyhlthcr-avardis,Ghent Health and Rehabilitation,3900 Llewellyn Ave,Norfolk,VA,23504-1203,US,2655,,Dashae Wade,"Great staff , and great environment for the patients!",5,10/16/2025,Many thanks for the 5-star review! We genuinely value your support and feedback. ,11/13/2025,gmb,https://maps.google.com/maps?cid=10233776105323789694
synergyhlthcr-avardis,Ghent Health and Rehabilitation,3900 Llewellyn Ave,Norfolk,VA,23504-1203,US,2655,,Theotis Smithd,,5,10/16/2025,Many thanks for your 5-star review!!!,10/21/2025,gmb,https://maps.google.com/maps?cid=10233776105323789694
synergyhlthcr-avardis,Ghent Health and Rehabilitation,3900 Llewellyn Ave,Norfolk,VA,23504-1203,US,2655,,Ambar Medrano,"Gregory Wright is a resident in Ghent Health & Rehabilitation, he has this to say ….",5,10/16/2025,Many thanks for the 5-star review! We genuinely value your support and feedback. ,11/13/2025,gmb,https://maps.google.com/maps?cid=10233776105323789694
synergyhlthcr-avardis,Walnut Cove Health and Rehabilitation,511 Windmill St,Walnut Cove,NC,27052-7706,US,2562,,Ronald Jones,"During my stay at Walnut Cove Health and Rehab I have experienced professional and caring people, almost like my second home.
I would like to give a shout out to some hard working CNAs  Wilma, Melinda, Stephanie, and the best nurse ever Ann.
Thanks for everyone’s hard work and putting up with me during my stay.
Come and see us and enjoy the best care.

Ronald Jones",5,10/15/2025,Many thanks for the 5-star review! We genuinely value your support and feedback. ,11/13/2025,gmb,https://maps.google.com/maps?cid=7743540191664109650
synergyhlthcr-avardis,Augusta Nursing and Rehabilitation,83 Crossroads Ln,Fishersville,VA,22939-2331,US,2651,,JereLine Lawrence,Awesome place!  New ED and he is great and the new DON is all over it.  Great staff and the place is clean!,5,10/15/2025,JereLine. thank you for sharing your experience. We appreciate the feedback!,11/14/2018,gmb,https://maps.google.com/maps?cid=16985310285984521867
synergyhlthcr-avardis,Walnut Cove Health and Rehabilitation,511 Windmill St,Walnut Cove,NC,27052-7706,US,2562,,Phillip Greene,I enjoy being here. Staff has been great. Food is wonderful. PT was amazing and recovered well.,5,10/15/2025,Many thanks for the 5-star review! We genuinely value your support and feedback. ,11/13/2025,gmb,https://maps.google.com/maps?cid=7743540191664109650
synergyhlthcr-avardis,The Manor at Penn Village,51 Route 204,Selinsgrove,PA,17870-7971,US,2608,,lori fisher,"Great staff, caring and compassionate. I’ve seen them go the extra mile to see that the residents and their families have what they need.",5,10/15/2025,Many thanks for the 5-star review! We genuinely value your support and feedback. ,11/13/2025,gmb,https://maps.google.com/maps?cid=10936063054836607631
synergyhlthcr-avardis,Pheasant Ridge Nursing and Rehabilitation,4355 Pheasant Ridge Rd,Roanoke,VA,24014-5272,US,2656,,Buck Goad,,5,10/15/2025,Many thanks for your 5-star review!!!,10/21/2025,gmb,https://maps.google.com/maps?cid=1982640372297032831
synergyhlthcr-avardis,Clay County Health and Rehabilitation,86 Valley Hideaway Dr,Hayesville,NC,28904-9674,US,2555,,Kyle Wolfe,I have a relative living at Clay.  He gets the best care.  We love the way everyone has a smile on their face and immediately handles any concerns we may have.  A shout out to Oskar in maintenance! He is amazing! And the rest of the staff are so kind. I would recommend Clay to anyone in need.,5,10/15/2025,Many thanks for the 5-star review! We genuinely value your support and feedback. ,11/13/2025,gmb,https://maps.google.com/maps?cid=13135783167940185773
synergyhlthcr-avardis,Pheasant Ridge Nursing and Rehabilitation,4355 Pheasant Ridge Rd,Roanoke,VA,24014-5272,US,2656,,Jerry Jones,,5,10/15/2025,Many thanks for your 5-star review!!!,10/21/2025,gmb,https://maps.google.com/maps?cid=1982640372297032831
synergyhlthcr-avardis,Walnut Cove Health and Rehabilitation,511 Windmill St,Walnut Cove,NC,27052-7706,US,2562,,Joy Hambright,,5,10/15/2025,Many thanks for your 5-star review!!!,10/21/2025,gmb,https://maps.google.com/maps?cid=7743540191664109650
synergyhlthcr-avardis,Pheasant Ridge Nursing and Rehabilitation,4355 Pheasant Ridge Rd,Roanoke,VA,24014-5272,US,2656,,Lindsey Noel,,5,10/14/2025,Many thanks for your 5-star review!!!,10/21/2025,gmb,https://maps.google.com/maps?cid=1982640372297032831
synergyhlthcr-avardis,Valley View Care and Rehabilitation,551 Kent St,Andrews,NC,28901-8088,US,2551,,Linze Valle,,5,10/14/2025,Many thanks for your 5-star review!!!,10/21/2025,gmb,https://maps.google.com/maps?cid=2396509878638319441
synergyhlthcr-avardis,Emerald Ridge Health and Rehabilitation,25 Reynolds Mountain Blvd,Asheville,NC,28804-1270,US,2556,,Linze Valle,,5,10/14/2025,Many thanks for your 5-star review!!!,10/21/2025,gmb,https://maps.google.com/maps?cid=4215589149897886275
synergyhlthcr-avardis,Biltmore Haven Nursing and Rehabilitation,3864 Sweeten Creek Rd,Arden,NC,28704-3136,US,2561,,Linze Valle,,5,10/14/2025,Many thanks for your 5-star review!!!,10/21/2025,gmb,https://maps.google.com/maps?cid=16957879690051259397
synergyhlthcr-avardis,Cardinal Healthcare and Rehabilitation,931 N Aspen St,Lincolnton,NC,28092-2113,US,2553,,Linze Valle,,5,10/14/2025,Many thanks for your 5-star review!!!,10/21/2025,gmb,https://maps.google.com/maps?cid=5235987348951661631
synergyhlthcr-avardis,Skyline Nursing and Rehabilitation,237 Franklin Pike SE,Floyd,VA,24091-2893,US,2657,,Sabrina Freitas,"I can’t say enough good things about Skyline Nursing & Rehab Center in Floyd, Virginia. They have been absolutely wonderful with my family and our loved one. The entire staff is kind, attentive, and truly goes the extra mile to make sure everyone is cared for with respect and compassion.

They are great with families, always keeping us updated and making sure we feel included in every step of the care process. You can really tell that they love what they do and that they treat each resident like family.

The service is excellent—from the nursing team to the rehab staff, everyone provides wonderful, wonderful care. It gives me such peace of mind knowing our loved one is in such good hands.

I highly recommend Skyline Nursing & Rehab Center to anyone looking for a caring, professional, and supportive place for their loved one. They truly make a difference! 💙",5,10/14/2025,Many thanks for the 5-star review! We genuinely value your support and feedback. ,11/13/2025,gmb,https://maps.google.com/maps?cid=6952069171432930945
synergyhlthcr-avardis,Ghent Health and Rehabilitation,3900 Llewellyn Ave,Norfolk,VA,23504-1203,US,2655,,Lilbit Phillips,The people that work there are very nice and respectful and so are the residents they are very sweet and funny as well i love working there.,5,10/13/2025,Many thanks for the 5-star review! We genuinely value your support and feedback. ,11/13/2025,gmb,https://maps.google.com/maps?cid=10233776105323789694
synergyhlthcr-avardis,Wellington Rehabilitation and Healthcare,1000 Tandal Pl,Knightdale,NC,27545-8842,US,2563,,zyquon Venable,"Great staff, the best facility I could have ever had a family member in",5,10/13/2025,Many thanks for the 5-star review! We genuinely value your support and feedback. ,11/13/2025,gmb,https://maps.google.com/maps?cid=3886324912718004434
synergyhlthcr-avardis,Greenbough Health and Rehabilitation Center,340 Desoto Avenue Ext,Clarksdale,MS,38614-2814,US,2021,,Timothy Brown,It's the worst place to place your love in. The staff don't care and the leadership is non existence. I'm currently looking for a legal help. This place is hell for seniors. They trying to send them to the upper room.😤😡🤬,1,10/13/2025,"We're truly sorry to hear that your experience did not reflect the standard of care we aim to deliver. We are committed to a culture of accountability, where every voice matters, especially those of the families we serve. Your feedback is invaluable and will be shared with our leadership team to help us do better. We would appreciate the opportunity to connect directly and learn more, so we can work toward a resolution together. Please email us at Social@avardishealth.com.",10/21/2025,gmb,https://maps.google.com/maps?cid=3835756123400006908
synergyhlthcr-avardis,Ghent Health and Rehabilitation,3900 Llewellyn Ave,Norfolk,VA,23504-1203,US,2655,,Deja Diona,"Ghent Healthcare and Rehabilitation provides an exceptional standard of care for its residents. The facility maintains a clean, safe, and well-organized environment that promotes both comfort and recovery. The nursing and rehabilitation teams demonstrate a high level of professionalism, skill, and compassion in meeting the individual needs of each patient. Communication with families is consistent and transparent, ensuring that everyone is informed and involved in the care process. The rehabilitation services are particularly noteworthy, with dedicated therapists who focus on helping patients achieve meaningful progress and independence. Overall, Ghent Healthcare and Rehabilitation exemplifies excellence in patient care and stands out as a trusted provider in the community.",5,10/13/2025,Many thanks for the 5-star review! We genuinely value your support and feedback. ,11/13/2025,gmb,https://maps.google.com/maps?cid=10233776105323789694
synergyhlthcr-avardis,Starkville Manor Health Care and Rehabilitation,1001 Hospital Rd,Starkville,MS,39759-2125,US,2503,,Freddy Mount,Fun place to be. Activities are so much fun!,5,10/13/2025,Many thanks for the 5-star review! We genuinely value your support and feedback. ,11/13/2025,gmb,https://maps.google.com/maps?cid=10689748702764398361
synergyhlthcr-avardis,Starkville Manor Health Care and Rehabilitation,1001 Hospital Rd,Starkville,MS,39759-2125,US,2503,,DKM,The team cares so much! Wonderful experience.,5,10/13/2025,Many thanks for the 5-star review! We genuinely value your support and feedback. ,11/13/2025,gmb,https://maps.google.com/maps?cid=10689748702764398361
synergyhlthcr-avardis,Starkville Manor Health Care and Rehabilitation,1001 Hospital Rd,Starkville,MS,39759-2125,US,2503,,Raelin Mount,Great place for your loved ones,5,10/13/2025,Many thanks for the 5-star review! We genuinely value your support and feedback. ,11/13/2025,gmb,https://maps.google.com/maps?cid=10689748702764398361
synergyhlthcr-avardis,Crown Haven Health and Rehabilitation,620 Tom Hunter Rd,Charlotte,NC,28213-5511,US,2558,,Janet Brice,"My fiancé was recently at this facility, praying that he could receive good care there & not be neglected. He is paralyzed completely on the left side. He always is a stroke patient. He was lots of health complications, he is on continuous oxygen. They placed him in a room with a patient that continues to cough uncontrollably. At which my fiancé can’t be around that he has lung failure & heart failure. He was never offered another bed. When I return to this facility the next day around 8pm. He was so dirty never washed. Hands was so full of urine from him trying to use the urinal, then he trying to use that same hand to feed himself. Which he is a feeder & needs help. No help at all. Then I find him with a mask out & his oxygen tube in his noise. & the oxygen concentrater runny but the tube end that goes in the machine was on the dirty floor. Not connected in the machine at all. I goes to get the nurse. Oh she too busy don’t have time. When she finally came back into the room. She was so very unprofessional, disrespectful to me, started yelling at me. She was even saying it’s was first shift fault. Here it is after 8pm. Which means he was without his oxygen w/ a freaking mask on. All day. No one cared to even check on him. I was told that this facility has changed all the bad workers. That’s a damn lie. I was told that this facility was a great facility, that’s a lie too. They only told the nurses. Statement, never even reach out to me to find out what happened, never even called to apologize for the experience that we received there. And these CNA has 20 plus patients. That far too many patients for (1) CNA.",1,10/13/2025,"We're truly sorry to hear that your experience did not reflect the standard of care we aim to deliver. We are committed to a culture of accountability, where every voice matters, especially those of the families we serve. Your feedback is invaluable and will be shared with our leadership team to help us do better. We would appreciate the opportunity to connect directly and learn more, so we can work toward a resolution together. Please email us at Social@avardishealth.com.",10/21/2025,gmb,https://maps.google.com/maps?cid=11657639674393206308
synergyhlthcr-avardis,Courtyard Health and Rehabilitation,501 S Locust St,McComb,MS,39648-4336,US,2506,,Shanna Ratliff,Welcoming atmosphere. The ladies in social services are the best!!,5,10/13/2025,,,gmb,https://maps.google.com/maps?cid=15418050129558257653
synergyhlthcr-avardis,Ghent Health and Rehabilitation,3900 Llewellyn Ave,Norfolk,VA,23504-1203,US,2655,,Gregory Wright,"I'm writing this letter to give thanks to the Physical Therapy depr. Dr T, Maureen, Mark Amanda and Noah. I really wouldn't be able to walk again if it wasn't for them pushing me and I had to trust them. And if they didn't push me, to make me walk again even though I was in pain Maureen and mark  stayed on me pushing me to walk.
There are others on Physical therapy that I would like to thank for there help, Debbie and Clarise as they help in the process of getting me back on my feet.
Sincerely
Greg Wright",5,10/13/2025,Many thanks for the 5-star review! We genuinely value your support and feedback. ,11/13/2025,gmb,https://maps.google.com/maps?cid=10233776105323789694
synergyhlthcr-avardis,Wellington Rehabilitation and Healthcare,1000 Tandal Pl,Knightdale,NC,27545-8842,US,2563,,Laura Mccullough,I stayed here for over 2 months and the stay and the staff was phenomenal. I was back on my feet and I owe it to the staff at Wellington,5,10/13/2025,Many thanks for the 5-star review! We genuinely value your support and feedback. ,11/13/2025,gmb,https://maps.google.com/maps?cid=3886324912718004434
synergyhlthcr-avardis,Wellington Rehabilitation and Healthcare,1000 Tandal Pl,Knightdale,NC,27545-8842,US,2563,,Whitney Mccullough,No rehabilitation facility is perfect but there are many hard working nurses and CNAs here that really care about the patients. My mom was able to adjust over time and make friends with many of the staff. Our issues occur most often with the overnight shifts but the morning staff is the best.,4,10/13/2025,,,gmb,https://maps.google.com/maps?cid=3886324912718004434
synergyhlthcr-avardis,The Oaks Rehabilitation and Healthcare,3716 Highway 39 N,Meridian,MS,39301-1013,US,2502,,Charlotte Butler,"⭐️⭐️⭐️⭐️⭐️
I absolutely love working here! The environment is supportive, professional, and positive every single day. Management truly values their employees and goes above and beyond to make sure everyone feels appreciated. Teamwork and communication are top priorities, and you can really see the difference it makes. I’ve learned so much and grown both personally and professionally since joining this company. Highly recommend this place to anyone looking for a great career and an amazing team to be part of!",5,10/13/2025,,,gmb,https://maps.google.com/maps?cid=5232290777239781461
synergyhlthcr-avardis,The Oaks Rehabilitation and Healthcare,3716 Highway 39 N,Meridian,MS,39301-1013,US,2502,,Amy Marino,,5,10/13/2025,Many thanks for your 5-star review!!!,10/21/2025,gmb,https://maps.google.com/maps?cid=5232290777239781461
synergyhlthcr-avardis,Newport News Nursing and Rehabilitation,12997 Nettles Dr,Newport News,VA,23602-6913,US,2654,,Brielle Jackson,,5,10/13/2025,Many thanks for your 5-star review!!!,10/21/2025,gmb,https://maps.google.com/maps?cid=2324153722059615782
synergyhlthcr-avardis,Jamestown Health and Rehabilitation,1811 Jamestown Rd,Williamsburg,VA,23185-2326,US,2658,,Brielle Jackson,,5,10/13/2025,Many thanks for your 5-star review!!!,10/21/2025,gmb,https://maps.google.com/maps?cid=2496657677262714810
synergyhlthcr-avardis,Ghent Health and Rehabilitation,3900 Llewellyn Ave,Norfolk,VA,23504-1203,US,2655,,Brielle Jackson,,5,10/13/2025,Many thanks for your 5-star review!!!,10/21/2025,gmb,https://maps.google.com/maps?cid=10233776105323789694
synergyhlthcr-avardis,Clay County Health and Rehabilitation,86 Valley Hideaway Dr,Hayesville,NC,28904-9674,US,2555,,Brandie McTaggart,Kindness matters at Clay county.  There is a standard of kindness and consideration of residents as we work in their home.  Respect is priority.,4,10/13/2025,,,gmb,https://maps.google.com/maps?cid=13135783167940185773
synergyhlthcr-avardis,Hilltop Manor Health and Rehabilitation,101 Kirkland St,Union,MS,39365-3205,US,2501,,Charlotte Butler,"⭐️⭐️⭐️⭐️⭐️
This facility truly goes above and beyond for its residents. The staff are compassionate, patient, and always willing to help — you can tell they genuinely care about the people they serve. The building is clean, well-kept, and has a warm, welcoming atmosphere. Communication with families is great, and the nursing team is attentive and knowledgeable. From therapy to activities, everything is designed to help residents feel comfortable and supported. I’m so grateful for the care and dedication shown here — I would highly recommend this facility to anyone looking for quality skilled nursing care.",5,10/13/2025,,,gmb,https://maps.google.com/maps?cid=16672777635584569979
synergyhlthcr-avardis,Ghent Health and Rehabilitation,3900 Llewellyn Ave,Norfolk,VA,23504-1203,US,2655,,Angie B,".I have  been part of this family for  many years, and I couldn’t be more grateful for the experience. This place is filled with caring, hardworking people who go above and beyond for our residents every single day. The love, teamwork, and dedication here make it feel like home not just for the residents, but for the staff too. It’s been an honor to grow and serve alongside such a wonderful team. This place has made so much improvement. We are headed in the right direction. We are one band, one sound. I love the services that we provide her at Ghent Health and Rehabilitation we strive everyday to do better than yesterday. We try to be one big family here. We are working on becoming the best facility in Norfolk for your love ones’s. We do a phenomenal job here, taking care of our residents’s. Shout out to our administrator and her team.for working so hard to make this a better place to work and live  We are under construction come grow with us.",5,10/13/2025,,,gmb,https://maps.google.com/maps?cid=10233776105323789694
synergyhlthcr-avardis,Willowbrook Rehabilitation and Care,333 E Lee Ave,Yadkinville,NC,27055-8132,US,2564,,Edward,"I am a resident here at Willowbrook. I have been here for about 2 years. I enjoy playing bingo, playing jeopardy, and the parties. I like the staff and the care they provide.",5,10/13/2025,,,gmb,https://maps.google.com/maps?cid=13181415108160796263
synergyhlthcr-avardis,Augusta Nursing and Rehabilitation,83 Crossroads Ln,Fishersville,VA,22939-2331,US,2651,,john mcdaniel,Visited a friend here with a group  and this place is disgusting. As soon as you walk in it smells like urine. There were dirty wet urine sheets thrown in the hallway when i was walking down the hall to the room. People are screaming for help. The roommate of my friend reports the nursing staff doesn’t care  and they don’t answer the call lights so they sit in urine all day. I saw one of the employees pick a pill off the floor by a man sitting in the hall by the nurses desk on my way out. i’m going to encourage them to post a review also as they saw the same .,1,10/12/2025,"Your concerns are valid, and we're sorry to hear that your visit did not reflect the safe, welcoming environment we are committed to providing. We believe that dignity in care includes attention to every detail, from cleanliness to comfort. We've shared your feedback with our environmental services and operations teams, and we'd welcome the chance to learn more about your experience and make necessary improvements. Please email us at Social@avardishealth.com.",10/21/2025,gmb,https://maps.google.com/maps?cid=16985310285984521867
synergyhlthcr-avardis,Wellington Rehabilitation and Healthcare,1000 Tandal Pl,Knightdale,NC,27545-8842,US,2563,,Crystal Hinton,My father went there for rehab. I was told that they would be doing physical therapy with him every day. They lied 🤥!!! They did physical therapy with him maybe once or twice a week and that was that. Some of the nurses there are very good and some have really bad attitudes towards the patients and visitors. My father told me that one of his nurses was very mean towards him because she had to do her job as in changing him. They only put clothes on when asked. If you don’t ask they will leave you in night clothes all day long. I went to go see my father and the nurse left him on his side with his pants pulled down while she walked off to go get the things she needed to change him. I waited in the hallway for 5 to 6 minutes before she came back to finish up her job. I wouldn’t recommend this place to anyone!!!!!,1,10/12/2025,"We're truly sorry to hear that your experience did not reflect the standard of care we aim to deliver. We are committed to a culture of accountability, where every voice matters, especially those of the families we serve. Your feedback is invaluable and will be shared with our leadership team to help us do better. We would appreciate the opportunity to connect directly and learn more, so we can work toward a resolution together. Please email us at Social@avardishealth.com.",10/21/2025,gmb,https://maps.google.com/maps?cid=3886324912718004434
synergyhlthcr-avardis,Willowbrook Rehabilitation and Care,333 E Lee Ave,Yadkinville,NC,27055-8132,US,2564,,Alex,"Everyone is kind, I recommend it. Great service.",5,10/11/2025,,,gmb,https://maps.google.com/maps?cid=13181415108160796263
synergyhlthcr-avardis,Wilora Lake Healthcare,6001 Wilora Lake Rd,Charlotte,NC,28212-2833,US,2565,,Denise Johnson,I called Wilora to speak to the social worker and I was moved by how she handled my concerns. She listened gave recommendations and ultimately we got my cousin transferred to a long term care facility. Thank you wilora lake for taking care of my cousin.,5,10/11/2025,,,gmb,https://maps.google.com/maps?cid=12883400636958841292
synergyhlthcr-avardis,Wilora Lake Healthcare,6001 Wilora Lake Rd,Charlotte,NC,28212-2833,US,2565,,Hannah Harper,I recently toured Wilora Lake and found all the staff to be both welcoming and knowledgeable. Really appreciated being able to see everything from the clean rooms to the therapy gym!,5,10/11/2025,,,gmb,https://maps.google.com/maps?cid=12883400636958841292
synergyhlthcr-avardis,Wilora Lake Healthcare,6001 Wilora Lake Rd,Charlotte,NC,28212-2833,US,2565,,Hannah Conner,Friendly and warm atmosphere between the residents and staff! My aunt always appears comfortable and well cared for!,5,10/11/2025,,,gmb,https://maps.google.com/maps?cid=12883400636958841292
synergyhlthcr-avardis,Courtyard Health and Rehabilitation,501 S Locust St,McComb,MS,39648-4336,US,2506,,Rihonna Ratliff,,5,10/11/2025,Many thanks for your 5-star review!!!,10/21/2025,gmb,https://maps.google.com/maps?cid=15418050129558257653
synergyhlthcr-avardis,Courtyard Health and Rehabilitation,501 S Locust St,McComb,MS,39648-4336,US,2506,,Pat Ratliff,,5,10/11/2025,Many thanks for your 5-star review!!!,10/21/2025,gmb,https://maps.google.com/maps?cid=15418050129558257653
synergyhlthcr-avardis,Oak Grove Healthcare,518 Old US 221 N Hwy,Rutherfordton,NC,28139,US,2560,,Brynn Idk,"My mom has worked here since I was little and I’ve practically have grown up here. This is such an amazing facility.  The staff and residents know me and my sisters by name and we’ve gotten to participate in many of the building’s activities including senior prom, bingo, New Year’s party, valentines party etc…   The building itself is very clean and the kitchen staff are amazing. Overall this is one of the best facilities out there!",5,10/11/2025,,,gmb,https://maps.google.com/maps?cid=4663812526415986294
synergyhlthcr-avardis,Oak Grove Healthcare,518 Old US 221 N Hwy,Rutherfordton,NC,28139,US,2560,,james farmer,"I was a resident there after a hip fracture. I went to oak grove because my grand daughter has worked there for many years. From before I even arrived the staff knew my name, had my room ready and personalized and I saw this done for all residents who came in after me. The staff was so warm and welcoming, the food was excellent. My grand daughter is the social worker there and I watched her truly connect with every resident and individualize them. My nursing team got me through a lot of really hard times being away from home.  The facility is clean and very home like. Would recommend to everyone who needs services in this setting.",5,10/11/2025,,,gmb,https://maps.google.com/maps?cid=4663812526415986294
synergyhlthcr-avardis,Cardinal Healthcare and Rehabilitation,931 N Aspen St,Lincolnton,NC,28092-2113,US,2553,,Prim,,1,10/11/2025,"We're truly sorry to see a 1-star rating. Your experience matters to us, and take all concerns and feedback seriously. Please contact us directly so we can listen, learn, and work to make things right.",10/21/2025,gmb,https://maps.google.com/maps?cid=5235987348951661631
synergyhlthcr-avardis,Biltmore Haven Nursing and Rehabilitation,3864 Sweeten Creek Rd,Arden,NC,28704-3136,US,2561,,Prim,,1,10/11/2025,"We're truly sorry to see a 1-star rating. Your experience matters to us, and take all concerns and feedback seriously. Please contact us directly so we can listen, learn, and work to make things right.",10/21/2025,gmb,https://maps.google.com/maps?cid=16957879690051259397
synergyhlthcr-avardis,Wilora Lake Healthcare,6001 Wilora Lake Rd,Charlotte,NC,28212-2833,US,2565,,Prim,,1,10/11/2025,"We're truly sorry to see a 1-star rating. Your experience matters to us, and take all concerns and feedback seriously. Please contact us directly so we can listen, learn, and work to make things right.",10/21/2025,gmb,https://maps.google.com/maps?cid=12883400636958841292
synergyhlthcr-avardis,Emerald Ridge Health and Rehabilitation,25 Reynolds Mountain Blvd,Asheville,NC,28804-1270,US,2556,,Prim,,1,10/11/2025,"We're truly sorry to see a 1-star rating. Your experience matters to us, and take all concerns and feedback seriously. Please contact us directly so we can listen, learn, and work to make things right.",10/21/2025,gmb,https://maps.google.com/maps?cid=4215589149897886275
synergyhlthcr-avardis,Oak Grove Healthcare,518 Old US 221 N Hwy,Rutherfordton,NC,28139,US,2560,,Linze Valle,,5,10/11/2025,Many thanks for your 5-star review!!!,10/21/2025,gmb,https://maps.google.com/maps?cid=4663812526415986294
synergyhlthcr-avardis,Cardinal Healthcare and Rehabilitation,931 N Aspen St,Lincolnton,NC,28092-2113,US,2553,,Wayne Lail,"My father was in Cardinal a while back, can't say enough good things about the facility as a whole.  The place is very well kept, doesn't stink when you walk in the door, all of the staff from nursing to Administration was very kind and helpful.  They took well care of my father. He enjoyed all the extra activities; there was always something for the residents to do. Very Family like environment.  If any of my family has to go to Rehab again this is where they will be going.",5,10/11/2025,,,gmb,https://maps.google.com/maps?cid=5235987348951661631
synergyhlthcr-avardis,Oak Grove Healthcare,518 Old US 221 N Hwy,Rutherfordton,NC,28139,US,2560,,Amanda Clark,"A wonderful caring staff, that honestly loves their residents!",5,10/11/2025,,,gmb,https://maps.google.com/maps?cid=4663812526415986294
synergyhlthcr-avardis,Cardinal Healthcare and Rehabilitation,931 N Aspen St,Lincolnton,NC,28092-2113,US,2553,,S Fletcher,"Working with Cardinal on mom's admission, rehab and care has been wonderful. Everyone on staff has been professional, knowledgeable, courteous, caring and kind. Dealing with the rehab process is new for our family and Cardinal has explained everything in detail, patiently answered all our questions and been extremely helpful getting all the paperwork completed. We would have been so lost without them. The facility is clean, there's lots of flowers for the patients to enjoy and daily scheduled activities. We are blessed Cardinal had availability for mom when she was released from the hospital.",5,10/11/2025,,,gmb,https://maps.google.com/maps?cid=5235987348951661631
synergyhlthcr-avardis,Oak Grove Healthcare,518 Old US 221 N Hwy,Rutherfordton,NC,28139,US,2560,,Sarah Hamrick,Very clean building. House keeping works very hard to keep the building clean and tidy. Dietary is hardworking and understanding. My dad had a lot of complications with his diet and they were very understanding and able to accommodate him. Overall nice place.,5,10/11/2025,,,gmb,https://maps.google.com/maps?cid=4663812526415986294
synergyhlthcr-avardis,Oak Grove Healthcare,518 Old US 221 N Hwy,Rutherfordton,NC,28139,US,2560,,Prim,,5,10/11/2025,Many thanks for your 5-star review!!!,10/21/2025,gmb,https://maps.google.com/maps?cid=4663812526415986294
synergyhlthcr-avardis,Oak Grove Healthcare,518 Old US 221 N Hwy,Rutherfordton,NC,28139,US,2560,,Surness Lovelace,,5,10/11/2025,Many thanks for your 5-star review!!!,10/21/2025,gmb,https://maps.google.com/maps?cid=4663812526415986294
synergyhlthcr-avardis,Oak Grove Healthcare,518 Old US 221 N Hwy,Rutherfordton,NC,28139,US,2560,,Drew Moore,Really went the extra mile in caring for my family member. They really care about their residents. I would highly recommend this place!,5,10/11/2025,,,gmb,https://maps.google.com/maps?cid=4663812526415986294
synergyhlthcr-avardis,Oak Grove Healthcare,518 Old US 221 N Hwy,Rutherfordton,NC,28139,US,2560,,Holly Nichols,"Wonderful, clean and welcoming place!!!",5,10/11/2025,,,gmb,https://maps.google.com/maps?cid=4663812526415986294
synergyhlthcr-avardis,Oak Grove Healthcare,518 Old US 221 N Hwy,Rutherfordton,NC,28139,US,2560,,Ryan,"The building is always very clean and smelling great, the staff is always helpful and very friendly.",5,10/11/2025,,,gmb,https://maps.google.com/maps?cid=4663812526415986294
synergyhlthcr-avardis,Oak Grove Healthcare,518 Old US 221 N Hwy,Rutherfordton,NC,28139,US,2560,,lauren moore,,5,10/11/2025,Many thanks for your 5-star review!!!,10/21/2025,gmb,https://maps.google.com/maps?cid=4663812526415986294
synergyhlthcr-avardis,Oak Grove Healthcare,518 Old US 221 N Hwy,Rutherfordton,NC,28139,US,2560,,Mason Moore,Building is always clean staff is helpful and also friendly,5,10/11/2025,,,gmb,https://maps.google.com/maps?cid=4663812526415986294
synergyhlthcr-avardis,Oak Grove Healthcare,518 Old US 221 N Hwy,Rutherfordton,NC,28139,US,2560,,Aimee Jones,,5,10/11/2025,Many thanks for your 5-star review!!!,10/21/2025,gmb,https://maps.google.com/maps?cid=4663812526415986294
synergyhlthcr-avardis,Oak Grove Healthcare,518 Old US 221 N Hwy,Rutherfordton,NC,28139,US,2560,,Dakota Healey,,5,10/11/2025,Many thanks for your 5-star review!!!,10/21/2025,gmb,https://maps.google.com/maps?cid=4663812526415986294
synergyhlthcr-avardis,Clay County Health and Rehabilitation,86 Valley Hideaway Dr,Hayesville,NC,28904-9674,US,2555,,Young “YOUNG B!” B,"My mother had to go to a nursing home and they sent her to Clay. She was well taken care of by the loving staff. It’s a slightly older building, but I was surprised how clean it was and no odors. The rehab therapists worked hard and got my mom back to strength and now she is happy at home. Thank God for everyone at Clay!",5,10/11/2025,,,gmb,https://maps.google.com/maps?cid=13135783167940185773
synergyhlthcr-avardis,Hilltop Manor Health and Rehabilitation,101 Kirkland St,Union,MS,39365-3205,US,2501,,Denver Haggard,,5,10/11/2025,Many thanks for your 5-star review!!!,10/21/2025,gmb,https://maps.google.com/maps?cid=16672777635584569979
synergyhlthcr-avardis,The Oaks Rehabilitation and Healthcare,3716 Highway 39 N,Meridian,MS,39301-1013,US,2502,,Denver Haggard,,5,10/11/2025,Many thanks for your 5-star review!!!,10/21/2025,gmb,https://maps.google.com/maps?cid=5232290777239781461
synergyhlthcr-avardis,Wilora Lake Healthcare,6001 Wilora Lake Rd,Charlotte,NC,28212-2833,US,2565,,Kisha Cuthbertson,"Kind, friendly atmosphere.",5,10/11/2025,,,gmb,https://maps.google.com/maps?cid=12883400636958841292
synergyhlthcr-avardis,Cardinal Healthcare and Rehabilitation,931 N Aspen St,Lincolnton,NC,28092-2113,US,2553,,Sabrina Bowyer,Great staff and atmosphere for your loved ones !,5,10/10/2025,,,gmb,https://maps.google.com/maps?cid=5235987348951661631
synergyhlthcr-avardis,Biltmore Haven Nursing and Rehabilitation,3864 Sweeten Creek Rd,Arden,NC,28704-3136,US,2561,,Terry Black,Everyone was so friendly and smiling when I went for a family visit how comforting. Thanks for all you do.,5,10/10/2025,,,gmb,https://maps.google.com/maps?cid=16957879690051259397
synergyhlthcr-avardis,Cardinal Healthcare and Rehabilitation,931 N Aspen St,Lincolnton,NC,28092-2113,US,2553,,Robin Sprinkle,Mom was there for a few weeks of rehab and we have no complaints. Staff was great!,5,10/10/2025,,,gmb,https://maps.google.com/maps?cid=5235987348951661631
synergyhlthcr-avardis,Ghent Health and Rehabilitation,3900 Llewellyn Ave,Norfolk,VA,23504-1203,US,2655,,Shalonda Williams,Ghent Healthcare is a great place to work; it has its ups and downs. Shout-out to all my great CNAs that go over and beyond for their residents. Thank you to those that jump in and help out without asking.,5,10/10/2025,,,gmb,https://maps.google.com/maps?cid=10233776105323789694
synergyhlthcr-avardis,Biltmore Haven Nursing and Rehabilitation,3864 Sweeten Creek Rd,Arden,NC,28704-3136,US,2561,,Jade Bennett,Super welcoming on our visit. Was able to get a lot of good information on their plan and schedule for admission. Was nervous and they helped relax my worries❤️,5,10/10/2025,Many thanks for your 5-star review! ,11/13/2025,gmb,https://maps.google.com/maps?cid=16957879690051259397
synergyhlthcr-avardis,Cardinal Healthcare and Rehabilitation,931 N Aspen St,Lincolnton,NC,28092-2113,US,2553,,Oliver The Ghostly,"Comforting and welcoming place to stay or live! The garden in the courtyard is gorgeous, and the porch equally so. Very quiet, calm and well kept facility!",5,10/10/2025,,,gmb,https://maps.google.com/maps?cid=5235987348951661631
synergyhlthcr-avardis,Biltmore Haven Nursing and Rehabilitation,3864 Sweeten Creek Rd,Arden,NC,28704-3136,US,2561,,Stephanie Celtrick,This is a great place to work! We love our residents and colleagues. Very lucky to be a part of the Biltmore Haven family.,5,10/10/2025,Many thanks for your 5-star review! ,11/13/2025,gmb,https://maps.google.com/maps?cid=16957879690051259397
synergyhlthcr-avardis,Woodstock Valley Health and Rehabilitation,803 South Main Street,Woodstock,VA,22664-1125,US,2660,,Jasmine Dixon,Such a wonderful place! The staff members are very kind and the building is always clean when I come to visit.,5,10/10/2025,,,gmb,https://maps.google.com/maps?cid=14295004318862757625
synergyhlthcr-avardis,Crown Haven Health and Rehabilitation,620 Tom Hunter Rd,Charlotte,NC,28213-5511,US,2558,,Dalvin Williams,,5,10/10/2025,Many thanks for your 5-star review!!!,10/21/2025,gmb,https://maps.google.com/maps?cid=11657639674393206308
synergyhlthcr-avardis,Jamestown Health and Rehabilitation,1811 Jamestown Rd,Williamsburg,VA,23185-2326,US,2658,,Maryann Sanderlin,"My mom lives here and I can honestly say they have improved so much over the last year! She has the kindest nurses who truly care for her. And there are some wonderful people who live in this facility as well she’s made many friends. She has a much more active social life now and I know that she is safe! Thank you, thank you Jamestown health and rehab rehabilitation staff!",5,10/10/2025,,,gmb,https://maps.google.com/maps?cid=2496657677262714810
synergyhlthcr-avardis,The Manor at Penn Village,51 Route 204,Selinsgrove,PA,17870-7971,US,2608,,Lisa Reichner,,5,10/10/2025,Many thanks for your 5-star review!!!,10/21/2025,gmb,https://maps.google.com/maps?cid=10936063054836607631
synergyhlthcr-avardis,Cardinal Healthcare and Rehabilitation,931 N Aspen St,Lincolnton,NC,28092-2113,US,2553,,F. Pearson,Staff is friendly and helpful.,5,10/10/2025,,,gmb,https://maps.google.com/maps?cid=5235987348951661631
synergyhlthcr-avardis,The Oaks Rehabilitation and Healthcare,3716 Highway 39 N,Meridian,MS,39301-1013,US,2502,,CHRIS BUTLER,,5,10/10/2025,Many thanks for your 5-star review!!!,10/21/2025,gmb,https://maps.google.com/maps?cid=5232290777239781461
synergyhlthcr-avardis,The Oaks Rehabilitation and Healthcare,3716 Highway 39 N,Meridian,MS,39301-1013,US,2502,,Jet Majure (Lil-bit),Great place for short term care,5,10/10/2025,,,gmb,https://maps.google.com/maps?cid=5232290777239781461
synergyhlthcr-avardis,The Oaks Rehabilitation and Healthcare,3716 Highway 39 N,Meridian,MS,39301-1013,US,2502,,Alicia Ferguson,,5,10/10/2025,Many thanks for your 5-star review!!!,10/21/2025,gmb,https://maps.google.com/maps?cid=5232290777239781461
synergyhlthcr-avardis,Cardinal Healthcare and Rehabilitation,931 N Aspen St,Lincolnton,NC,28092-2113,US,2553,,Jamey Wyatt,I had a family member in Cardinal and couldn't be more happy with the Love and Care that she has received from all the staff. The facility is very clean and the staff is always on point.,5,10/10/2025,,,gmb,https://maps.google.com/maps?cid=5235987348951661631
synergyhlthcr-avardis,Coastal Health and Rehabilitation Center,1530 Broad Ave,Gulfport,MS,39501-3601,US,2020,,Roshonda Shug Hillard,,5,10/10/2025,Many thanks for your 5-star review!!!,10/21/2025,gmb,https://maps.google.com/maps?cid=8273088538332587455
synergyhlthcr-avardis,Cardinal Healthcare and Rehabilitation,931 N Aspen St,Lincolnton,NC,28092-2113,US,2553,,Vickie Deitz,"This place is wonderful, the staff is on point in caring for their resident's.  My aunt is currently in the facility and she has nothing but wonderful things to say about the care she is receiving.  She is extremely happy with all departments, including Nursing, Therapy, Dietary, cleaning and the administration .  Would highly recommend this facility to anyone who is need of someone taking care of their Loved ones.",5,10/10/2025,,,gmb,https://maps.google.com/maps?cid=5235987348951661631
synergyhlthcr-avardis,Ocean Springs Health and Rehabilitation Center,1199 Ocean Springs Rd,Ocean Springs,MS,39564-3421,US,2019,,Rhonda Smith,"Wonderful staff, very clean, good food and a great team of therapists!",5,10/10/2025,,,gmb,https://maps.google.com/maps?cid=9456388844909393569
synergyhlthcr-avardis,Clay County Health and Rehabilitation,86 Valley Hideaway Dr,Hayesville,NC,28904-9674,US,2555,,deanna scardina,The staff at the facility is absolutely amazing.,5,10/10/2025,,,gmb,https://maps.google.com/maps?cid=13135783167940185773
synergyhlthcr-avardis,Ghent Health and Rehabilitation,3900 Llewellyn Ave,Norfolk,VA,23504-1203,US,2655,,Todd Williams,"I have spent 14 months at ghent rehabilitation center. When I first arrived I was depressed, angry.  The nurse (Sonya) got me up and moving and started my rehab. To make my time here better Admissions(Amber) put me into a room with someone that I could get along with. Jennifer and her staff are(Melissa, Tanisha, Anna ect) were there to take exceptional care of me. When ever I needed anything they were there to take of it, from the right meds(Juanita)to transportation (Janet)for my Drs appointments. I have witnessed staff(Sherrie, Jennifer) sit with residents at their bedside so they wouldn't be alone when they passed. This is one of the few that allows smoking. When the attendant (Lamar) comes out to the smoking area he makes it a point to say hello to each of us by name, he engagages us with joyful banter. Last but not least there's the attendant at the front desk(Bre) that greets us, will help us get in the door and always makes us feel welcomed. I forgot to say something, when I first arrived here I had a hole on the bottom of my foot. The wound nurse (Marie) took the time and care to make sure that I healed properly. I would like to say that Marie has become a trusted friend Thank you",4,10/10/2025,,,gmb,https://maps.google.com/maps?cid=10233776105323789694
synergyhlthcr-avardis,The Oaks Rehabilitation and Healthcare,3716 Highway 39 N,Meridian,MS,39301-1013,US,2502,,Ashley Jones,,5,10/10/2025,Many thanks for your 5-star review!!!,10/21/2025,gmb,https://maps.google.com/maps?cid=5232290777239781461
synergyhlthcr-avardis,Ocean Springs Health and Rehabilitation Center,1199 Ocean Springs Rd,Ocean Springs,MS,39564-3421,US,2019,,Ashley Jones,,5,10/10/2025,Many thanks for your 5-star review!!!,10/21/2025,gmb,https://maps.google.com/maps?cid=9456388844909393569
synergyhlthcr-avardis,Pass Christian Health and Rehabilitation Center,538 Menge Ave,Pass Christian,MS,39571-4234,US,2017,,Ashley Jones,,5,10/10/2025,Many thanks for your 5-star review!!!,10/21/2025,gmb,https://maps.google.com/maps?cid=7837025244960355316
synergyhlthcr-avardis,Coastal Health and Rehabilitation Center,1530 Broad Ave,Gulfport,MS,39501-3601,US,2020,,Ashley Jones,,5,10/10/2025,Many thanks for your 5-star review!!!,10/21/2025,gmb,https://maps.google.com/maps?cid=8273088538332587455
synergyhlthcr-avardis,Courtyard Health and Rehabilitation,501 S Locust St,McComb,MS,39648-4336,US,2506,,Rachelle Quincy,Gina was so helpful today and I appreciate her patience's and guidance,5,10/10/2025,,,gmb,https://maps.google.com/maps?cid=15418050129558257653
synergyhlthcr-avardis,Skyline Nursing and Rehabilitation,237 Franklin Pike SE,Floyd,VA,24091-2893,US,2657,,Krista Allison,"The staff at skyline is absolutely incredible, it brings me so much joy to watch how the residents here are loved and cared for. The staff works really hard to provide top notch care for all the residents that come in this building and everything they do they do it with love and compassion.",5,10/10/2025,,,gmb,https://maps.google.com/maps?cid=6952069171432930945
synergyhlthcr-avardis,Skyline Nursing and Rehabilitation,237 Franklin Pike SE,Floyd,VA,24091-2893,US,2657,,Darlene Wood,After caring for my mother who has mixed dementia for 7 years in our home we had to move her to a care facility due to our own health issues. Skyline was definitely the best choice. She is very happy there and being cared for better than we could at home. Staff is exceptionally well trained to help patients and it is obvious they go above and beyond to keep them clean and comfortable. The common areas are like a senior recreation center with daily activities. It is more like a resort and spa than a care facility. I hope I can be cared for there myself if I ever need it. Highly recommend.,5,10/10/2025,,,gmb,https://maps.google.com/maps?cid=6952069171432930945
synergyhlthcr-avardis,Coastal Health and Rehabilitation Center,1530 Broad Ave,Gulfport,MS,39501-3601,US,2020,,Darlene Currie,"I've worked at Coastal Rehab for many years.  It's a very nice and clean facility, our staff do a great job, and love our residents.",5,10/10/2025,,,gmb,https://maps.google.com/maps?cid=8273088538332587455
synergyhlthcr-avardis,Clay County Health and Rehabilitation,86 Valley Hideaway Dr,Hayesville,NC,28904-9674,US,2555,,Amber Dean,The nursing team at Clay County Care center is top notch. Very professional and caring and they take their job with pride.  Very clean center with a very caring team!,5,10/10/2025,,,gmb,https://maps.google.com/maps?cid=13135783167940185773
synergyhlthcr-avardis,Coastal Health and Rehabilitation Center,1530 Broad Ave,Gulfport,MS,39501-3601,US,2020,,sonya moran,"Coastal Health and Rehabilitation Center is the shining star for best residents and co-workers. The work environment is like being with family, full of love and compassion for what we all do on a daily basis. Caring for what matters the most our residents! We are all blessed to be a part of such an important job!",5,10/10/2025,,,gmb,https://maps.google.com/maps?cid=8273088538332587455
synergyhlthcr-avardis,Walnut Cove Health and Rehabilitation,511 Windmill St,Walnut Cove,NC,27052-7706,US,2562,,Zachary Thompson,"If I can give this place a zero I would. But had to give it a one to write a review. Moms stayed for 5 days, I went up to this place and I only seen two people on the floor and they was playing around and no residents was being attended to. All those patients there and no one need help? As I walked to mom’s room, looking in other rooms people looked dead and out of it. Place is poorly ran. The so called head nurse on duty act like she will help and make sure your loved one is taken care of, until you walk out the door, then nothing. I sent ensures for moms to drink once a day. When I went in her room, they was in her bag. I asked that head nurse why she not getting her ensures as I instructed? She grab one of the ensures and said she will write moms name on it so they would know to give it to her once a day, and she also said she will write it down in the instructions for the CNA’s. All her ensures was in her bag when she got home, second, they took her teeth out her mouth, and I had to drive up there to get them because they never came back home with moms. When I got there to pick them up, it seems like all staff was at the front desk include that head nurse talking and playing around and gave me my mothers teeth rudely. The head nurse seen me, and then turned her head.. didn’t even speak, we all know why.. smh. Never again, my mother came home in horrible shape, dehydrated, lips so dry, eyes was burning, and she stunk like crazy.. never got a bath. The smell was so bad, i immediately put her in the tub. It took me 2 days to get her back to normal.. feeding, water, vitamins, ensures and care. This place need to be shut down, this is a facility of abuse.",1,10/9/2025,"We're truly sorry to hear that your experience did not reflect the standard of care we aim to deliver. We are committed to a culture of accountability, where every voice matters, especially those of the families we serve. Your feedback is invaluable and will be shared with our leadership team to help us do better. We would appreciate the opportunity to connect directly and learn more, so we can work toward a resolution together. Please email us at Social@avardishealth.com.",10/21/2025,gmb,https://maps.google.com/maps?cid=7743540191664109650
synergyhlthcr-avardis,Windsor Grove Health and Rehabilitation,23352 Courthouse Hwy,Windsor,VA,23487-5333,US,2659,,Rachel Taylor,"Windsor is a great place to work, the building is well maintained and always clean, the staff work together across all departments to give our residents quality care!!",5,10/9/2025,,,gmb,https://maps.google.com/maps?cid=2890239000189666972
synergyhlthcr-avardis,Ghent Health and Rehabilitation,3900 Llewellyn Ave,Norfolk,VA,23504-1203,US,2655,,Jasma Riddick,Wonderful place to work,5,10/9/2025,,,gmb,https://maps.google.com/maps?cid=10233776105323789694
synergyhlthcr-avardis,Ashland Nursing and Rehabilitation,906 Thompson Street,Ashland,VA,23005-1128,US,2650,,Linda Avery,,5,10/9/2025,Many thanks for your 5-star review!!!,10/21/2025,gmb,https://maps.google.com/maps?cid=11144595113974665893
synergyhlthcr-avardis,Ashland Nursing and Rehabilitation,906 Thompson Street,Ashland,VA,23005-1128,US,2650,,Elliott Jackson,,5,10/9/2025,Many thanks for your 5-star review!!!,10/21/2025,gmb,https://maps.google.com/maps?cid=11144595113974665893
synergyhlthcr-avardis,Ghent Health and Rehabilitation,3900 Llewellyn Ave,Norfolk,VA,23504-1203,US,2655,,Annie Chapman,This is truly an amazing facility to work at . Amazing administrator and staff,5,10/9/2025,,,gmb,https://maps.google.com/maps?cid=10233776105323789694
synergyhlthcr-avardis,Ghent Health and Rehabilitation,3900 Llewellyn Ave,Norfolk,VA,23504-1203,US,2655,,Katelynn Jones,"Ghent Health and Rehab is a truly exceptional place to work and receive care. The facility is built on a strong foundation of compassion, professionalism, and teamwork, creating a positive and supportive environment for both staff and residents.
As a member of the team, I have seen firsthand how dedicated the employees are to delivering high-quality care. Every department works collaboratively to ensure that residents feel safe, respected, and well cared for. The nursing staff is attentive and compassionate, going above and beyond to meet the unique needs of each individual.
One of the standout features of Ghent Health and Rehab is its vibrant and engaging activities program. The Activity Assistants are deeply involved with the residents, fostering meaningful connections and creating opportunities for social engagement, cognitive stimulation, and overall well-being. Their commitment adds a special touch that truly enhances the residents' quality of life.
Whether you're considering a career in long-term care or searching for a trusted facility for yourself or a loved one, Ghent Health and Rehab offers a welcoming, professional, and caring environment. It is a place where employees are valued, and residents are treated like family.",5,10/9/2025,,,gmb,https://maps.google.com/maps?cid=10233776105323789694
synergyhlthcr-avardis,Locust Grove Retirement Village,69 Cottage Road,Mifflin,PA,17058-9737,US,2601,,Valerie Roberts,"A beautiful campus nestled on a hill just off Rt 35 in Mifflin, on the west side of the Juniata River.
This is a diamond off the beaten path – that offers nursing care retirement community with 14 cottages available for independent living as well as 104 skilled and rehab bed.
It is a one level building with 4 wings for residency. The rooms are generously sized. There are ample outdoor spaces to be enjoyed including a screened in porch, covered pavilion and gazebos.
The building offers a unique quietness. It is maintained and very clean (The floors actually shine)!
A welcoming village – with dedicated, tenured staff in all departments (quite a few average 15 years plus with many working their entire careers caring for Locust Grove residents through the years. Exciting opportunities that they are now offering CNA training classes.
Staff is very responsive to care requests. Therapy addresses the rehabilitation needs of residents for both short term and skilled careplans.
Residents have plenty of activities to engage the residents. Several dining options are offered with homestyle cooked meals.
Nice to find a friendly, caring, compassionate community that makes sure their residents enjoy their home with 24/7 skilled and caring staff.",5,10/9/2025,,,gmb,https://maps.google.com/maps?cid=2062468255604015227
synergyhlthcr-avardis,Starkville Manor Health Care and Rehabilitation,1001 Hospital Rd,Starkville,MS,39759-2125,US,2503,,Carlos Braxton,I really enjoy the holidays here at the facility and the atmosphere that the staff brings each day. AKA Domino King,5,10/9/2025,,,gmb,https://maps.google.com/maps?cid=10689748702764398361
synergyhlthcr-avardis,Clay County Health and Rehabilitation,86 Valley Hideaway Dr,Hayesville,NC,28904-9674,US,2555,,Flxightt,Awesome place !  People are taken care of and employees are very kind !,5,10/9/2025,,,gmb,https://maps.google.com/maps?cid=13135783167940185773
synergyhlthcr-avardis,Biltmore Haven Nursing and Rehabilitation,3864 Sweeten Creek Rd,Arden,NC,28704-3136,US,2561,,Emma hubbard,Great facility and staff! Leah the social worker is great!,5,10/9/2025,Many thanks for your 5-star review! ,11/13/2025,gmb,https://maps.google.com/maps?cid=16957879690051259397
synergyhlthcr-avardis,Ghent Health and Rehabilitation,3900 Llewellyn Ave,Norfolk,VA,23504-1203,US,2655,,KING TROY,"Ghent Healthcare and Rehabilitation provides an exceptional standard of care for its residents. The facility maintains a clean, safe, and well-organized environment that promotes both comfort and recovery. The nursing and rehabilitation teams demonstrate a high level of professionalism, skill, and compassion in meeting the individual needs of each patient. Communication with families is consistent and transparent, ensuring that everyone is informed and involved in the care process. The rehabilitation services are particularly noteworthy, with dedicated therapists who focus on helping patients achieve meaningful progress and independence. Overall, Ghent Healthcare and Rehabilitation exemplifies excellence in patient care and stands out as a trusted provider in the community.",5,10/9/2025,,,gmb,https://maps.google.com/maps?cid=10233776105323789694
synergyhlthcr-avardis,Skyline Nursing and Rehabilitation,237 Franklin Pike SE,Floyd,VA,24091-2893,US,2657,,Shane Frazier,My friends Uncle's mother spent a few years at this facility and had nothing but great things to about the staff and management.,5,10/9/2025,,,gmb,https://maps.google.com/maps?cid=6952069171432930945
synergyhlthcr-avardis,Ghent Health and Rehabilitation,3900 Llewellyn Ave,Norfolk,VA,23504-1203,US,2655,,Delano Ward,"The staff who works there strives for excellence. A special shout out to the nursing team, who go above and beyond for the residents At this location.",4,10/9/2025,,,gmb,https://maps.google.com/maps?cid=10233776105323789694
synergyhlthcr-avardis,Ashland Nursing and Rehabilitation,906 Thompson Street,Ashland,VA,23005-1128,US,2650,,gladys mansfield,"They have a great admissions coordinator, she has everything ready for new admissions.",5,10/9/2025,,,gmb,https://maps.google.com/maps?cid=11144595113974665893
synergyhlthcr-avardis,Ghent Health and Rehabilitation,3900 Llewellyn Ave,Norfolk,VA,23504-1203,US,2655,,Jamie Green,I love the new smoke free garden area,3,10/9/2025,,,gmb,https://maps.google.com/maps?cid=10233776105323789694
synergyhlthcr-avardis,Skyline Nursing and Rehabilitation,237 Franklin Pike SE,Floyd,VA,24091-2893,US,2657,,Layla Hope,Skyline has the most welcoming atmosphere and everyone there truly makes an effort to make you feel at ease.,5,10/9/2025,,,gmb,https://maps.google.com/maps?cid=6952069171432930945
synergyhlthcr-avardis,Skyline Nursing and Rehabilitation,237 Franklin Pike SE,Floyd,VA,24091-2893,US,2657,,Emma Blankenship,"Amazing staff, house keepers are very clean and everyone works hard. A great place ! My great aunt is staying here currently and I am happy with her care",5,10/9/2025,,,gmb,https://maps.google.com/maps?cid=6952069171432930945
synergyhlthcr-avardis,Hilltop Manor Health and Rehabilitation,101 Kirkland St,Union,MS,39365-3205,US,2501,,Sharon G.,Staff is excellent! Very caring and knowledgeable about the residents. It’s an older building but they maintain the facility and the grounds well. The therapy department comes highly recommended. All the staff works hard to care for the residents in their time of need.,5,10/9/2025,,,gmb,https://maps.google.com/maps?cid=16672777635584569979
synergyhlthcr-avardis,Ashland Nursing and Rehabilitation,906 Thompson Street,Ashland,VA,23005-1128,US,2650,,Dev Nannapuraj,,5,10/9/2025,Many thanks for your 5-star review!!!,10/21/2025,gmb,https://maps.google.com/maps?cid=11144595113974665893
synergyhlthcr-avardis,Ghent Health and Rehabilitation,3900 Llewellyn Ave,Norfolk,VA,23504-1203,US,2655,,Printice Brickhouse,Love there garden it looks very good,5,10/9/2025,,,gmb,https://maps.google.com/maps?cid=10233776105323789694
synergyhlthcr-avardis,Skyline Nursing and Rehabilitation,237 Franklin Pike SE,Floyd,VA,24091-2893,US,2657,,Newton W,"As a future caregiver and friend to a resident, I couldn’t be more impressed with Skyline Nursing Home. The atmosphere is warm and inviting, the food is fantastic, and the physical therapy team truly goes the extra mile to help residents feel strong and supported.",5,10/9/2025,,,gmb,https://maps.google.com/maps?cid=6952069171432930945
synergyhlthcr-avardis,Skyline Nursing and Rehabilitation,237 Franklin Pike SE,Floyd,VA,24091-2893,US,2657,,Amanda Willis,"From the moment I toured Skyline Nursing Home, I felt a sense of comfort and care that’s hard to put into words. The entire atmosphere is welcoming — you can truly feel that everyone there cares about the residents like family. My aunt has been thriving in this environment, and it’s been such a relief to see her so happy and well cared for.

Floyd is a wonderful community, and the people working at Skyline reflect that same kindness and heart. I especially want to give a huge shout-out to the food staff — they go above and beyond every single day. The fact that residents get to choose their favorite meal each month is such a thoughtful touch, and the kitchen team delivers delicious food time and time again.

Kudos to everyone at Skyline for making it such a welcoming and nurturing place for our loved ones!",5,10/9/2025,,,gmb,https://maps.google.com/maps?cid=6952069171432930945
synergyhlthcr-avardis,Windsor Grove Health and Rehabilitation,23352 Courthouse Hwy,Windsor,VA,23487-5333,US,2659,,Claire Anderson,This is a great place to work. The building is kept very clean. We have a great team as well. There is always events for staff and residents alike.,5,10/9/2025,,,gmb,https://maps.google.com/maps?cid=2890239000189666972
synergyhlthcr-avardis,Windsor Grove Health and Rehabilitation,23352 Courthouse Hwy,Windsor,VA,23487-5333,US,2659,,April Eure,,5,10/8/2025,,,gmb,https://maps.google.com/maps?cid=2890239000189666972
synergyhlthcr-avardis,Windsor Grove Health and Rehabilitation,23352 Courthouse Hwy,Windsor,VA,23487-5333,US,2659,,mem273,Windsor Grove is an excellent place for your loved one. The staff work together to care for the residents no matter what their needs are.,5,10/8/2025,,,gmb,https://maps.google.com/maps?cid=2890239000189666972
synergyhlthcr-avardis,Ghent Health and Rehabilitation,3900 Llewellyn Ave,Norfolk,VA,23504-1203,US,2655,,Tiffany Armanii,Great company to work for. There is room for advancement and growth while working with some of the most talented individuals.,5,10/8/2025,,,gmb,https://maps.google.com/maps?cid=10233776105323789694
synergyhlthcr-avardis,Skyline Nursing and Rehabilitation,237 Franklin Pike SE,Floyd,VA,24091-2893,US,2657,,Michael Gallimore,"I've worked here for several years now and while I admit that there can always be improvements, I think the staff at Skyline do a great job and I love the community we have built with our residents and their families that come in to visit.",5,10/8/2025,,,gmb,https://maps.google.com/maps?cid=6952069171432930945
synergyhlthcr-avardis,Forrest Oakes Healthcare,620 Heathwood Dr,Albemarle,NC,28001-8604,US,2550,,Jaylin Daniels,Very polite and helpful staff!!,5,10/8/2025,,,gmb,https://maps.google.com/maps?cid=6137009337062248888
synergyhlthcr-avardis,Ghent Health and Rehabilitation,3900 Llewellyn Ave,Norfolk,VA,23504-1203,US,2655,,Ambar Medrano,"Working here will never be a dull moment. Physical therapy is an amazing team healing the residents one by one.  The admission team makes it their mission to see that every resident who comes in has everything they need, and makes the new residents/patients feel as much at home as possible. Activities have so much fun with the staff and residents. Housekeeping keeps these floors shiny to the point you see yourself on the floors. The new reconstruction will bring is so many new patients. I am excited for the change. Come and join the team that will change how we were looked at by many others.",4,10/8/2025,,,gmb,https://maps.google.com/maps?cid=10233776105323789694
synergyhlthcr-avardis,Skyline Nursing and Rehabilitation,237 Franklin Pike SE,Floyd,VA,24091-2893,US,2657,,Freddy Weaver,"Great facility and friendly staff. Well maintained and very clean. Resident’s seem to be very happy with their care, communicating with most everyone visiting. I was lucky enough to try the food served at a community function and I must say it is restaurant quality! Glad there are companies in this service that take pride in what they do, giving residents the care they deserve.",5,10/8/2025,,,gmb,https://maps.google.com/maps?cid=6952069171432930945
synergyhlthcr-avardis,Ghent Health and Rehabilitation,3900 Llewellyn Ave,Norfolk,VA,23504-1203,US,2655,,Darlene “Darlene Langen” Conlee,I am the activities director here and it is an amazing place to work! The residents are amazing and I love doing fun things with them everyday!,5,10/8/2025,,,gmb,https://maps.google.com/maps?cid=10233776105323789694
synergyhlthcr-avardis,Skyline Nursing and Rehabilitation,237 Franklin Pike SE,Floyd,VA,24091-2893,US,2657,,Todd McNulty,"The admin staff is amazing here! They genuinely care about the residents and treat them as they were their own family. Very impressed with how professional and kind the staff is day after day as well. The variety of activities and quality of food, is without a doubt far above average at Skyline.",5,10/8/2025,,,gmb,https://maps.google.com/maps?cid=6952069171432930945
synergyhlthcr-avardis,Ashland Nursing and Rehabilitation,906 Thompson Street,Ashland,VA,23005-1128,US,2650,,Todd Yacovone,Great facility! They work for this vulnerable population and do so with grace and compassion. Highly recommend,5,10/8/2025,Thank you for the 5-star rating! We are committed to helping every person in our care reach new heights. Your support means the world to our team!,11/13/2025,gmb,https://maps.google.com/maps?cid=11144595113974665893
synergyhlthcr-avardis,Ghent Health and Rehabilitation,3900 Llewellyn Ave,Norfolk,VA,23504-1203,US,2655,,Todd Yacovone,Great facility! They take care of the most vulnerable population and do so grace and dignity. Highly recommend!,5,10/8/2025,,,gmb,https://maps.google.com/maps?cid=10233776105323789694
synergyhlthcr-avardis,Jamestown Health and Rehabilitation,1811 Jamestown Rd,Williamsburg,VA,23185-2326,US,2658,,Todd Yacovone,Great facility! The staff is very king and compassionate. I would highly recommend for any short term or long term care needs,5,10/8/2025,,,gmb,https://maps.google.com/maps?cid=2496657677262714810
synergyhlthcr-avardis,Windsor Grove Health and Rehabilitation,23352 Courthouse Hwy,Windsor,VA,23487-5333,US,2659,,Todd Yacovone,Great facility! The staff here is so caring and treat everyone with kindness and compassion! I highly recommend!,5,10/8/2025,,,gmb,https://maps.google.com/maps?cid=2890239000189666972
synergyhlthcr-avardis,Newport News Nursing and Rehabilitation,12997 Nettles Dr,Newport News,VA,23602-6913,US,2654,,Todd Yacovone,Great facility! The staff really care for the residents and give great care! Highly recommend for short or long term care!,5,10/8/2025,,,gmb,https://maps.google.com/maps?cid=2324153722059615782
synergyhlthcr-avardis,Ghent Health and Rehabilitation,3900 Llewellyn Ave,Norfolk,VA,23504-1203,US,2655,,Bre Bre,"Great facility to bring loved ones. We have the most loving and  caring staffs, beautiful garden area Welcoming front entrance , clean environment and most importantly Smiles !",5,10/8/2025,,,gmb,https://maps.google.com/maps?cid=10233776105323789694
synergyhlthcr-avardis,Windsor Grove Health and Rehabilitation,23352 Courthouse Hwy,Windsor,VA,23487-5333,US,2659,,Jay Woods,,5,10/8/2025,Many thanks for your 5-star review!!!,10/21/2025,gmb,https://maps.google.com/maps?cid=2890239000189666972
synergyhlthcr-avardis,Hilltop Manor Health and Rehabilitation,101 Kirkland St,Union,MS,39365-3205,US,2501,,Ryan Goss,As a person who worked here… they only like you when you don’t speak up for yourself or residents. any issue brought to the higher ups will be met with criticism towards you.. as far as CNAs and nurses you have some good staff that do go above & beyond.. facility is too clicky and they have favorites. some people get away with things that others don’t and everyone knows it!! the FEMALE higher ups allow and contribute to this.,1,10/8/2025,,,gmb,https://maps.google.com/maps?cid=16672777635584569979
synergyhlthcr-avardis,Ghent Health and Rehabilitation,3900 Llewellyn Ave,Norfolk,VA,23504-1203,US,2655,,Jennifer Kintyhtt,Ghent is a rising star!,5,10/8/2025,,,gmb,https://maps.google.com/maps?cid=10233776105323789694
synergyhlthcr-avardis,Augusta Nursing and Rehabilitation,83 Crossroads Ln,Fishersville,VA,22939-2331,US,2651,,lisa Brown,This is a wonderful place to work!,5,10/8/2025,,,gmb,https://maps.google.com/maps?cid=16985310285984521867
synergyhlthcr-avardis,Augusta Nursing and Rehabilitation,83 Crossroads Ln,Fishersville,VA,22939-2331,US,2651,,Todd Yacovone,Great facility and the staff care about the residents tremendously! Awesome,5,10/8/2025,,,gmb,https://maps.google.com/maps?cid=16985310285984521867
synergyhlthcr-avardis,Windsor Grove Health and Rehabilitation,23352 Courthouse Hwy,Windsor,VA,23487-5333,US,2659,,Antionette Marrow,I love working here! This facility is very clean and we have a great team!,5,10/8/2025,,,gmb,https://maps.google.com/maps?cid=2890239000189666972
synergyhlthcr-avardis,Ghent Health and Rehabilitation,3900 Llewellyn Ave,Norfolk,VA,23504-1203,US,2655,,Heather Crawford,Amazing staff & therapy team!!,5,10/8/2025,,,gmb,https://maps.google.com/maps?cid=10233776105323789694
synergyhlthcr-avardis,Ghent Health and Rehabilitation,3900 Llewellyn Ave,Norfolk,VA,23504-1203,US,2655,,Jovanka mallcheck,Great place to work!!,5,10/8/2025,,,gmb,https://maps.google.com/maps?cid=10233776105323789694
synergyhlthcr-avardis,Skyline Nursing and Rehabilitation,237 Franklin Pike SE,Floyd,VA,24091-2893,US,2657,,Melissa,"When I pull in the parking lot at Skyline every morning, it feels more like a 2nd home than a job. The residents, staff, and administration are like family to me. We strive to make our residents feel safe and at home during their stay at Skyline. And we revel in joy when a resident finishes our in-house therapy prepared to return to their home and daily lives. Skyline is a great place to be.",5,10/8/2025,,,gmb,https://maps.google.com/maps?cid=6952069171432930945
synergyhlthcr-avardis,Skyline Nursing and Rehabilitation,237 Franklin Pike SE,Floyd,VA,24091-2893,US,2657,,Lisa Foley,"My mom spent her last days at Skyline Nursing and Rehab surrounded by kind, caring professionals in the nursing field. The administration treated her like part of their family. My mind is at peace knowing she was loved and cared for by the people at Skyline. A heartfelt thanks to all of you!",5,10/8/2025,,,gmb,https://maps.google.com/maps?cid=6952069171432930945
synergyhlthcr-avardis,The Pavilion at St. Luke Village,1000 Stacie Drive,Hazelton,PA,18201-5689,US,2605,,Brianna,,5,10/8/2025,Many thanks for your 5-star review!!!,10/21/2025,gmb,https://maps.google.com/maps?cid=9560539739024854864
synergyhlthcr-avardis,The Pavilion at St. Luke Village,1000 Stacie Drive,Hazelton,PA,18201-5689,US,2605,,Dana D’Angelo,,5,10/8/2025,Many thanks for your 5-star review!!!,10/21/2025,gmb,https://maps.google.com/maps?cid=9560539739024854864
synergyhlthcr-avardis,The Manor at St. Luke Village,1711 East Broad Street,Hazelton,PA,18201-5697,US,2604,,Dana D’Angelo,,5,10/8/2025,Many thanks for your 5-star review!!!,10/21/2025,gmb,https://maps.google.com/maps?cid=15792902854454127792
synergyhlthcr-avardis,The Manor at St. Luke Village,1711 East Broad Street,Hazelton,PA,18201-5697,US,2604,,Brianna,,5,10/8/2025,Many thanks for your 5-star review!!!,10/21/2025,gmb,https://maps.google.com/maps?cid=15792902854454127792
synergyhlthcr-avardis,Locust Grove Retirement Village,69 Cottage Road,Mifflin,PA,17058-9737,US,2601,,Louann S,Beautiful facility nestled in the countryside. Friendly and caring staff and administration team. I would consider this facility for your  Short Term Rehab or Long Term Stay. There is an awesome Rehabilitation program with dedicated staff to get you back on your feet and home. If you are looking for Exceptional Outcomes this is the place to be!,5,10/8/2025,,,gmb,https://maps.google.com/maps?cid=2062468255604015227
synergyhlthcr-avardis,Clay County Health and Rehabilitation,86 Valley Hideaway Dr,Hayesville,NC,28904-9674,US,2555,,darren turner,,5,10/8/2025,Many thanks for your 5-star review!!!,10/21/2025,gmb,https://maps.google.com/maps?cid=13135783167940185773
synergyhlthcr-avardis,Clay County Health and Rehabilitation,86 Valley Hideaway Dr,Hayesville,NC,28904-9674,US,2555,,W01295 FA02,,5,10/8/2025,Many thanks for your 5-star review!!!,10/21/2025,gmb,https://maps.google.com/maps?cid=13135783167940185773
synergyhlthcr-avardis,Woodstock Valley Health and Rehabilitation,803 South Main Street,Woodstock,VA,22664-1125,US,2660,,Ingrid Houston,"I had to visit this facility this week, the staff was Wonderful, the staff was very helpful and polite.  It didn't have that nursing home smell to it and the residents looked like they were having fun, they were in the dining room bowling.",5,10/8/2025,,,gmb,https://maps.google.com/maps?cid=14295004318862757625
synergyhlthcr-avardis,Coastal Health and Rehabilitation Center,1530 Broad Ave,Gulfport,MS,39501-3601,US,2020,,Matt Tindle,Great place for short term rehabilitation,5,10/8/2025,,,gmb,https://maps.google.com/maps?cid=8273088538332587455
synergyhlthcr-avardis,Clay County Health and Rehabilitation,86 Valley Hideaway Dr,Hayesville,NC,28904-9674,US,2555,,Sierra Grayson,,5,10/8/2025,Many thanks for your 5-star review!!!,10/21/2025,gmb,https://maps.google.com/maps?cid=13135783167940185773
synergyhlthcr-avardis,King's Daughters Community Health and Rehabilitation,1410 N Augusta St,Staunton,VA,24401-2401,US,2653,,dana quickel,"I have been at Kings Daughters for only a month and can truly say this is a facility that cares deeply about the care and well-being of all residents. They work tirelessly to make sure every aspect of care is being addressed from all areas of care. If there are concerns from family or the residents, they are addressed in a timely manner and done with compassion and dignity. The facility is very clean, well managed, and the employees truly care for their residents.",5,10/8/2025,,,gmb,https://maps.google.com/maps?cid=11489819334989089200
synergyhlthcr-avardis,Windsor Grove Health and Rehabilitation,23352 Courthouse Hwy,Windsor,VA,23487-5333,US,2659,,Marie Smith,Amazing admissions! Lindsay goes above and beyond to make sure everything is understood. You can tell she definitely cares.,5,10/8/2025,,,gmb,https://maps.google.com/maps?cid=2890239000189666972
synergyhlthcr-avardis,Augusta Nursing and Rehabilitation,83 Crossroads Ln,Fishersville,VA,22939-2331,US,2651,,Rebecca King,"Lisa Brown goes above and beyond for her residents and does not let anything stop her from getting the job done. She ensures each skilled resident that leaves, gets what they need before going home. You could not ask for a better advocate for what you need.",5,10/8/2025,,,gmb,https://maps.google.com/maps?cid=16985310285984521867
synergyhlthcr-avardis,Augusta Nursing and Rehabilitation,83 Crossroads Ln,Fishersville,VA,22939-2331,US,2651,,Rebecca,Elizabeth is the greatest!! She takes pride in her wound care and ensuring that each resident feels right at home. You couldn't ask for a better wound nurse to take care of you!,5,10/8/2025,,,gmb,https://maps.google.com/maps?cid=16985310285984521867
synergyhlthcr-avardis,Augusta Nursing and Rehabilitation,83 Crossroads Ln,Fishersville,VA,22939-2331,US,2651,,Chelle Fitzgerald,This facility genuinely cares about their residents.  Their care and well being are of utmost importance,4,10/8/2025,,,gmb,https://maps.google.com/maps?cid=16985310285984521867
synergyhlthcr-avardis,Ghent Health and Rehabilitation,3900 Llewellyn Ave,Norfolk,VA,23504-1203,US,2655,,Chanel Marquez,"Ghent Health a Rehab has a mix of dedicated, caring staff that go above and beyond to make the facility an upbeat a thriving staple in the community.  Therapy program is excellent!",5,10/8/2025,,,gmb,https://maps.google.com/maps?cid=10233776105323789694
synergyhlthcr-avardis,Starkville Manor Health Care and Rehabilitation,1001 Hospital Rd,Starkville,MS,39759-2125,US,2503,,William,Been here twice for therapy. Has been great experience.,5,10/8/2025,,,gmb,https://maps.google.com/maps?cid=10689748702764398361
synergyhlthcr-avardis,Ghent Health and Rehabilitation,3900 Llewellyn Ave,Norfolk,VA,23504-1203,US,2655,,Lindsay Hill,,5,10/8/2025,Many thanks for your 5-star review!!!,10/21/2025,gmb,https://maps.google.com/maps?cid=10233776105323789694
synergyhlthcr-avardis,Newport News Nursing and Rehabilitation,12997 Nettles Dr,Newport News,VA,23602-6913,US,2654,,Jovanka mallcheck,,5,10/8/2025,,,gmb,https://maps.google.com/maps?cid=2324153722059615782
synergyhlthcr-avardis,Ashland Nursing and Rehabilitation,906 Thompson Street,Ashland,VA,23005-1128,US,2650,,Jovanka mallcheck,,5,10/8/2025,,,gmb,https://maps.google.com/maps?cid=11144595113974665893
synergyhlthcr-avardis,Jamestown Health and Rehabilitation,1811 Jamestown Rd,Williamsburg,VA,23185-2326,US,2658,,Jovanka mallcheck,,5,10/8/2025,,,gmb,https://maps.google.com/maps?cid=2496657677262714810
synergyhlthcr-avardis,Windsor Grove Health and Rehabilitation,23352 Courthouse Hwy,Windsor,VA,23487-5333,US,2659,,Jovanka mallcheck,,5,10/8/2025,,,gmb,https://maps.google.com/maps?cid=2890239000189666972
synergyhlthcr-avardis,Clay County Health and Rehabilitation,86 Valley Hideaway Dr,Hayesville,NC,28904-9674,US,2555,,Sisters vs. Brothers,,5,10/8/2025,,,gmb,https://maps.google.com/maps?cid=13135783167940185773
synergyhlthcr-avardis,King's Daughters Community Health and Rehabilitation,1410 N Augusta St,Staunton,VA,24401-2401,US,2653,,Ryker Miller,The residents and staff are always very friendly and attentive,5,10/8/2025,,,gmb,https://maps.google.com/maps?cid=11489819334989089200
synergyhlthcr-avardis,Starkville Manor Health Care and Rehabilitation,1001 Hospital Rd,Starkville,MS,39759-2125,US,2503,,Nick Chandler,Great caring and attentive staff! The wound care team goes above and beyond to care for their patients!,5,10/8/2025,,,gmb,https://maps.google.com/maps?cid=10689748702764398361
synergyhlthcr-avardis,The Manor at Penn Village,51 Route 204,Selinsgrove,PA,17870-7971,US,2608,,Cheryl Garr,"I recently visited this Center and immediately felt its warm, home-like environment.  It is nice to find a place where the staff care so much.",5,10/8/2025,,,gmb,https://maps.google.com/maps?cid=10936063054836607631
synergyhlthcr-avardis,Starkville Manor Health Care and Rehabilitation,1001 Hospital Rd,Starkville,MS,39759-2125,US,2503,,Misty Hunt,"I have an outstanding rating for this facility. I am so impressed with the compassion and attention they show to the residents. Many times I come in and see staff dressed up doing games and celebrating different holidays with the residents, often they hug or offer a pat on the back with a smile. The smiles I see are genuine! Each department brings its own unique touch to the overall environment. Great management in house with an outstanding treatment team. Nothing is always perfect but I do appreciate the effort and it shows",5,10/8/2025,,,gmb,https://maps.google.com/maps?cid=10689748702764398361
synergyhlthcr-avardis,Starkville Manor Health Care and Rehabilitation,1001 Hospital Rd,Starkville,MS,39759-2125,US,2503,,Ken Britt,"Had to find a place for my grandfather, with begining stages of Alzheimer's, for the weekend so we could attend a family function out of state. Admission was pleasant friendly and very thorough. Was asked and provided all key information and he felt comfortable when we left. When retuning to get him in 3 days was in good spirits well fed and smiling. Obviously had been taken  well care of.",5,10/8/2025,,,gmb,https://maps.google.com/maps?cid=10689748702764398361
synergyhlthcr-avardis,Wilora Lake Healthcare,6001 Wilora Lake Rd,Charlotte,NC,28212-2833,US,2565,,Shonnette Cofield,"Amazing staff and  companionate care was provided to my family during the stay for rehab that turned to long term! My family and I Love you Wilora Lake, and Thanks again!",5,10/8/2025,,,gmb,https://maps.google.com/maps?cid=12883400636958841292
synergyhlthcr-avardis,Willowbrook Rehabilitation and Care,333 E Lee Ave,Yadkinville,NC,27055-8132,US,2564,,Brandice Morant,,5,10/8/2025,,,gmb,https://maps.google.com/maps?cid=13181415108160796263
synergyhlthcr-avardis,The Oaks Rehabilitation and Healthcare,3716 Highway 39 N,Meridian,MS,39301-1013,US,2502,,Sonja Butler,,5,10/8/2025,,,gmb,https://maps.google.com/maps?cid=5232290777239781461
synergyhlthcr-avardis,Wilora Lake Healthcare,6001 Wilora Lake Rd,Charlotte,NC,28212-2833,US,2565,,Beautiful Nishaa,Great facility they are very sweet ! They are awesome great personalities and great with residents !,5,10/7/2025,,,gmb,https://maps.google.com/maps?cid=12883400636958841292
synergyhlthcr-avardis,Ashland Nursing and Rehabilitation,906 Thompson Street,Ashland,VA,23005-1128,US,2650,,R P,Working with Brielle was such a delight! She meets with you right at the bed side and answers all your questions about what the next steps are for your loved one. Really can’t thank her enough for helping us.,5,10/7/2025,,,gmb,https://maps.google.com/maps?cid=11144595113974665893
synergyhlthcr-avardis,Starkville Manor Health Care and Rehabilitation,1001 Hospital Rd,Starkville,MS,39759-2125,US,2503,,Ja'Killya Mhoon,Great facility with supporting staff who truly care about their residents. The Activities Director ensures that all residents stay engaged with daily projects to ensure a fun-filled experience. I recommend anyone who is considering long-term care for their loved-one to choose Starkville Manor!,5,10/7/2025,,,gmb,https://maps.google.com/maps?cid=10689748702764398361
synergyhlthcr-avardis,Wilora Lake Healthcare,6001 Wilora Lake Rd,Charlotte,NC,28212-2833,US,2565,,LaToya Harrell Marion,"I absolutely love it here. I started here in 2021 as a CNA then to a Med Aide next Medical Records now Central supply/Scheduler. This company has given me the opportunity to grown and learn. And the residents I adore.  I truly enjoy working here and working with the staff. We have the best team Administrator, DON, BOM, HR, Social worker, Medical Records, especially Activities and Therapy Department and of course me!  We are the Ambassadors of care!",5,10/7/2025,,,gmb,https://maps.google.com/maps?cid=12883400636958841292
synergyhlthcr-avardis,Windsor Grove Health and Rehabilitation,23352 Courthouse Hwy,Windsor,VA,23487-5333,US,2659,,Tiffany Powell,"The staff at Windsor Grove Health and Rehab have been wonderful—caring, supportive, and always willing to help. I appreciate the compassion they show to the residents and families.",5,10/7/2025,,,gmb,https://maps.google.com/maps?cid=2890239000189666972
synergyhlthcr-avardis,Forrest Oakes Healthcare,620 Heathwood Dr,Albemarle,NC,28001-8604,US,2550,,Dianne Wind,"Exceptional, caring staff; a well trained  source meeting the needs of our community.",5,10/7/2025,,,gmb,https://maps.google.com/maps?cid=6137009337062248888
synergyhlthcr-avardis,Forrest Oakes Healthcare,620 Heathwood Dr,Albemarle,NC,28001-8604,US,2550,,Alejandro Sosa,Great staff… excellent facility…. had a great experience for my family. Highly recommend 😃,5,10/7/2025,,,gmb,https://maps.google.com/maps?cid=6137009337062248888
synergyhlthcr-avardis,Wilora Lake Healthcare,6001 Wilora Lake Rd,Charlotte,NC,28212-2833,US,2565,,farah pierre-louis,Great facility! I highly recommend,5,10/7/2025,,,gmb,https://maps.google.com/maps?cid=12883400636958841292
synergyhlthcr-avardis,Ashland Nursing and Rehabilitation,906 Thompson Street,Ashland,VA,23005-1128,US,2650,,Ramona Sly,Please with the appearance of the facility and comforted knowing they are making major changes and upgrades.,5,10/7/2025,,,gmb,https://maps.google.com/maps?cid=11144595113974665893
synergyhlthcr-avardis,Augusta Nursing and Rehabilitation,83 Crossroads Ln,Fishersville,VA,22939-2331,US,2651,,Mikeala Cline,I have worked here for the last 10 months and I am very happy to work here and love the team that I work with. The resident are awesome here.,5,10/7/2025,,,gmb,https://maps.google.com/maps?cid=16985310285984521867
synergyhlthcr-avardis,Windsor Grove Health and Rehabilitation,23352 Courthouse Hwy,Windsor,VA,23487-5333,US,2659,,Russell Johnson,A very clean place and everyone is nice and they do a good job taking care of my family member,5,10/7/2025,,,gmb,https://maps.google.com/maps?cid=2890239000189666972
synergyhlthcr-avardis,Augusta Nursing and Rehabilitation,83 Crossroads Ln,Fishersville,VA,22939-2331,US,2651,,Donna Cash,I have had the pleasure to be a part of the Augusta Nursing and Rehabilitation's team for a year now. It is warm and welcoming when you enter and the residents are treated like family.  The staff are focused on providing great care and creating an engaging and supportive environment.,5,10/7/2025,,,gmb,https://maps.google.com/maps?cid=16985310285984521867
synergyhlthcr-avardis,Wilora Lake Healthcare,6001 Wilora Lake Rd,Charlotte,NC,28212-2833,US,2565,,Danny Yang,,5,10/7/2025,,,gmb,https://maps.google.com/maps?cid=12883400636958841292
synergyhlthcr-avardis,Hilltop Manor Health and Rehabilitation,101 Kirkland St,Union,MS,39365-3205,US,2501,,Ray Gullette,"Great Leadership Team.  Very Professional Caring Staff.  Administration and Social Services Provides Excellent Follow Up with Families and Doctor Appointments, etc.  Nursing Staff Takes Time to Answer Questions and Assist with Activities of Daily Living with Residents.  The Staff Make You Feel Like Family.  Great Job........",5,10/7/2025,,,gmb,https://maps.google.com/maps?cid=16672777635584569979
synergyhlthcr-avardis,Wilora Lake Healthcare,6001 Wilora Lake Rd,Charlotte,NC,28212-2833,US,2565,,Rainn Fryer,"Great team, during my call the Social worker was a big help in finding a placement for my family",5,10/7/2025,,,gmb,https://maps.google.com/maps?cid=12883400636958841292
synergyhlthcr-avardis,Starkville Manor Health Care and Rehabilitation,1001 Hospital Rd,Starkville,MS,39759-2125,US,2503,,Willie Steve Patterson,My father in law was a resident here. The staff was very nice to him and he loved them. The activities department kept him active and happy with various things to do. It's a great place to be.,5,10/7/2025,,,gmb,https://maps.google.com/maps?cid=10689748702764398361
synergyhlthcr-avardis,Starkville Manor Health Care and Rehabilitation,1001 Hospital Rd,Starkville,MS,39759-2125,US,2503,,michele rackley,"I’m sharing on behalf of my mom who is not on social media. She went to Starkville Manor for a two-week period after breaking her hip and having hip replacement surgery this past summer. The folks at Starkville Manor were so accommodating when we were faced with finding a spot for Mom on short notice. She was made to feel right at home and was well taken care of! She would say that she especially appreciated the help and positive, can-do attitude of her OT tech Carlene. All in all a positive experience for our family at a time when the little things matter!",5,10/7/2025,,,gmb,https://maps.google.com/maps?cid=10689748702764398361
synergyhlthcr-avardis,Starkville Manor Health Care and Rehabilitation,1001 Hospital Rd,Starkville,MS,39759-2125,US,2503,,Willie Voss II,Great place with staff that care. The activities department does phenomenal with engaging with the clients. You can tell this isn’t just a job but a place where people are passionate about helping others.,5,10/7/2025,,,gmb,https://maps.google.com/maps?cid=10689748702764398361
synergyhlthcr-avardis,Starkville Manor Health Care and Rehabilitation,1001 Hospital Rd,Starkville,MS,39759-2125,US,2503,,Travis Watson,Such sweet and caring staff. Great communication. They truly do their best.,5,10/7/2025,,,gmb,https://maps.google.com/maps?cid=10689748702764398361
synergyhlthcr-avardis,Windsor Grove Health and Rehabilitation,23352 Courthouse Hwy,Windsor,VA,23487-5333,US,2659,,Toni Everette,,5,10/7/2025,,,gmb,https://maps.google.com/maps?cid=2890239000189666972
synergyhlthcr-avardis,Starkville Manor Health Care and Rehabilitation,1001 Hospital Rd,Starkville,MS,39759-2125,US,2503,,Jay Hargrove,The staff is incredible. The activities are always a wonderful experience!l and the residents enjoy every moment. My grandfather was well taken care of there and very loved. He truly enjoyed them while he was there !,5,10/7/2025,,,gmb,https://maps.google.com/maps?cid=10689748702764398361
synergyhlthcr-avardis,Starkville Manor Health Care and Rehabilitation,1001 Hospital Rd,Starkville,MS,39759-2125,US,2503,,Christy Savage,"This facility seems like the most fun and energetic place to rehab!!
The staff is sweet, kind and carrying each and every day ❤️",5,10/7/2025,,,gmb,https://maps.google.com/maps?cid=10689748702764398361
synergyhlthcr-avardis,Starkville Manor Health Care and Rehabilitation,1001 Hospital Rd,Starkville,MS,39759-2125,US,2503,,Sarah Bowles,We had a great experience! Wonderful workers!,5,10/7/2025,,,gmb,https://maps.google.com/maps?cid=10689748702764398361
synergyhlthcr-avardis,Starkville Manor Health Care and Rehabilitation,1001 Hospital Rd,Starkville,MS,39759-2125,US,2503,,James Wynne,Great facility for your loved ones. Staff really cares.,5,10/7/2025,,,gmb,https://maps.google.com/maps?cid=10689748702764398361
synergyhlthcr-avardis,Windsor Grove Health and Rehabilitation,23352 Courthouse Hwy,Windsor,VA,23487-5333,US,2659,,Darlean Walker,Windsor Grove is a great place to work. The building is always well maintained. I enjoy working with my co workers.,5,10/7/2025,,,gmb,https://maps.google.com/maps?cid=2890239000189666972
synergyhlthcr-avardis,Starkville Manor Health Care and Rehabilitation,1001 Hospital Rd,Starkville,MS,39759-2125,US,2503,,Linda Gulan,"I've been here almost a month for therapy. Everyone has been helpful, respectful, understanding, and loving. I would refer anyone to this facility.",5,10/7/2025,,,gmb,https://maps.google.com/maps?cid=10689748702764398361
synergyhlthcr-avardis,Starkville Manor Health Care and Rehabilitation,1001 Hospital Rd,Starkville,MS,39759-2125,US,2503,,Dawn Mooney,"The hard work and improvements are not going unnoticed at Starkville Manor. The staff are more attentive, communication with families has gotten better, and the overall atmosphere feels more positive and welcoming. You can tell there's been a real focus on teamwork and resident care. It's great to see such positive changes taking place and the dedication from everyone involved.",5,10/7/2025,,,gmb,https://maps.google.com/maps?cid=10689748702764398361
synergyhlthcr-avardis,Starkville Manor Health Care and Rehabilitation,1001 Hospital Rd,Starkville,MS,39759-2125,US,2503,,Africa Carter,,4,10/7/2025,,,gmb,https://maps.google.com/maps?cid=10689748702764398361
synergyhlthcr-avardis,Starkville Manor Health Care and Rehabilitation,1001 Hospital Rd,Starkville,MS,39759-2125,US,2503,,Sydney Jennings,Best nursing facility in town! Activities are amazing! Nursing/CNAS are fabulous! Therapy department is the best! Administration is top tier!,5,10/7/2025,,,gmb,https://maps.google.com/maps?cid=10689748702764398361
synergyhlthcr-avardis,Starkville Manor Health Care and Rehabilitation,1001 Hospital Rd,Starkville,MS,39759-2125,US,2503,,Tootie Carter,The CNAs are the most amazing individuals,5,10/7/2025,,,gmb,https://maps.google.com/maps?cid=10689748702764398361
synergyhlthcr-avardis,King's Daughters Community Health and Rehabilitation,1410 N Augusta St,Staunton,VA,24401-2401,US,2653,,Mikeala Cline,Currently have a family member here and have been very pleased with the care she has received. The responsivess from staff when needing something has been amazing.,5,10/7/2025,,,gmb,https://maps.google.com/maps?cid=11489819334989089200
synergyhlthcr-avardis,Woodstock Valley Health and Rehabilitation,803 South Main Street,Woodstock,VA,22664-1125,US,2660,,Deborah Shinault,"The team at Woodstock Rehab provides exceptional care and compassion. The nurses are attentive, professional, and genuinely invested in the well-being of their patients. It’s rare to find a facility where staff treat residents like family, and this one truly stands out.",5,10/7/2025,,,gmb,https://maps.google.com/maps?cid=14295004318862757625
synergyhlthcr-avardis,Newport News Nursing and Rehabilitation,12997 Nettles Dr,Newport News,VA,23602-6913,US,2654,,Chanel M,"I enjoy working at NNNR, staff is all about teamwork!  Always working to improve how to make every patients experience amazing.",5,10/7/2025,,,gmb,https://maps.google.com/maps?cid=2324153722059615782
synergyhlthcr-avardis,Woodstock Valley Health and Rehabilitation,803 South Main Street,Woodstock,VA,22664-1125,US,2660,,Donna Cash,"This is a wonderful skilled nursing facility. The staff are friendly and very welcoming. The facility staff treat their residents like family. The staff are compassionate, professional and dedicated to providing the best care possible.",5,10/7/2025,,,gmb,https://maps.google.com/maps?cid=14295004318862757625
synergyhlthcr-avardis,King's Daughters Community Health and Rehabilitation,1410 N Augusta St,Staunton,VA,24401-2401,US,2653,,Sarah Painter,"Wonderful facility, great staff, friendly faces and always willing to go the extra mile.",5,10/7/2025,,,gmb,https://maps.google.com/maps?cid=11489819334989089200
synergyhlthcr-avardis,Augusta Nursing and Rehabilitation,83 Crossroads Ln,Fishersville,VA,22939-2331,US,2651,,Sarah Painter,"My mother was there before transferring to their other care center and received excellent service at both facilities. Both had friendly, caring staff. I recommend this facility to your loved ones.",5,10/7/2025,,,gmb,https://maps.google.com/maps?cid=16985310285984521867
synergyhlthcr-avardis,Woodstock Valley Health and Rehabilitation,803 South Main Street,Woodstock,VA,22664-1125,US,2660,,Mckay Lawrence,My sister has worked here for the last 7 years and she loves it.  I go there to help do activities with her and we have a ball with the residents.  I love this place.,5,10/7/2025,,,gmb,https://maps.google.com/maps?cid=14295004318862757625
synergyhlthcr-avardis,Hilltop Manor Health and Rehabilitation,101 Kirkland St,Union,MS,39365-3205,US,2501,,Hailly Bernard,"The staff here is absolutely amazing! Every nurse, therapist, and caregiver goes above and beyond to make sure patients feel cared for and supported. They’re not only professional, but also kind, patient, and compassionate in everything they do. You can tell they truly care about each person’s well-being and recovery. Their positive attitudes and encouragement make such a huge difference. I’m so thankful for the team here—they really are the heart of this center!",5,10/7/2025,,,gmb,https://maps.google.com/maps?cid=16672777635584569979
synergyhlthcr-avardis,King's Daughters Community Health and Rehabilitation,1410 N Augusta St,Staunton,VA,24401-2401,US,2653,,Mckay Lawrence,"I have been an employee here at King' for over 3 years and I have to say that I work with some of the most caring people, our residents are very happy and love us all.",5,10/7/2025,,,gmb,https://maps.google.com/maps?cid=11489819334989089200
synergyhlthcr-avardis,Coastal Health and Rehabilitation Center,1530 Broad Ave,Gulfport,MS,39501-3601,US,2020,,Kelli Magee,"I’m proud to be part of the team here at Coastal Health and Rehab. Working alongside such caring and dedicated staff makes every day meaningful. We truly treat our residents like family and strive to make sure they feel loved, respected, and cared for. It’s rewarding to be in an environment where compassion comes first and everyone works together to make a difference. I’m grateful to be part of such a supportive and positive place to work! 💙",5,10/7/2025,,,gmb,https://maps.google.com/maps?cid=8273088538332587455
synergyhlthcr-avardis,Augusta Nursing and Rehabilitation,83 Crossroads Ln,Fishersville,VA,22939-2331,US,2651,,Mckay Lawrence,I was here for Skilled services and the therapy department got me back home and the nurses and CNA were great. I would recommend this places to get you back on track.,5,10/7/2025,,,gmb,https://maps.google.com/maps?cid=16985310285984521867
synergyhlthcr-avardis,Woodstock Valley Health and Rehabilitation,803 South Main Street,Woodstock,VA,22664-1125,US,2660,,Sarah Painter,My mother was here 2 months ago and received exceptional care along with meeting new friends. Staff was friendly and easy to talk to.,5,10/7/2025,,,gmb,https://maps.google.com/maps?cid=14295004318862757625
synergyhlthcr-avardis,Windsor Grove Health and Rehabilitation,23352 Courthouse Hwy,Windsor,VA,23487-5333,US,2659,,CoCo Whitley,Great place to work! Staff very helpful and the residents who stay there are well taken care of.,5,10/7/2025,,,gmb,https://maps.google.com/maps?cid=2890239000189666972
synergyhlthcr-avardis,Oak Grove Healthcare,518 Old US 221 N Hwy,Rutherfordton,NC,28139,US,2560,,Dawn Dun.,I have lived here for 2 years and made lots friends and the staff are like family,4,10/7/2025,,,gmb,https://maps.google.com/maps?cid=4663812526415986294
synergyhlthcr-avardis,Newport News Nursing and Rehabilitation,12997 Nettles Dr,Newport News,VA,23602-6913,US,2654,,Brianna Jackson,"There are some amazing staff at Newport News Health and Rehab. Regardless of how short-staffed they have been, they seem to show amazing care to their patients. I notice how clean the building is ; there are no bad odors when you walk the facility . Thank you to an amazing Team",4,10/7/2025,,,gmb,https://maps.google.com/maps?cid=2324153722059615782
synergyhlthcr-avardis,Windsor Grove Health and Rehabilitation,23352 Courthouse Hwy,Windsor,VA,23487-5333,US,2659,,Natalie Moore,"The staff at the facility is impeccable the admission coordinator Lindsay Hill, does a amazing job of keeping the building filled, with wonderful people that need the care, she embodies what windsor grove has. We also have an amazing executive director Nakia whitley who in my opinion is the best ED the facility has ever had, she cares about the staff and the residents she has alot of knowledge, of what it takes to run the building efficiently.",5,10/7/2025,,,gmb,https://maps.google.com/maps?cid=2890239000189666972
synergyhlthcr-avardis,Windsor Grove Health and Rehabilitation,23352 Courthouse Hwy,Windsor,VA,23487-5333,US,2659,,Sheri Jett,"I cannot say enough good things about Windsor Grove Health and Rehab! From the moment you walk in, you’re greeted with kindness and genuine care. The staff goes above and beyond to make residents feel comfortable, respected, and well-cared for.

The nursing team is attentive and compassionate, always taking time to answer questions and provide updates. Therapy services are excellent—they work patiently and consistently to help residents regain their strength and independence.

The facility itself is clean, welcoming, and well-maintained, which gives families peace of mind knowing their loved ones are in a safe and supportive environment. The activities and social programs keep residents engaged and uplifted, which truly makes Windsor Grove feel like a community, not just a facility.",5,10/7/2025,,,gmb,https://maps.google.com/maps?cid=2890239000189666972
synergyhlthcr-avardis,Wilora Lake Healthcare,6001 Wilora Lake Rd,Charlotte,NC,28212-2833,US,2565,,Camry Johnson,Wilora lake is always clean the staff are very kind and friendly able to help always,5,10/7/2025,,,gmb,https://maps.google.com/maps?cid=12883400636958841292
synergyhlthcr-avardis,Ashland Nursing and Rehabilitation,906 Thompson Street,Ashland,VA,23005-1128,US,2650,,Chelsea Ray,The nursing staff are compassionate and caring. Thank you for all you do,5,10/7/2025,Many thanks for the 5-star review! We genuinely value your support and feedback.,11/13/2025,gmb,https://maps.google.com/maps?cid=11144595113974665893
synergyhlthcr-avardis,Windsor Grove Health and Rehabilitation,23352 Courthouse Hwy,Windsor,VA,23487-5333,US,2659,,Tiffany Lee,"Great admissions services, awesome from start to finish, appreciate Lindsay for taking time to listen and explain. Highly recommend.",5,10/7/2025,,,gmb,https://maps.google.com/maps?cid=2890239000189666972
synergyhlthcr-avardis,Ashland Nursing and Rehabilitation,906 Thompson Street,Ashland,VA,23005-1128,US,2650,,Akeena Parker,Life is so much better since working here. Ashland offers a family like environment for residents and staff. Very comforting to come to a workplace like this everyday!,5,10/7/2025,,,gmb,https://maps.google.com/maps?cid=11144595113974665893
synergyhlthcr-avardis,Wilora Lake Healthcare,6001 Wilora Lake Rd,Charlotte,NC,28212-2833,US,2565,,Sierra Bryant,,5,10/7/2025,,,gmb,https://maps.google.com/maps?cid=12883400636958841292
synergyhlthcr-avardis,Wilora Lake Healthcare,6001 Wilora Lake Rd,Charlotte,NC,28212-2833,US,2565,,Kimwil Rochelle,I enjoy coming to wilora lake. The staff are approachable. The social worker is very friendly. All the staff look good,5,10/7/2025,,,gmb,https://maps.google.com/maps?cid=12883400636958841292
synergyhlthcr-avardis,Windsor Grove Health and Rehabilitation,23352 Courthouse Hwy,Windsor,VA,23487-5333,US,2659,,Brenda Shuler,"I love my coworkers at Windsor Grove. Everyone is so helpful and knowledgeable.  The administrator is the best, the nursing staff is attentive, and the building has a peaceful country-like atmosphere. Love my families and residents.",5,10/7/2025,,,gmb,https://maps.google.com/maps?cid=2890239000189666972
synergyhlthcr-avardis,Ashland Nursing and Rehabilitation,906 Thompson Street,Ashland,VA,23005-1128,US,2650,,Leanne B,The facility is older. They are under new administration and they are working to turn the place around. Over all I give 5 starts for the dedication and service they provide. Exceptional Customer Service. The receptionist is always friendly and greets everyone walking in the door. I recommend touring the facility before placement but also recommend giving it a try.,5,10/7/2025,,,gmb,https://maps.google.com/maps?cid=11144595113974665893
synergyhlthcr-avardis,Wilora Lake Healthcare,6001 Wilora Lake Rd,Charlotte,NC,28212-2833,US,2565,,Maya Payne,,5,10/7/2025,,,gmb,https://maps.google.com/maps?cid=12883400636958841292
synergyhlthcr-avardis,Wilora Lake Healthcare,6001 Wilora Lake Rd,Charlotte,NC,28212-2833,US,2565,,Markenson louis Charles,Wilora Lake has hardworking cnas who care and a social worker who cares alot about the residents and families,5,10/7/2025,,,gmb,https://maps.google.com/maps?cid=12883400636958841292
synergyhlthcr-avardis,Newport News Nursing and Rehabilitation,12997 Nettles Dr,Newport News,VA,23602-6913,US,2654,,Lucy Krauss,"excellent job with staff, overall facility. Excellent food, house keeping does an amazing job making sure my room is clean. Staff treats me with respect.",5,10/7/2025,,,gmb,https://maps.google.com/maps?cid=2324153722059615782
synergyhlthcr-avardis,Windsor Grove Health and Rehabilitation,23352 Courthouse Hwy,Windsor,VA,23487-5333,US,2659,,John R,"Very nice facility with an outstanding team of healthcare professionals! The front receptionist Ashley is always so warm and welcoming, Lindsay in admissions was extremely helpful and knowledgeable, nursing has been very kind and accommodating, there are always activities going on, and the residents there are very taken care of and happy.",5,10/7/2025,,,gmb,https://maps.google.com/maps?cid=2890239000189666972
synergyhlthcr-avardis,Windsor Grove Health and Rehabilitation,23352 Courthouse Hwy,Windsor,VA,23487-5333,US,2659,,Jim Anderson,Well maintained and attentive staff.,5,10/7/2025,,,gmb,https://maps.google.com/maps?cid=2890239000189666972
synergyhlthcr-avardis,Newport News Nursing and Rehabilitation,12997 Nettles Dr,Newport News,VA,23602-6913,US,2654,,Jason Davis,My mother seems pretty happy at this facility compared to the last 2 places. I've noticed she has friends now from the meetups and I think that helps her want to get out of bed more often which I am so happy for. Food looks good and rehab seems to actually care which is pretty rare in my experience. Fingers crossed !,5,10/7/2025,,,gmb,https://maps.google.com/maps?cid=2324153722059615782
synergyhlthcr-avardis,Oak Grove Healthcare,518 Old US 221 N Hwy,Rutherfordton,NC,28139,US,2560,,Linda,"Very clean facility, hard working EVS staff.",5,10/7/2025,,,gmb,https://maps.google.com/maps?cid=4663812526415986294
synergyhlthcr-avardis,Ashland Nursing and Rehabilitation,906 Thompson Street,Ashland,VA,23005-1128,US,2650,,Brittany Amos,"Very professional, clean, friendly place! They really care about all of their residents!",5,10/7/2025,Many thanks for the 5-star review! We genuinely value your support and feedback.,11/13/2025,gmb,https://maps.google.com/maps?cid=11144595113974665893
synergyhlthcr-avardis,Ashland Nursing and Rehabilitation,906 Thompson Street,Ashland,VA,23005-1128,US,2650,,James ingram jr,Ms.Young in admissions is very knowledgeable and was extremely helpful.,5,10/7/2025,,,gmb,https://maps.google.com/maps?cid=11144595113974665893
synergyhlthcr-avardis,Wilora Lake Healthcare,6001 Wilora Lake Rd,Charlotte,NC,28212-2833,US,2565,,serenity :3,"the social worker was so nice and approachable, i was able to speak with her about anything!!",5,10/7/2025,,,gmb,https://maps.google.com/maps?cid=12883400636958841292
synergyhlthcr-avardis,Wilora Lake Healthcare,6001 Wilora Lake Rd,Charlotte,NC,28212-2833,US,2565,,Naiyaa Jaay,great place friendly staff,5,10/7/2025,,,gmb,https://maps.google.com/maps?cid=12883400636958841292
synergyhlthcr-avardis,Newport News Nursing and Rehabilitation,12997 Nettles Dr,Newport News,VA,23602-6913,US,2654,,Nora Mayberry,"It is with immense gratitude and profound satisfaction that I convey my commendation for the exemplary care and support received during my recent stay at the Newport News Nursing Rehab Center. The standard of professionalism and dedication exhibited by your entire team was truly outstanding.

From my admission, every staff member consistently demonstrated an unwavering commitment to patient dignity, meticulously respecting personal space and ensuring privacy. This steadfast adherence to patient-centered principles was particularly remarkable given the challenges posed by staff shortages, where individuals admirably managed expanded responsibilities across various units without any compromise in the quality of care delivered.

A testament to their exceptional commitment to patient welfare occurred during a critical nighttime incident involving unexpected complications. A staff member responded with remarkable urgency and clinical acumen, swiftly assessing the situation and escalating it to the nursing team. The seamless coordination and effective communication with the on-duty physician, leading to prompt authorization for necessary interventions, provided invaluable reassurance during a vulnerable moment. The nursing staff, in particular, consistently demonstrated extraordinary vigilance and responsiveness, thoroughly evaluating patient needs and diligently securing physician approval for all medical interventions, including medication administration.

Beyond their clinical proficiencies, the entire team fostered a uniquely compassionate and supportive environment. Their proactive daily check-ins, often extending beyond assigned sections to offer encouragement and warm greetings, created a palpable culture of personalized engagement. This dedication to fostering connection was evident in every interaction, enhancing the overall patient experience significantly.

The Physical Therapy department merits distinct praise for their invaluable contributions to my recovery. Their dedicated therapists engaged me assiduously each day, facilitating significant progress in regaining mobility. I vividly recall the personalized and encouraging approach, exemplified by therapists who skillfully integrated tailored motivation and, at times, humor, to maximize my progress. The department's consistent personal introductions and genuine interest in each patient's journey cultivated a highly welcoming and supportive atmosphere.

Furthermore, the environmental services team played a crucial role in maintaining the facility's pristine conditions. Their meticulous attention to cleanliness, coupled with consistent courtesy, respect for privacy, and cheerful demeanor, contributed significantly to my well-being and comfort. Their unwavering positivity, irrespective of daily demands, is truly commendable.

I wholeheartedly recommend the Newport News Nursing Rehab Center to any individual seeking rehabilitation services, whether for short-term recovery or long-term care. Their holistic approach, which seamlessly integrates unparalleled medical and therapeutic expertise with genuine compassion, creates an environment supremely conducive to healing and comprehensive recovery. My deepest appreciation goes to each and every member of the team whose professionalism, empathy, and consistent encouragement were instrumental in my journey to recovery.",4,10/7/2025,,,gmb,https://maps.google.com/maps?cid=2324153722059615782
synergyhlthcr-avardis,Jamestown Health and Rehabilitation,1811 Jamestown Rd,Williamsburg,VA,23185-2326,US,2658,,Lashae Hicks,"Jamestown hosted an amazing Fall Festival event for the residents & their family members. The music was great, food was delicious & the staff showed so much love towards the residents. My grandma got to paint a pumpkin & also pet the chickens which made her laugh. She loves animals so being around animals when she hasn't seen any in quite some time made her day. Thank you staff at Jamestown for hosting such an amazing event. The staff really does love the patients and you could tell.",5,10/7/2025,,,gmb,https://maps.google.com/maps?cid=2496657677262714810
synergyhlthcr-avardis,Newport News Nursing and Rehabilitation,12997 Nettles Dr,Newport News,VA,23602-6913,US,2654,,Michelle,The staff is short still getting good care  the food is a little better. The building can be more homie looking  the activities are fun..thank you for making feel comfortable. Safe..,4,10/7/2025,,,gmb,https://maps.google.com/maps?cid=2324153722059615782
synergyhlthcr-avardis,Newport News Nursing and Rehabilitation,12997 Nettles Dr,Newport News,VA,23602-6913,US,2654,,George Powers,"Very Helpful , and friendly Staff",4,10/7/2025,,,gmb,https://maps.google.com/maps?cid=2324153722059615782
synergyhlthcr-avardis,Windsor Grove Health and Rehabilitation,23352 Courthouse Hwy,Windsor,VA,23487-5333,US,2659,,ray lafferty,"We have had patients in building, staff is great, Admin responsive, patients well taken care of.",5,10/7/2025,,,gmb,https://maps.google.com/maps?cid=2890239000189666972
synergyhlthcr-avardis,Pheasant Ridge Nursing and Rehabilitation,4355 Pheasant Ridge Rd,Roanoke,VA,24014-5272,US,2656,,Brandi Cantwell,"Words can’t fully express how thankful our family is for this incredible team. From the moment we brought our sweet aunt here, we felt an overwhelming sense of peace and reassurance. Every single staff member — from the caregivers and nurses to the activities team and administrators — treated us like family.

They don’t just provide care; they give love, patience, and respect in every interaction. You can see the compassion in the little things. The way they take time to hold a hand, share a laugh, or listen to a story that’s been told a dozen times. Their kindness and gentleness brings so much comfort during these difficult times. It is clear that this is more than a job to them — it’s a calling.

Knowing that our sweet aunt is surrounded by such compassionate and genuine affection has brought our family so much comfort and we thank you from the bottom of our hearts for this experience.",5,10/7/2025,,,gmb,https://maps.google.com/maps?cid=1982640372297032831
synergyhlthcr-avardis,Newport News Nursing and Rehabilitation,12997 Nettles Dr,Newport News,VA,23602-6913,US,2654,,Lula,"The staff were kind and respectful to my mother.  They got her up and walking with therapy so we could take her home.  The admission girl Chanel at the hospital was informative, and Tania answered all questions once I got to the building with mom.  The nursing team was very attentive.  Thank you for getting my mom home.",5,10/7/2025,,,gmb,https://maps.google.com/maps?cid=2324153722059615782
synergyhlthcr-avardis,Windsor Grove Health and Rehabilitation,23352 Courthouse Hwy,Windsor,VA,23487-5333,US,2659,,Lula,Windsor is an amazing place to rehab your loved one.  Lindsey in admissions was very kind and helpful and made this experience great.,5,10/7/2025,,,gmb,https://maps.google.com/maps?cid=2890239000189666972
synergyhlthcr-avardis,Newport News Nursing and Rehabilitation,12997 Nettles Dr,Newport News,VA,23602-6913,US,2654,,Lindsay Hill,Great facility. Chanel is wonderful to work with and makes the admissions process smooth and pleasant.,5,10/7/2025,,,gmb,https://maps.google.com/maps?cid=2324153722059615782
synergyhlthcr-avardis,Ashland Nursing and Rehabilitation,906 Thompson Street,Ashland,VA,23005-1128,US,2650,,Kim Hubbard,,5,10/7/2025,,,gmb,https://maps.google.com/maps?cid=11144595113974665893
synergyhlthcr-avardis,Ashland Nursing and Rehabilitation,906 Thompson Street,Ashland,VA,23005-1128,US,2650,,Sheri Jett,"I can’t say enough wonderful things about Ashland Nursing and Rehab! From the moment you walk in, the staff makes you feel welcome and supported. The entire team—from nurses and therapists to the administrative staff—goes above and beyond to provide compassionate, professional care.

The therapy team is outstanding and truly invested in helping residents meet their goals, while the nursing staff shows genuine kindness and patience every single day.

It’s clear that everyone here cares deeply about the well-being of their residents.",5,10/7/2025,We're so glad to hear that our team made a positive impact on your experience. Our people are the heart of our mission. We'll be sure to share your appreciation with the team. Thank you for recognizing their dedication and care!,10/16/2025,gmb,https://maps.google.com/maps?cid=11144595113974665893
synergyhlthcr-avardis,Ashland Nursing and Rehabilitation,906 Thompson Street,Ashland,VA,23005-1128,US,2650,,Deija Brooks,"wonderful facility with great staff - the admissions team is fantastic, and the building itself really has made a HUGE positive change over the past year. Great job!",5,10/7/2025,,,gmb,https://maps.google.com/maps?cid=11144595113974665893
synergyhlthcr-avardis,Ashland Nursing and Rehabilitation,906 Thompson Street,Ashland,VA,23005-1128,US,2650,,Kay Barcikowski,"Spoke with the director about a potential placement. The interaction was courteous, helpful, and compassionate, which was both encouraging and uplifting as I considered placing my family member.",5,10/7/2025,"We value long-term relationships built on respect, communication, and high-quality care. We're grateful to be part of your family's journey and remain committed to delivering excellence every step of the way.",10/16/2025,gmb,https://maps.google.com/maps?cid=11144595113974665893
synergyhlthcr-avardis,Ashland Nursing and Rehabilitation,906 Thompson Street,Ashland,VA,23005-1128,US,2650,,Alycia Heszler,,5,10/7/2025,,,gmb,https://maps.google.com/maps?cid=11144595113974665893
synergyhlthcr-avardis,Ashland Nursing and Rehabilitation,906 Thompson Street,Ashland,VA,23005-1128,US,2650,,Dee Jackson,,5,10/7/2025,,,gmb,https://maps.google.com/maps?cid=11144595113974665893
synergyhlthcr-avardis,Windsor Grove Health and Rehabilitation,23352 Courthouse Hwy,Windsor,VA,23487-5333,US,2659,,Katie Callow,The facility is clean and the staff is always pleasant. Lindsay is easy to work with & makes the admissions process as smooth as possible.,5,10/7/2025,,,gmb,https://maps.google.com/maps?cid=2890239000189666972
synergyhlthcr-avardis,Hilltop Manor Health and Rehabilitation,101 Kirkland St,Union,MS,39365-3205,US,2501,,Barbara King,"The staff is very friendly and helpful. They make sure the patient has what they need at time of discharge (equipment, appointments etc).  Jessica is very helpful in taking care of the patients needs.",5,10/6/2025,,,gmb,https://maps.google.com/maps?cid=16672777635584569979
synergyhlthcr-avardis,Starkville Manor Health Care and Rehabilitation,1001 Hospital Rd,Starkville,MS,39759-2125,US,2503,,Mary Beth,,5,10/6/2025,,,gmb,https://maps.google.com/maps?cid=10689748702764398361
synergyhlthcr-avardis,Skyline Nursing and Rehabilitation,237 Franklin Pike SE,Floyd,VA,24091-2893,US,2657,,Janet Edwards,My mother was at Skyline Nursing & Rehab 3 different times the staff was very good to her each time.  They treat you like family & keep you well-informed on any changes in condition or meds. I’ve recommended this facility to multiple people for their family members.,5,10/6/2025,,,gmb,https://maps.google.com/maps?cid=6952069171432930945
synergyhlthcr-avardis,Courtyard Health and Rehabilitation,501 S Locust St,McComb,MS,39648-4336,US,2506,,DigitalDixie,I would recommend this place,5,10/6/2025,,,gmb,https://maps.google.com/maps?cid=15418050129558257653
synergyhlthcr-avardis,Hilltop Manor Health and Rehabilitation,101 Kirkland St,Union,MS,39365-3205,US,2501,,Ashley Barrier,Great work atmosphere always someone willing to help the other out,5,10/6/2025,,,gmb,https://maps.google.com/maps?cid=16672777635584569979
synergyhlthcr-avardis,The Pavilion at St. Luke Village,1000 Stacie Drive,Hazelton,PA,18201-5689,US,2605,,maggie corcoran,,5,10/6/2025,,,gmb,https://maps.google.com/maps?cid=9560539739024854864
synergyhlthcr-avardis,Courtyard Health and Rehabilitation,501 S Locust St,McComb,MS,39648-4336,US,2506,,Betty Coon,Would recommend to my family and friends,4,10/6/2025,,,gmb,https://maps.google.com/maps?cid=15418050129558257653
synergyhlthcr-avardis,Courtyard Health and Rehabilitation,501 S Locust St,McComb,MS,39648-4336,US,2506,,Andrea Jenkins,Very friendly administrative staff and very knowledgeable and helpful. A great therapy department with excellent services to offer.,4,10/6/2025,,,gmb,https://maps.google.com/maps?cid=15418050129558257653
synergyhlthcr-avardis,Starkville Manor Health Care and Rehabilitation,1001 Hospital Rd,Starkville,MS,39759-2125,US,2503,,Naomi Anthony,The staff is amazing and the environment is very welcoming!,5,10/6/2025,,,gmb,https://maps.google.com/maps?cid=10689748702764398361
synergyhlthcr-avardis,Starkville Manor Health Care and Rehabilitation,1001 Hospital Rd,Starkville,MS,39759-2125,US,2503,,Bobbiejane Little,,5,10/6/2025,,,gmb,https://maps.google.com/maps?cid=10689748702764398361
synergyhlthcr-avardis,Starkville Manor Health Care and Rehabilitation,1001 Hospital Rd,Starkville,MS,39759-2125,US,2503,,kaylyn ann cole,,5,10/6/2025,,,gmb,https://maps.google.com/maps?cid=10689748702764398361
synergyhlthcr-avardis,Emerald Ridge Health and Rehabilitation,25 Reynolds Mountain Blvd,Asheville,NC,28804-1270,US,2556,,Anne M,"First, let me say that I’m not giving a 5-star review because everything was perfect at Emerald Ridge or because every staff member was exemplary (that is an impossible standard for any facility).

I am giving a 5-star review because in the three years my brother was resident there with multiple serious health conditions, I spent a lot of time at the facility and interacting with staff and my experience was that the vast majority of staff at Emerald Ridge were highly-competent, very caring and compassionate and very diligent about doing their very best with the resources given.

Could more attention be given to certain areas -- food yes, laundary yes - but that is true everywhere.

What counts is that I never lacked confidence in his care, and indeed, almost everyone I dealt with, from nurses, to CNAs, to PT, to the receptionist, to records, to billing, to the activities director to the cleaning staff, to the transport person, were always attentive and responsive to my brother’s needs and by extension, my own. Indeed, I came to feel like part of the Emerald Ridge  family.

I also appreciated their transparency in calling me even when an innocuous mistake was made (which again, is not possible to avoid anywhere) and their encouragement of staff to speak up, as I found that evidence of extraordinary integrity.

Throughout his time there, and particularly up to my brother’s death. I witnessed extraordinary acts of kindness, for which I am truly thankful",5,10/6/2025,,,gmb,https://maps.google.com/maps?cid=4215589149897886275
synergyhlthcr-avardis,Starkville Manor Health Care and Rehabilitation,1001 Hospital Rd,Starkville,MS,39759-2125,US,2503,,Michael Iacopelli,,5,10/6/2025,,,gmb,https://maps.google.com/maps?cid=10689748702764398361
synergyhlthcr-avardis,Starkville Manor Health Care and Rehabilitation,1001 Hospital Rd,Starkville,MS,39759-2125,US,2503,,Bethany Arnault,,5,10/6/2025,,,gmb,https://maps.google.com/maps?cid=10689748702764398361
synergyhlthcr-avardis,Starkville Manor Health Care and Rehabilitation,1001 Hospital Rd,Starkville,MS,39759-2125,US,2503,,Alan Burrell,,5,10/6/2025,,,gmb,https://maps.google.com/maps?cid=10689748702764398361
synergyhlthcr-avardis,Starkville Manor Health Care and Rehabilitation,1001 Hospital Rd,Starkville,MS,39759-2125,US,2503,,Tiffany Peeples,,5,10/6/2025,,,gmb,https://maps.google.com/maps?cid=10689748702764398361
synergyhlthcr-avardis,Starkville Manor Health Care and Rehabilitation,1001 Hospital Rd,Starkville,MS,39759-2125,US,2503,,Madison West,,5,10/6/2025,,,gmb,https://maps.google.com/maps?cid=10689748702764398361
synergyhlthcr-avardis,Hilltop Manor Health and Rehabilitation,101 Kirkland St,Union,MS,39365-3205,US,2501,,Terri Mayo,I have always been very impressed with each visit. The grounds are always well manicured and the foyer is festively decorated for the time of the year. Activities are always going on and the residents appear well cared for and content. Jessica is always helpful in the social service office. Scott Smith is very knowledgeable about all departments and a great administrator.,5,10/6/2025,,,gmb,https://maps.google.com/maps?cid=16672777635584569979
synergyhlthcr-avardis,Hilltop Manor Health and Rehabilitation,101 Kirkland St,Union,MS,39365-3205,US,2501,,Brook Miles,Staff has always been helpful when I came to visit!,5,10/6/2025,,,gmb,https://maps.google.com/maps?cid=16672777635584569979
synergyhlthcr-avardis,Hilltop Manor Health and Rehabilitation,101 Kirkland St,Union,MS,39365-3205,US,2501,,Jason Sistrunk,"My grandmother called this home for a little less than a year, and we couldn’t have been happier. Wonderful administration, clean and homey feeling facility, food was always good. Would highly recommend for anyone looking for a place for their loved ones to call “home”",5,10/6/2025,,,gmb,https://maps.google.com/maps?cid=16672777635584569979
synergyhlthcr-avardis,Hilltop Manor Health and Rehabilitation,101 Kirkland St,Union,MS,39365-3205,US,2501,,Shanteeze Carter,Facility is always nicely decorated from the outside porch to the entrance door!,5,10/6/2025,,,gmb,https://maps.google.com/maps?cid=16672777635584569979
synergyhlthcr-avardis,Hilltop Manor Health and Rehabilitation,101 Kirkland St,Union,MS,39365-3205,US,2501,,amanda Green,Always decorated when you go in,5,10/6/2025,,,gmb,https://maps.google.com/maps?cid=16672777635584569979
synergyhlthcr-avardis,Hilltop Manor Health and Rehabilitation,101 Kirkland St,Union,MS,39365-3205,US,2501,,Mandi Dionne,Love this facility and this staff,5,10/6/2025,,,gmb,https://maps.google.com/maps?cid=16672777635584569979
synergyhlthcr-avardis,Starkville Manor Health Care and Rehabilitation,1001 Hospital Rd,Starkville,MS,39759-2125,US,2503,,Brett Farmer,"I can’t thank the rehab team at Starkville Manor enough for everything they’ve done for us. From the moment we walked in, they made us feel like family. The therapists were not only incredibly skilled but also kind, patient, and encouraging every step of the way. They took the time to get to know us, explain the process, and set realistic goals. What impressed me the most was how they celebrated every bit of progress, no matter how small. That encouragement kept us motivated and gave us the hope we needed during a tough time with my grandfather. The staff truly went above and beyond—always listening, always supportive, and always pushing just enough to help us reach the next milestone. It’s clear that the rehab team genuinely cares about their patients, and that made all the difference to my family. Thanks to their dedication and compassion, we’ve seen incredible improvements in my grandfather that we honestly didn’t think were possible at the beginning. We will forever be grateful to the entire rehab team at Starkville Manor.",5,10/6/2025,,,gmb,https://maps.google.com/maps?cid=10689748702764398361
synergyhlthcr-avardis,Starkville Manor Health Care and Rehabilitation,1001 Hospital Rd,Starkville,MS,39759-2125,US,2503,,Carline Mckinney,Staff and therapy department works well together ❤️,5,10/6/2025,,,gmb,https://maps.google.com/maps?cid=10689748702764398361
synergyhlthcr-avardis,Hilltop Manor Health and Rehabilitation,101 Kirkland St,Union,MS,39365-3205,US,2501,,Kristina Denton,The employees go above and beyond for their patients. The employees will listen to family concerns and are knowledgeable of their patients health status/ conditions.,5,10/6/2025,,,gmb,https://maps.google.com/maps?cid=16672777635584569979
synergyhlthcr-avardis,Hilltop Manor Health and Rehabilitation,101 Kirkland St,Union,MS,39365-3205,US,2501,,Kameron Barrier,Facility is always nice and clean when you walk in and the staff are always nice and very helpful.,5,10/6/2025,,,gmb,https://maps.google.com/maps?cid=16672777635584569979
synergyhlthcr-avardis,Hilltop Manor Health and Rehabilitation,101 Kirkland St,Union,MS,39365-3205,US,2501,,Johnathon Breedlove,Helpful and great atmosphere,5,10/6/2025,,,gmb,https://maps.google.com/maps?cid=16672777635584569979
synergyhlthcr-avardis,Starkville Manor Health Care and Rehabilitation,1001 Hospital Rd,Starkville,MS,39759-2125,US,2503,,anna fennell,Great place for your loved ones!,5,10/6/2025,,,gmb,https://maps.google.com/maps?cid=10689748702764398361
synergyhlthcr-avardis,Hilltop Manor Health and Rehabilitation,101 Kirkland St,Union,MS,39365-3205,US,2501,,Shannon Coker,"Overall, a great nursing home with a comfortable atmosphere!",5,10/6/2025,,,gmb,https://maps.google.com/maps?cid=16672777635584569979
synergyhlthcr-avardis,Hilltop Manor Health and Rehabilitation,101 Kirkland St,Union,MS,39365-3205,US,2501,,Hailey Coker,"Great place with caring people. This place has a great activities department for residents to participate in fun games, crafts, and holiday parties. Hilltop also has a wonderful therapy department that includes speech, occupational, and physical therapy to meet all of your needs and improve your independence with all aspects of daily living and mobility",5,10/6/2025,,,gmb,https://maps.google.com/maps?cid=16672777635584569979
synergyhlthcr-avardis,Starkville Manor Health Care and Rehabilitation,1001 Hospital Rd,Starkville,MS,39759-2125,US,2503,,lisa garrett,Great place,5,10/6/2025,,,gmb,https://maps.google.com/maps?cid=10689748702764398361
synergyhlthcr-avardis,Willowbrook Rehabilitation and Care,333 E Lee Ave,Yadkinville,NC,27055-8132,US,2564,,Stacey Weatherbee,"Great, comfortable, clean environment  and so much fun for the residents.
Always having activities and fun events.
Staff is so friendly and makes everyone feel at home.
Would recommend for any family to entrust with their love ones.",5,10/6/2025,,,gmb,https://maps.google.com/maps?cid=13181415108160796263
synergyhlthcr-avardis,Willowbrook Rehabilitation and Care,333 E Lee Ave,Yadkinville,NC,27055-8132,US,2564,,Jackie Childress,,5,10/6/2025,,,gmb,https://maps.google.com/maps?cid=13181415108160796263
synergyhlthcr-avardis,Grand Trace Health and Rehabilitation,555 John R Junkin Dr,Natchez,MS,39120-4709,US,2505,,Meka Williams,The environment was very pleasing! Staff was friendly and very loving.,5,10/6/2025,,,gmb,https://maps.google.com/maps?cid=13703202206434671051
synergyhlthcr-avardis,Hilltop Manor Health and Rehabilitation,101 Kirkland St,Union,MS,39365-3205,US,2501,,Ashley,"Compassionate caring workers, great activities for residents",5,10/6/2025,,,gmb,https://maps.google.com/maps?cid=16672777635584569979
synergyhlthcr-avardis,Hilltop Manor Health and Rehabilitation,101 Kirkland St,Union,MS,39365-3205,US,2501,,Mason Tucker,,4,10/6/2025,,,gmb,https://maps.google.com/maps?cid=16672777635584569979
synergyhlthcr-avardis,Hilltop Manor Health and Rehabilitation,101 Kirkland St,Union,MS,39365-3205,US,2501,,Angela Comans,,5,10/6/2025,,,gmb,https://maps.google.com/maps?cid=16672777635584569979
synergyhlthcr-avardis,Hilltop Manor Health and Rehabilitation,101 Kirkland St,Union,MS,39365-3205,US,2501,,Marlon Morgan,My father is here at Hilltop and he is having the best care. Thank you guys! What a blessing and wonderful place.,5,10/6/2025,,,gmb,https://maps.google.com/maps?cid=16672777635584569979
synergyhlthcr-avardis,Hilltop Manor Health and Rehabilitation,101 Kirkland St,Union,MS,39365-3205,US,2501,,Kylie Warren,We have had a pleasant visit every time we visit. Couldn’t t be happier,5,10/6/2025,,,gmb,https://maps.google.com/maps?cid=16672777635584569979
synergyhlthcr-avardis,Hilltop Manor Health and Rehabilitation,101 Kirkland St,Union,MS,39365-3205,US,2501,,Jamie Barrier,,5,10/6/2025,,,gmb,https://maps.google.com/maps?cid=16672777635584569979
synergyhlthcr-avardis,Hilltop Manor Health and Rehabilitation,101 Kirkland St,Union,MS,39365-3205,US,2501,,Sharon Walters,"I can’t say enough good things about Hilltop. From the moment we walked in, the staff made us feel welcome and reassured that our loved one would be in great hands. Every nurse, aide, and staff member goes above and beyond to provide compassionate, professional care. You can tell they truly care about the residents and treat them like family",5,10/6/2025,,,gmb,https://maps.google.com/maps?cid=16672777635584569979
synergyhlthcr-avardis,Hilltop Manor Health and Rehabilitation,101 Kirkland St,Union,MS,39365-3205,US,2501,,Nancy,"The workers are very helpful in letting me know what is going on with my sister, the only problems I have is they need to clean more often, it stinks, toilets nasty, and when I buy my sister new clothes, they always come up gone",4,10/6/2025,,,gmb,https://maps.google.com/maps?cid=16672777635584569979
synergyhlthcr-avardis,Hilltop Manor Health and Rehabilitation,101 Kirkland St,Union,MS,39365-3205,US,2501,,Malcolm Worsham,,5,10/6/2025,,,gmb,https://maps.google.com/maps?cid=16672777635584569979
synergyhlthcr-avardis,Hilltop Manor Health and Rehabilitation,101 Kirkland St,Union,MS,39365-3205,US,2501,,Bryce,Great place and great employees. Every time I have visited has been phenomenal and the staff is outstanding and magnificent with patients and visitors.,5,10/6/2025,,,gmb,https://maps.google.com/maps?cid=16672777635584569979
synergyhlthcr-avardis,Hilltop Manor Health and Rehabilitation,101 Kirkland St,Union,MS,39365-3205,US,2501,,Iam. Niyahh,,5,10/6/2025,,,gmb,https://maps.google.com/maps?cid=16672777635584569979
synergyhlthcr-avardis,Hilltop Manor Health and Rehabilitation,101 Kirkland St,Union,MS,39365-3205,US,2501,,Melissa Cannon,Very great and friendly staff. Cna’s and nurses take care of the residents very well. Everyone seems to always be happy and well taken care of.,5,10/6/2025,,,gmb,https://maps.google.com/maps?cid=16672777635584569979
synergyhlthcr-avardis,The Oaks Rehabilitation and Healthcare,3716 Highway 39 N,Meridian,MS,39301-1013,US,2502,,Matt Tindle,Great place for short term rehabilitation,5,10/6/2025,,,gmb,https://maps.google.com/maps?cid=5232290777239781461
synergyhlthcr-avardis,Willowbrook Rehabilitation and Care,333 E Lee Ave,Yadkinville,NC,27055-8132,US,2564,,Donna Martin,"A very family oriented environment.. everyone feels welcome…from the residents, staff, and family members…. Everyone works together to make sure great care is given.",5,10/6/2025,,,gmb,https://maps.google.com/maps?cid=13181415108160796263
synergyhlthcr-avardis,Willowbrook Rehabilitation and Care,333 E Lee Ave,Yadkinville,NC,27055-8132,US,2564,,Jessie Jones,"The staff at the facility really care and take time for the residents. They provide care as if it was their own loved ones there. The nursing staff knows all of the  residents on a one to one basis and you can see the love and care every day. They have no agency staff at Willowbrook, therefore you have the same faces taking care of all the residents even if that means they spend a lot of time away from their own families. The residents really are their second families and are treated as family. I would recommend Willowbrook for anyone needing care for yourself or a loved one.",5,10/5/2025,,,gmb,https://maps.google.com/maps?cid=13181415108160796263
synergyhlthcr-avardis,Willowbrook Rehabilitation and Care,333 E Lee Ave,Yadkinville,NC,27055-8132,US,2564,,Tammy Jones,"Great place to bring your loved one’s for short term rehab, therapy, wound care, long term care and activities . Willbrook staff comes together as a team(family ) to complete the care needed for our patients. We just had a Fall festival where the Patients enjoyed games, prizes, decorating pumpkins , throwing pies at the administrator and home made chicken stew.",5,10/5/2025,,,gmb,https://maps.google.com/maps?cid=13181415108160796263
synergyhlthcr-avardis,Pennknoll Village,208 Pennknoll Road,Everett,PA,15537-6940,US,2607,,Joshua Pittman,"Black mode in the air vents. Certain accidents get swept under the rug. Make it look like it's not their fault.
It's a dirty place, not only the air, but the management also.",2,10/5/2025,,,gmb,https://maps.google.com/maps?cid=8483483597421194910
synergyhlthcr-avardis,The Manor at Penn Village,51 Route 204,Selinsgrove,PA,17870-7971,US,2608,,Susan Conner,,5,10/3/2025,,,gmb,https://maps.google.com/maps?cid=10936063054836607631
synergyhlthcr-avardis,Augusta Nursing and Rehabilitation,83 Crossroads Ln,Fishersville,VA,22939-2331,US,2651,,Ash,"Clean building, friendly staff",5,10/3/2025,,,gmb,https://maps.google.com/maps?cid=16985310285984521867
synergyhlthcr-avardis,Woodstock Valley Health and Rehabilitation,803 South Main Street,Woodstock,VA,22664-1125,US,2660,,Alyssa Clark,I visit this center regularly and the staff genuinely cares about the residents.  They seem to get along with each other as well.  I’ve been very pleased,5,10/3/2025,,,gmb,https://maps.google.com/maps?cid=14295004318862757625
synergyhlthcr-avardis,Clay County Health and Rehabilitation,86 Valley Hideaway Dr,Hayesville,NC,28904-9674,US,2555,,Teresa Smith,Great place . Really takes care of each resident as if they were family which they are! Recommend 10 out 10,5,10/3/2025,,,gmb,https://maps.google.com/maps?cid=13135783167940185773
synergyhlthcr-avardis,Willowbrook Rehabilitation and Care,333 E Lee Ave,Yadkinville,NC,27055-8132,US,2564,,Christy Frame,Willowbrook is a great facility with care and compassion for their residents. The facility smells good and looks good. Thank you for all you do for the community and residents.,5,10/3/2025,,,gmb,https://maps.google.com/maps?cid=13181415108160796263
synergyhlthcr-avardis,Clay County Health and Rehabilitation,86 Valley Hideaway Dr,Hayesville,NC,28904-9674,US,2555,,Brett Jones,The staff are fantastic just as well as the building itself. Highly recommend for everyone seeking placement!,5,10/3/2025,,,gmb,https://maps.google.com/maps?cid=13135783167940185773
synergyhlthcr-avardis,Clay County Health and Rehabilitation,86 Valley Hideaway Dr,Hayesville,NC,28904-9674,US,2555,,Jett Brones,Amazing facility and amazing staff!,5,10/3/2025,,,gmb,https://maps.google.com/maps?cid=13135783167940185773
synergyhlthcr-avardis,Skyline Nursing and Rehabilitation,237 Franklin Pike SE,Floyd,VA,24091-2893,US,2657,,Krystiona Gillette,,5,10/3/2025,,,gmb,https://maps.google.com/maps?cid=6952069171432930945
synergyhlthcr-avardis,Jamestown Health and Rehabilitation,1811 Jamestown Rd,Williamsburg,VA,23185-2326,US,2658,,Tracy Mcgilvary,"The fall fest was lovely for the residents. Seeing everyone happy, laughing, and enjoying the experience. It's good to see the facility expanding.",4,10/3/2025,,,gmb,https://maps.google.com/maps?cid=2496657677262714810
synergyhlthcr-avardis,The Oaks Rehabilitation and Healthcare,3716 Highway 39 N,Meridian,MS,39301-1013,US,2502,,DawningwJoy,My foster brother is here and it’s much better than the place he left! He loves it!,5,10/2/2025,,,gmb,https://maps.google.com/maps?cid=5232290777239781461
synergyhlthcr-avardis,Wilora Lake Healthcare,6001 Wilora Lake Rd,Charlotte,NC,28212-2833,US,2565,,Sean Jarrett,,5,10/2/2025,,,gmb,https://maps.google.com/maps?cid=12883400636958841292
synergyhlthcr-avardis,Wilora Lake Healthcare,6001 Wilora Lake Rd,Charlotte,NC,28212-2833,US,2565,,Nancy Cuamacateco,,5,10/2/2025,,,gmb,https://maps.google.com/maps?cid=12883400636958841292
synergyhlthcr-avardis,Skyline Nursing and Rehabilitation,237 Franklin Pike SE,Floyd,VA,24091-2893,US,2657,,Chris,"The care at Skyline is absolutely outstanding. The nurses provide not only skilled and attentive clinical care but also a genuine sense of compassion and dedication that makes residents feel valued and safe. They take the time to listen, to comfort, and to ensure that every need is met with professionalism and kindness.

The CNAs are equally exceptional, bringing warmth, patience, and positivity into every interaction. Together, the nursing staff and CNAs create a truly happy and supportive environment where quality care is always the focus. Skyline stands out as a place where residents thrive, families have peace of mind, and the atmosphere is filled with respect and joy.",5,10/2/2025,,,gmb,https://maps.google.com/maps?cid=6952069171432930945
synergyhlthcr-avardis,Ashland Nursing and Rehabilitation,906 Thompson Street,Ashland,VA,23005-1128,US,2650,,Amanda Bowers,,5,10/2/2025,Thank you for the 5-star rating! We are committed to helping every person in our care reach new heights. Your support means the world to our team!,10/16/2025,gmb,https://maps.google.com/maps?cid=11144595113974665893
synergyhlthcr-avardis,King's Daughters Community Health and Rehabilitation,1410 N Augusta St,Staunton,VA,24401-2401,US,2653,,Donna Cash,I have a family member at Kings Daughters and I am beyond pleased with her care. The staff have been compassionate and attentive. The aides have been respectful and patient with her. I’ve been impressed by the level of medical care and personal attention she receives. She even voiced “the food is surprisingly good “  It gives me and my family peace of mind knowing that she is in such capable hands.,5,10/2/2025,,,gmb,https://maps.google.com/maps?cid=11489819334989089200
synergyhlthcr-avardis,Ashland Nursing and Rehabilitation,906 Thompson Street,Ashland,VA,23005-1128,US,2650,,Pamela Meadows,,5,10/2/2025,,,gmb,https://maps.google.com/maps?cid=11144595113974665893
synergyhlthcr-avardis,Ashland Nursing and Rehabilitation,906 Thompson Street,Ashland,VA,23005-1128,US,2650,,Russel Jones,Very happy with this place,5,10/2/2025,Many thanks for the 5-star review! We genuinely value your support and feedback.,11/13/2025,gmb,https://maps.google.com/maps?cid=11144595113974665893
synergyhlthcr-avardis,Ashland Nursing and Rehabilitation,906 Thompson Street,Ashland,VA,23005-1128,US,2650,,Shelby Young,"⭐️⭐️⭐️⭐️⭐️
I really enjoy working at Ashland Nursing & Rehab. The staff here care a lot about the residents, and it feels like a family environment. It’s a great feeling knowing we make a difference every day",5,10/2/2025,,,gmb,https://maps.google.com/maps?cid=11144595113974665893
synergyhlthcr-avardis,King's Daughters Community Health and Rehabilitation,1410 N Augusta St,Staunton,VA,24401-2401,US,2653,,Chad,You can see that the employees at King’s are very hard working and love the residents they care for.  They are an amazing group of people!,5,10/2/2025,,,gmb,https://maps.google.com/maps?cid=11489819334989089200
synergyhlthcr-avardis,Courtyard Health and Rehabilitation,501 S Locust St,McComb,MS,39648-4336,US,2506,,Kristi Williams,Courtyard is a great place!  It is an older building  are making great positive strides in beautifying the building. The staff is great and makes your stay comfortable.,5,10/2/2025,,,gmb,https://maps.google.com/maps?cid=15418050129558257653
synergyhlthcr-avardis,Willowbrook Rehabilitation and Care,333 E Lee Ave,Yadkinville,NC,27055-8132,US,2564,,Monique,"Great place for anyone needing Memory Care,  that really seems to be an expertise . The staff work together as a team and you can tell they genuinely care. One thing I really appreciate is that they don’t use agency staff, so residents see the same familiar faces every day and the staff really know them. Continuity-reliability .  Management is responsive and seems to care, which makes a big difference and likely why they don’t need agency . Also worth mentioning—it’s a 5 STAR CMS rated facility, which says a lot. Only critique I’d share is it would be nice to see a little more variety on the menus. Overall, I’d highly recommend.",5,10/1/2025,,,gmb,https://maps.google.com/maps?cid=13181415108160796263
synergyhlthcr-avardis,Cardinal Healthcare and Rehabilitation,931 N Aspen St,Lincolnton,NC,28092-2113,US,2553,,Earl,"I am a resident of Cardinal and am very satisfied with the medical attention, the food, the room and the care from all the staff. I am involved in several activities and am blessed to be here. I help care for the flowers around the facility. I would recommend Cardinal to anyone who has any type of medical condition that may need a loving place to stay.",5,10/1/2025,,,gmb,https://maps.google.com/maps?cid=5235987348951661631
synergyhlthcr-avardis,Courtyard Health and Rehabilitation,501 S Locust St,McComb,MS,39648-4336,US,2506,,Gina RN Quincy,"Such a wonderful place to work, I came into this facility and have accumulated and accomplished so much knowledge under my belt. I consider my fellow co workers to be my family, a family I can lean on, and I know they won’t let me fall❤️",5,10/1/2025,,,gmb,https://maps.google.com/maps?cid=15418050129558257653
synergyhlthcr-avardis,Courtyard Health and Rehabilitation,501 S Locust St,McComb,MS,39648-4336,US,2506,,Patricia Jenkins,Great therapy department. Would recommend it my friends and family.,5,10/1/2025,,,gmb,https://maps.google.com/maps?cid=15418050129558257653
synergyhlthcr-avardis,Augusta Nursing and Rehabilitation,83 Crossroads Ln,Fishersville,VA,22939-2331,US,2651,,Elizabeth Armentrout,So proud to have such an amazing team!!!,5,10/1/2025,,,gmb,https://maps.google.com/maps?cid=16985310285984521867
synergyhlthcr-avardis,Courtyard Health and Rehabilitation,501 S Locust St,McComb,MS,39648-4336,US,2506,,Angela Abram,Great therapy department!!! Love the compassionate caring administration department as well.,5,10/1/2025,,,gmb,https://maps.google.com/maps?cid=15418050129558257653
synergyhlthcr-avardis,Courtyard Health and Rehabilitation,501 S Locust St,McComb,MS,39648-4336,US,2506,,Jawon Jackson,,5,10/1/2025,,,gmb,https://maps.google.com/maps?cid=15418050129558257653
synergyhlthcr-avardis,Walnut Cove Health and Rehabilitation,511 Windmill St,Walnut Cove,NC,27052-7706,US,2562,,Mason Martin,,5,9/30/2025,,,gmb,https://maps.google.com/maps?cid=7743540191664109650
synergyhlthcr-avardis,Willowbrook Rehabilitation and Care,333 E Lee Ave,Yadkinville,NC,27055-8132,US,2564,,Carol Hayes,"My name is carol, I am the resident council president of willowbrook. The facility is always clean, the help is always good to you, and I really love living here. We love doing crafts and bingo with Lexi. All the department heads and staff are good and they listen to you.",5,9/30/2025,,,gmb,https://maps.google.com/maps?cid=13181415108160796263
synergyhlthcr-avardis,Clay County Health and Rehabilitation,86 Valley Hideaway Dr,Hayesville,NC,28904-9674,US,2555,,Karma,The staff love their residents,5,9/30/2025,,,gmb,https://maps.google.com/maps?cid=13135783167940185773
synergyhlthcr-avardis,Ocean Springs Health and Rehabilitation Center,1199 Ocean Springs Rd,Ocean Springs,MS,39564-3421,US,2019,,Sheryl Campbell,"Mom was visiting family/does not live in MS.
For the most part of mom’s stay.. in and out because of having three strokes….. the place gave me uneasy feeling. Just seemed dirty. I had to use a wipe for mom and the plastic of the wipes was filthy with brown substance. Prolly poo 💩 that was not cleaned off from the last time the nurses used them.
On the day of mom’s discharge it took for ever, once I signed the papers it was like we were invisible. Mom had to potty so she went in the diaper that she had on and was told to do while she was there. The nurses came in and were very rough with mom changing her. Didn’t put her back in bed just lifted her from the wheelchair and yanked her pants down changed out the diaper and was pulling and tugging on her as they were trying to get her pants back up. No one and I mean NO ONE informed me that once those papers are signed non of the nurses can touch her. (Moms nurses had told me that after they changed her) Guess thats why the attitude about changing her was apparent. I needed help getting her in the van but no one would help. Finally out and was probably made to help, two of mom’s nurses came out to help her in the van.  Very rough on her ….. I will never allow her to go back to this place.
There is absolutely no reason nor should it be tolerated in how the elderly is treated there.
I did witness a day where looks to be maybe the state people were observing the facility. I must say it was FACEON because the attentiveness from many staff members was above and beyond because they were there I’m sure. Asking the residents at lunch time if they want second but just a few days before I witness one telling the resident “no you can’t have seconds you’ve had enough”
So be aware and know where you are placing your loved ones.",2,9/30/2025,"We're truly sorry to hear that your experience did not reflect the standard of care we aim to deliver. We are committed to a culture of accountability, where every voice matters, especially those of the families we serve. Your feedback is invaluable and will be shared with our leadership team to help us do better. We would appreciate the opportunity to connect directly and learn more, so we can work toward a resolution together. Please email us at Social@avardishealth.com.",6/30/2025,gmb,https://maps.google.com/maps?cid=9456388844909393569
synergyhlthcr-avardis,Willowbrook Rehabilitation and Care,333 E Lee Ave,Yadkinville,NC,27055-8132,US,2564,,Barbara Stephens,"I came to Willowbrook for rehab after falling.I would recommend this Facility as their staff was polite and hard workers. The P.T. knew how to do his job great. The Social Worker, Stephanie, is  a wonderful social worker and spent time with me and answered any questions I had  upon being discharged. If you get her, you will be blessed. Thank you all!",4,9/30/2025,,,gmb,https://maps.google.com/maps?cid=13181415108160796263
synergyhlthcr-avardis,Wilora Lake Healthcare,6001 Wilora Lake Rd,Charlotte,NC,28212-2833,US,2565,,Terrance Moored,"Over the weekend I went to visit a relative the place smelled like a dump the staff was not very helpful and very unprofessional eating in the open , loudly talking music playing using profanity it was just unbelievable I was completely shocked after waiting 30 minutes for someone to finally come and assist my aunt to the toilet. It’s not a great place for anyone.",1,9/29/2025,,,gmb,https://maps.google.com/maps?cid=12883400636958841292
synergyhlthcr-avardis,Starkville Manor Health Care and Rehabilitation,1001 Hospital Rd,Starkville,MS,39759-2125,US,2503,,Alma Faust,,5,9/29/2025,,,gmb,https://maps.google.com/maps?cid=10689748702764398361
synergyhlthcr-avardis,Starkville Manor Health Care and Rehabilitation,1001 Hospital Rd,Starkville,MS,39759-2125,US,2503,,James J,,5,9/29/2025,,,gmb,https://maps.google.com/maps?cid=10689748702764398361
synergyhlthcr-avardis,Starkville Manor Health Care and Rehabilitation,1001 Hospital Rd,Starkville,MS,39759-2125,US,2503,,Patience Morrow,,5,9/29/2025,,,gmb,https://maps.google.com/maps?cid=10689748702764398361
synergyhlthcr-avardis,Starkville Manor Health Care and Rehabilitation,1001 Hospital Rd,Starkville,MS,39759-2125,US,2503,,Amy Weiskopf,,5,9/29/2025,,,gmb,https://maps.google.com/maps?cid=10689748702764398361
synergyhlthcr-avardis,Jamestown Health and Rehabilitation,1811 Jamestown Rd,Williamsburg,VA,23185-2326,US,2658,,joy tyler,Enjoyed the Fall Festival. Staff is very welcoming and hospitality is wonderful! Keep up the great work.,5,9/29/2025,,,gmb,https://maps.google.com/maps?cid=2496657677262714810
synergyhlthcr-avardis,Pennknoll Village,208 Pennknoll Road,Everett,PA,15537-6940,US,2607,,A Google User,"I am writing to express my extreme dissatisfaction with the care provided at your facility. I witnessed a CNA, identified as Bree, providing substandard and potentially harmful care to my grandmother. Bree, who lacks teeth and appears unkempt, was overheard mistreating my grandmother. Additionally, another employee mentioned Bree's frequent vaping or cannabis use, evidenced by constant coughing. This behavior is unprofessional and poses a risk to patients, especially those with respiratory issues like my grandmother. I also suspect Bree of stealing my grandmother's ring and money, which were hidden in a specific location. I demand immediate action regarding Bree's behavior and appearance, and I insist that her vaping cease immediately to protect my grandmother's health. The state will be notified of these issues.",1,9/28/2025,,,gmb,https://maps.google.com/maps?cid=8483483597421194910
synergyhlthcr-avardis,Coastal Health and Rehabilitation Center,1530 Broad Ave,Gulfport,MS,39501-3601,US,2020,,Lisa Tumlin,"This place has gone down hill, since this new company took over.  It used to be The Boyington. They are taking away things that are helpful to their care. They are nolonger",1,9/27/2025,,,gmb,https://maps.google.com/maps?cid=8273088538332587455
synergyhlthcr-avardis,Forrest Oakes Healthcare,620 Heathwood Dr,Albemarle,NC,28001-8604,US,2550,,Patrice Barringer,"I want to take this moment and send a BIG THANK YOU TO BRI on night shift, she always greet us with a small in the evening and ensure that mom is taken care of. We witness just how caring she is to our mother.",5,9/27/2025,,,gmb,https://maps.google.com/maps?cid=6137009337062248888
synergyhlthcr-avardis,Jamestown Health and Rehabilitation,1811 Jamestown Rd,Williamsburg,VA,23185-2326,US,2658,,Angela Steinbacher,"The team at Jamestown put on an excellent fall festival for the residents, their families, and the community. Kudos to you all!!!",5,9/26/2025,,,gmb,https://maps.google.com/maps?cid=2496657677262714810
synergyhlthcr-avardis,Jamestown Health and Rehabilitation,1811 Jamestown Rd,Williamsburg,VA,23185-2326,US,2658,,Sharon D. Jones,Today fall festival was amazing!! ❤️,5,9/26/2025,,,gmb,https://maps.google.com/maps?cid=2496657677262714810
synergyhlthcr-avardis,Jamestown Health and Rehabilitation,1811 Jamestown Rd,Williamsburg,VA,23185-2326,US,2658,,Anita,,5,9/26/2025,,,gmb,https://maps.google.com/maps?cid=2496657677262714810
synergyhlthcr-avardis,Jamestown Health and Rehabilitation,1811 Jamestown Rd,Williamsburg,VA,23185-2326,US,2658,,Michael Johnson,They show such love and care for their guests and patients!,5,9/26/2025,,,gmb,https://maps.google.com/maps?cid=2496657677262714810
synergyhlthcr-avardis,Jamestown Health and Rehabilitation,1811 Jamestown Rd,Williamsburg,VA,23185-2326,US,2658,,Harold Pryor,A great facility family fun day was awesome the workers were wonderful and tentative to the patients kudos to the staff.,5,9/26/2025,,,gmb,https://maps.google.com/maps?cid=2496657677262714810
synergyhlthcr-avardis,Jamestown Health and Rehabilitation,1811 Jamestown Rd,Williamsburg,VA,23185-2326,US,2658,,David Gill,Nice event and very nice administrator of this fall festival,5,9/26/2025,,,gmb,https://maps.google.com/maps?cid=2496657677262714810
synergyhlthcr-avardis,Jamestown Health and Rehabilitation,1811 Jamestown Rd,Williamsburg,VA,23185-2326,US,2658,,Tiffany Little,Jamestown Health and Rehab gave the residents a really nice Fall Festival,5,9/26/2025,,,gmb,https://maps.google.com/maps?cid=2496657677262714810
synergyhlthcr-avardis,Jamestown Health and Rehabilitation,1811 Jamestown Rd,Williamsburg,VA,23185-2326,US,2658,,Jace Little,Great place and the staff is great and kind,5,9/26/2025,,,gmb,https://maps.google.com/maps?cid=2496657677262714810
synergyhlthcr-avardis,Willowbrook Rehabilitation and Care,333 E Lee Ave,Yadkinville,NC,27055-8132,US,2564,,Chynna Martin,"Amazing facility, with loving family environment. Visitors feel welcome and apart of the family  as soon as you come through the door😊 ALL of the staff comes together for meals, cleaning and caring for loved ones.
THANK YOU TO ALL OF THE STAFF🩵",5,9/26/2025,,,gmb,https://maps.google.com/maps?cid=13181415108160796263
synergyhlthcr-avardis,Clay County Health and Rehabilitation,86 Valley Hideaway Dr,Hayesville,NC,28904-9674,US,2555,,Debbie Morrow,"The nursing home is in a beautiful mountain setting away from busy streets and traffic, residents can sit out on front porch in rocking chairs and be safe there. This is something you cant find in big cities, the building is older than some fancy new ones but you get the fresh mountain air and country setting.  No place is perfect and no matter what you do you cant please everyone but I believe they try really hard to take care of their residents. The nursing shortage is everywhere but at least here you get the peace and quiet of the small town to enjoy.",5,9/26/2025,,,gmb,https://maps.google.com/maps?cid=13135783167940185773
synergyhlthcr-avardis,Clay County Health and Rehabilitation,86 Valley Hideaway Dr,Hayesville,NC,28904-9674,US,2555,,Donny Edwards,,5,9/24/2025,,,gmb,https://maps.google.com/maps?cid=13135783167940185773
synergyhlthcr-avardis,Clay County Health and Rehabilitation,86 Valley Hideaway Dr,Hayesville,NC,28904-9674,US,2555,,Bo Phillips,,5,9/24/2025,,,gmb,https://maps.google.com/maps?cid=13135783167940185773
synergyhlthcr-avardis,Willowbrook Rehabilitation and Care,333 E Lee Ave,Yadkinville,NC,27055-8132,US,2564,,Tracy Goodson,"I had the absolute misfortune of visiting this facility and dealing with their condescending, bully of an administrator Ms. Wagner only to realize that we've worked for the same company in the past! Im sure they could train an animal to show more compassion for humans than this lady! I truly feel for their residents and staff",1,9/23/2025,,,gmb,https://maps.google.com/maps?cid=13181415108160796263
synergyhlthcr-avardis,Starkville Manor Health Care and Rehabilitation,1001 Hospital Rd,Starkville,MS,39759-2125,US,2503,,Stanley Northrip,,5,9/23/2025,,,gmb,https://maps.google.com/maps?cid=10689748702764398361
synergyhlthcr-avardis,Jamestown Health and Rehabilitation,1811 Jamestown Rd,Williamsburg,VA,23185-2326,US,2658,,Rhonda Emineth,"Everyone goes above and beyond to make my mother comfortable and she gets whatever she needs. I was so afraid that I would worry when I went home and had to leave her there, but she seems happy and well. There are lots of activities in the day room and I even stayed one day and had a blast!!!! Thanks to everyone for taking such good  care of my Mom😍",5,9/23/2025,,,gmb,https://maps.google.com/maps?cid=2496657677262714810
synergyhlthcr-avardis,Clay County Health and Rehabilitation,86 Valley Hideaway Dr,Hayesville,NC,28904-9674,US,2555,,Vey Walker,"Boooooooooooo avardis sucks
Edit: Since I last reviewed this place, they have made some efforts to make the build more marketable and aesthetically pleasing. This is completely negated by the fact that they are always short staffed (they vehemently deny this, but anyone with eyes can look at the staffing board), and they frequently run out of supplies. Sadly, the residents seem to be baring the brunt of these issues. Most of the staff love their residents and seem to truly be trying their best, but those I've spoken with say that their concerns often ignored by management (Primarily the DON and Administrator).
So, TLDR: The ship is sinking rapidly.",1,9/22/2025,"We're truly sorry to see a 1-star rating. Your experience matters to us, and take all concerns and feedback seriously. Please contact us directly so we can listen, learn, and work to make things right.",7/28/2025,gmb,https://maps.google.com/maps?cid=13135783167940185773
synergyhlthcr-avardis,Willowbrook Rehabilitation and Care,333 E Lee Ave,Yadkinville,NC,27055-8132,US,2564,,Victoria D.,My Mother’s experience was phenomenal.  Therapy was so kind and had a nice way of encouraging her.  The transport driver- John was super sweet.   I was not in fear at all as he had me secured and great driver.  Activity person is bright and bubbly and a precious smile.  The person that planned the discharge was so patient with all of us.  We have our own family dynamics and some of us over lapped.   sorry this is a late review.    Thanks for all the care and kindness.,5,9/22/2025,,,gmb,https://maps.google.com/maps?cid=13181415108160796263
synergyhlthcr-avardis,Valley View Care and Rehabilitation,551 Kent St,Andrews,NC,28901-8088,US,2551,,Clc Adisdir2,"Valley View Care and Rehab is amazing. They have provided the best care to my family but what's more than that,  is the live and care that they have shown.  Their team not only completes the job well,  but they go the extra mile to make sure each person feels the love they have for the job and people in the facility.",5,9/22/2025,,,gmb,https://maps.google.com/maps?cid=2396509878638319441
synergyhlthcr-avardis,Clay County Health and Rehabilitation,86 Valley Hideaway Dr,Hayesville,NC,28904-9674,US,2555,,Clc Adisdir2,"The nursing team at Clay County Care Center is exemplary from care to bedside manner. They truly care about each patient and strive to provide the best care for each person. Patrick in the therapy department is second to none. From his skills, to his passion for the job,  he makes a difference every day. This is the facility you want for top notch care with heart.",5,9/22/2025,,,gmb,https://maps.google.com/maps?cid=13135783167940185773
synergyhlthcr-avardis,Clay County Health and Rehabilitation,86 Valley Hideaway Dr,Hayesville,NC,28904-9674,US,2555,,Milton Armstrong,"This establishment is by far amazing, the staff the residents are wonderful. Hard working allot of team effort. The dietary has the most amazing food. You can tell that care goes in their cooking. My mother was a resident here CCHR the staff went above and beyond for my mother's care. I will always remember the care here, and the love for these residents.",5,9/22/2025,,,gmb,https://maps.google.com/maps?cid=13135783167940185773
synergyhlthcr-avardis,Clay County Health and Rehabilitation,86 Valley Hideaway Dr,Hayesville,NC,28904-9674,US,2555,,Brandi Baker,"Kind and thoughtful staff, family atmosphere.",5,9/22/2025,,,gmb,https://maps.google.com/maps?cid=13135783167940185773
synergyhlthcr-avardis,Clay County Health and Rehabilitation,86 Valley Hideaway Dr,Hayesville,NC,28904-9674,US,2555,,Becky Boone,The food is fantastic. The staff is awesome. Everyone really cares about the residents. My father in law was a resident here and he had the best care .,5,9/22/2025,,,gmb,https://maps.google.com/maps?cid=13135783167940185773
synergyhlthcr-avardis,Clay County Health and Rehabilitation,86 Valley Hideaway Dr,Hayesville,NC,28904-9674,US,2555,,Maria Paloblanco,Love the residents and staff,5,9/22/2025,,,gmb,https://maps.google.com/maps?cid=13135783167940185773
synergyhlthcr-avardis,Clay County Health and Rehabilitation,86 Valley Hideaway Dr,Hayesville,NC,28904-9674,US,2555,,Kathie Garrett,Clay County Health and Rehab is phenomenal!!! The staff is friendly and caring and quick to meet the needs of the residents.  Family environment for sure.,5,9/22/2025,,,gmb,https://maps.google.com/maps?cid=13135783167940185773
synergyhlthcr-avardis,Willowbrook Rehabilitation and Care,333 E Lee Ave,Yadkinville,NC,27055-8132,US,2564,,Ken Wagner,Small town facility that shares small town family like environment.   Staff is like a family to each other.   No Agency.  Years of seniority.   Recent annual survey with great results. Responsive leadership.,5,9/21/2025,,,gmb,https://maps.google.com/maps?cid=13181415108160796263
synergyhlthcr-avardis,Skyline Nursing and Rehabilitation,237 Franklin Pike SE,Floyd,VA,24091-2893,US,2657,,Paul,"This place is horrible. Wouldn't want my dog there. The only department that was good PT. Nurses and cna,s stay planted in a seat over 90% of the time.",1,9/20/2025,,,gmb,https://maps.google.com/maps?cid=6952069171432930945
synergyhlthcr-avardis,Pheasant Ridge Nursing and Rehabilitation,4355 Pheasant Ridge Rd,Roanoke,VA,24014-5272,US,2656,,Paul,This is one of the most terrible places. My mom was sent there for rehab. Physical therapy was the pits and staff was as well.,1,9/20/2025,,,gmb,https://maps.google.com/maps?cid=1982640372297032831
synergyhlthcr-avardis,Willowbrook Rehabilitation and Care,333 E Lee Ave,Yadkinville,NC,27055-8132,US,2564,,Lisa Roscoe,Very caring staff and always fully staffed.  Residents are treated with respect and dignity . The staff listen and care. The team of medical providers are some of the very best I have ever seen.,5,9/20/2025,,,gmb,https://maps.google.com/maps?cid=13181415108160796263
synergyhlthcr-avardis,Willowbrook Rehabilitation and Care,333 E Lee Ave,Yadkinville,NC,27055-8132,US,2564,,Riley roscoe,"great staff and facility, lots of caring staff. Lots of fun and exciting activities for the residents, lots of parties and fun things!",5,9/19/2025,,,gmb,https://maps.google.com/maps?cid=13181415108160796263
synergyhlthcr-avardis,Windsor Grove Health and Rehabilitation,23352 Courthouse Hwy,Windsor,VA,23487-5333,US,2659,,Carla Duck,,5,9/18/2025,,,gmb,https://maps.google.com/maps?cid=2890239000189666972
synergyhlthcr-avardis,King's Daughters Community Health and Rehabilitation,1410 N Augusta St,Staunton,VA,24401-2401,US,2653,,Danielle S,neglectful staff. my mother passed away here in her sleep due to staff not making sure she was keeping her breathing machine on her face while sleeping. they need to hire more competent help to ensure they have enough staff to patient ratio. don't send your loved on here it's a death sentence.,1,9/18/2025,,,gmb,https://maps.google.com/maps?cid=11489819334989089200
synergyhlthcr-avardis,The Manor at St. Luke Village,1711 East Broad Street,Hazelton,PA,18201-5697,US,2604,,R M,"The whole hallway smells like urine from cna’s not washing them, one cna actually assaulted a resident and threatened another employee of getting fired for speaking up, management is fully aware of this, this is a filthy place and residents are treated  poorly.",1,9/15/2025,,,gmb,https://maps.google.com/maps?cid=15792902854454127792
synergyhlthcr-avardis,Willowbrook Rehabilitation and Care,333 E Lee Ave,Yadkinville,NC,27055-8132,US,2564,,shelia haigler,Horrible management,1,9/14/2025,,,gmb,https://maps.google.com/maps?cid=13181415108160796263
synergyhlthcr-avardis,Jamestown Health and Rehabilitation,1811 Jamestown Rd,Williamsburg,VA,23185-2326,US,2658,,Linda M,When I first arrived to see a very sick friend the facility was not clean and smelled horrible. Two days later when I returned it was spotless clean.  My husband and I went to see our friend Susan today and she was totally unresponsive. As I was leaving the facility I ran into registered nurse Kelli Hinman. She asked if everything was okay and I told her how unresponsive Susan was. She volunteered to walk back to the room with me to try to see if Susan would respond to her. I was amazed at her compassionate attitude. She got Susan to wake up and be alert and she got her to drink a little bit of tea and three quarters of a bottle of boost. Then she cleansed her gums with a special sterile brush and Susan became very responsive. She even started saying a few words. This nurse has a god-given talent and I would like to request that she be the person in charge to take care of Susan. All my years of dealing with nurses I have never seen anyone like nurse Kelli. She is a very special person and went above and beyond her call of duty to make my friend comfortable. I also commend Sebastian Adams who is in the administration field and has also been kind and compassionate and has also gone above and beyond his call of duty to ensure that the patients are comfortable. Also most of the staff is terrific. I gave it only four stars because I didn't like the way the hallways look the first day I got there and also I found the facility a bit overcrowded and the walls are very tight and not very spacious corridors. They have a lot of ground and land outside and hopefully one day they will be able to expand and make this a little more comfortable inside.,4,9/13/2025,,,gmb,https://maps.google.com/maps?cid=2496657677262714810
synergyhlthcr-avardis,Wellington Rehabilitation and Healthcare,1000 Tandal Pl,Knightdale,NC,27545-8842,US,2563,,Robert Buchholz,,1,9/12/2025,,,gmb,https://maps.google.com/maps?cid=3886324912718004434
synergyhlthcr-avardis,Westwood Health and Rehabilitation,625 Ashland St,Archdale,NC,27263-2943,US,2552,,Lisa Koester,"My father came to Westwood after a major surgery. When he first arrived, my rating would have been a zero if that were possible.

When this facility was purchased by another company, positive changes began almost immediately.

The facility was properly cleaned, a receptionist was at the front all day, and the nurses and other staff seemed much happier.  The other great change was that they actually started doing activities - Bingo, Painting, Ice Cream on the porch and nails to name a few.  These activities were printed on a calendar each month and posted in each resident's room.

My father also enjoyed the physical therapy and by the time he left last month he was walking well.",4,9/12/2025,,,gmb,https://maps.google.com/maps?cid=8729691537125028428
synergyhlthcr-avardis,Newport News Nursing and Rehabilitation,12997 Nettles Dr,Newport News,VA,23602-6913,US,2654,,H M,"Once a Consulate building, always a Consulate building, before and after bankruptcy.  A toxic culture, with retaliatory practices in place for anyone who expresses concern and tries to make improvements. Bullying tactics resulting in a high turnover rate, staffing issues, and countless complaints. 6+ Administrators in the past two years. A disappointment, from start to finish.",1,9/12/2025,,,gmb,https://maps.google.com/maps?cid=2324153722059615782
synergyhlthcr-avardis,Cardinal Healthcare and Rehabilitation,931 N Aspen St,Lincolnton,NC,28092-2113,US,2553,,Tammy Smith,They really took care of my mom. Made good friends.  The staff is so friendly and caring. Wonderful place.,5,9/11/2025,Thank you so much for your kind words. It's our goal to ensure every individual and family feels valued and supported. Your feedback is greatly appreciated.,9/12/2025,gmb,https://maps.google.com/maps?cid=5235987348951661631
synergyhlthcr-avardis,Wilora Lake Healthcare,6001 Wilora Lake Rd,Charlotte,NC,28212-2833,US,2565,,Shalimar Duplantis,,5,9/11/2025,,,gmb,https://maps.google.com/maps?cid=12883400636958841292
synergyhlthcr-avardis,Forrest Oakes Healthcare,620 Heathwood Dr,Albemarle,NC,28001-8604,US,2550,,Lady Barringer,"I was deeply inspired witnessing Patrick spearhead this remarkable rehabilitation transformation! He embodies warmth and compassion, exemplifying exceptional administrative prowess, warmly greeting everyone with a heart overflowing with empathy for the sick and shut-in. Thank you for being a beacon of hope! This place has undergone a profound metamorphosis.",5,9/7/2025,Thank you for the 5-star rating! We are committed to helping every person in our care reach new heights. Your support means the world to our team!,9/8/2025,gmb,https://maps.google.com/maps?cid=6137009337062248888
synergyhlthcr-avardis,Highfield Nursing and Rehabilitation,6590 Tryon Rd,Cary,NC,27518-7052,US,2554,,Martin Rodriguez,Staff is nice and does the best they can. Infrastructure needs some work but that's the business side of things. Food is atrocious; seen better food in county jails. The score represents the overall experience. Minus two stars due to the food and the fact I can't directly contact upper management via the website.,3,9/7/2025,Thank you for your rating.  We believe feedback helps us grow. We've noted your concern about food and will address it immediately. Please feel free to call the center directly to reach a member of our team. ,9/8/2025,gmb,https://maps.google.com/maps?cid=8193990697302986110
synergyhlthcr-avardis,Jamestown Health and Rehabilitation,1811 Jamestown Rd,Williamsburg,VA,23185-2326,US,2658,,Renee Gottsch,"I would like to express my sincere appreciation for the wonderful care provided to my mother at Jamestown Health and Rehabilitation. The staff has been exceptional in ensuring her safety, cleanliness, and comfort, treating her with the upmost dignity. I am deeply impressed by the genuine care and dedication shown by everyone, including the CNAs, nurses, and therapy staff, who are truly top-notch.

The quality of the food is delightful, and the housekeeping staff, Walt and Shannon, have done an excellent job maintaining the laundry service. It brings us great peace of mind to know that my mother is in such capable and caring hands. Every staff member we have encountered has been kind, helpful, and respectful, and the entire facility is always clean and well-maintained.

In particular, I would like to commend the Activities Director, Angie Broom, for her outstanding work. She creates a fun loving, caring, and enjoyable environment for the residents, and her enthusiasm is truly infectious. Angie consistently goes above and beyond to support and show compassion to each resident and their families.  I am incredibly grateful for her efforts. She is nothing short of amazing!

I wholeheartedly recommend Jamestown Health and Rehabilitation to others.",5,9/6/2025,"Thank you for the 5-star rating! We are committed to helping every person in our care reach new heights. We appreciate you taking the time to write this kind review and recognize our hard working, caring team members as well! Your support means the world to our team!",9/2/2025,gmb,https://maps.google.com/maps?cid=2496657677262714810
synergyhlthcr-avardis,Starkville Manor Health Care and Rehabilitation,1001 Hospital Rd,Starkville,MS,39759-2125,US,2503,,Alex Hagan,,5,9/4/2025,Thank you for the 5-star rating! Your support means the world to our team!,9/8/2025,gmb,https://maps.google.com/maps?cid=10689748702764398361
synergyhlthcr-avardis,Starkville Manor Health Care and Rehabilitation,1001 Hospital Rd,Starkville,MS,39759-2125,US,2503,,Mike Brasher,,5,9/4/2025,Thank you for the 5-star rating! We are committed to helping every person in our care reach new heights. Your support means the world to our team!,9/8/2025,gmb,https://maps.google.com/maps?cid=10689748702764398361
synergyhlthcr-avardis,Starkville Manor Health Care and Rehabilitation,1001 Hospital Rd,Starkville,MS,39759-2125,US,2503,,Nikki Hood,The staff is Amazing!!,5,9/4/2025,"Thank you for the 5-star rating! We agree, our staff are amazing! Your support means the world to our team!",9/8/2025,gmb,https://maps.google.com/maps?cid=10689748702764398361
synergyhlthcr-avardis,Starkville Manor Health Care and Rehabilitation,1001 Hospital Rd,Starkville,MS,39759-2125,US,2503,,Casey Brasher,Wonderful place!,5,9/4/2025,Thank you so much for your kind words. We are committed to person-centered care and compassionate service. It's our goal to ensure every individual and family feels valued and supported. Your feedback inspires us to continue reaching new heights in care excellence.,9/8/2025,gmb,https://maps.google.com/maps?cid=10689748702764398361
synergyhlthcr-avardis,Highfield Nursing and Rehabilitation,6590 Tryon Rd,Cary,NC,27518-7052,US,2554,,Joann Bradley,"I want to extend my heartfelt thanks to the entire team at Highfield Nursing and Rehabilitation, both the nursing staff and administration, for the incredible care and support they’ve provided for my senior father. Coordinating his stay, especially with the transitions back and forth from the hospital, could have been overwhelming, but the team at Highfield handled everything with such professionalism, compassion, and efficiency.

Living several states away, I’ve relied heavily on their communication, and they’ve been consistently prompt, clear, and kind in keeping me updated on his status. They've also gone above and beyond in assisting with insurance matters, showing incredible patience and dedication throughout the process.

Everyone I’ve interacted with has shown not only professionalism but also genuine kindness and care. It's clear they treat their residents like family. Knowing my dad is in such loving and capable hands brings me a great deal of comfort and peace. I’m truly grateful for all they’ve done and continue to do. Thank you!!!",5,9/3/2025,Thank you so much for your kind words. We are committed to person-centered care and compassionate service. It's our goal to ensure every individual and family feels valued and supported. Your feedback inspires us to continue reaching new heights in care excellence.,9/8/2025,gmb,https://maps.google.com/maps?cid=8193990697302986110
synergyhlthcr-avardis,Wilora Lake Healthcare,6001 Wilora Lake Rd,Charlotte,NC,28212-2833,US,2565,,Devin Gillenwater,"Cierra Harris , Business Office Manager was very helpful and assisted with explaining insurance coverage, co insurance days and assisted with Medicaid process for my Dad while he is currently in the facility!!",5,9/3/2025,We're so glad to hear that our team made a positive impact on your experience. Our people are the heart of our mission. We'll be sure to share your appreciation with the team. Thank you for recognizing their dedication!,9/8/2025,gmb,https://maps.google.com/maps?cid=12883400636958841292
synergyhlthcr-avardis,Grayson Health and Rehabilitation,400 S Independence Ave,Independence,VA,24348-3972,US,2652,,Shawn Bryant,I absolutely cannot say enough great things about this facility.  Every single employee here is here for the right reason. The CEO knows the names of the patients and is involved with them too. The rehab has helped my FIL tremendously!,5,9/1/2025,Thank you for the 5-star rating! Your review is very kind and we appreciate you taking the time to write it!,9/2/2025,gmb,https://maps.google.com/maps?cid=9789831590765290544
synergyhlthcr-avardis,Willowbrook Rehabilitation and Care,333 E Lee Ave,Yadkinville,NC,27055-8132,US,2564,,Melanie Sizemore,Social worker and RN supervisor are very unprofessional,1,8/29/2025,"We're truly sorry to see a 1-star rating. Your experience matters to us, and take all concerns and feedback seriously. Please contact us directly so we can listen, learn, and work to make things right.",9/2/2025,gmb,https://maps.google.com/maps?cid=13181415108160796263
synergyhlthcr-avardis,Cardinal Healthcare and Rehabilitation,931 N Aspen St,Lincolnton,NC,28092-2113,US,2553,,Carrie Alexander,"This place is incredible! The friendly staff and beautiful garden create a serene atmosphere with rocking chairs, a patio umbrella, and a picnic table. It’s like a little slice of heaven!",5,8/27/2025,Thank you for the 5-star rating! We are committed to helping every person in our care reach new heights. Your support means the world to our team!,8/28/2025,gmb,https://maps.google.com/maps?cid=5235987348951661631
synergyhlthcr-avardis,Newport News Nursing and Rehabilitation,12997 Nettles Dr,Newport News,VA,23602-6913,US,2654,,Katie Hopkins,"If you have seizures, they say you don’t have that fake it",1,8/24/2025,"We're truly sorry to see a 1-star rating. Your experience matters to us, and take all concerns and feedback seriously. Please contact us directly so we can listen, learn, and work to make things right.",8/25/2025,gmb,https://maps.google.com/maps?cid=2324153722059615782
synergyhlthcr-avardis,Cardinal Healthcare and Rehabilitation,931 N Aspen St,Lincolnton,NC,28092-2113,US,2553,,Rhonda Norwood,Across the board best rehab facility in the county. They took such good care of my mother. I'm so grateful and appreciate all you do.,5,8/23/2025,Thank you for the 5-star rating! We are committed to helping every person in our care reach new heights. Your support means the world to our team!,8/25/2025,gmb,https://maps.google.com/maps?cid=5235987348951661631
synergyhlthcr-avardis,Ghent Health and Rehabilitation,3900 Llewellyn Ave,Norfolk,VA,23504-1203,US,2655,,Susanne,"Really a 4.2☆?
I am a Resident here at Ghent Health and Rehab in Norfolk Va. At one time it was called Consulate Healthcare of Norfolk. I have been here for over four years. I have seen a lot and heard even more at this facility which is my now home. At one time for a long time there was a large staff of Nurses and CNA's that I made  relationships with, that now have left to future their endeavors. This last year and a half I had to know new names and faces, as well as they’re position. Unfortunately I am  bed-bound due to my condition with primary progressive multiple sclerosis also known as MS. I am thankful and very grateful that I have my own MS doctors and Specialists. I was placed in this nursing home not by choice. I now have to rely on CNA's and Nurse's to provide me 24/7 care. I do have a chair which allows me some of my independence back. This facility is a 222 bed facility, and there's over 230 adults living here. I have heard that homeless people are  living here as well. Should that be true, this is a nursing home, not a homeless shelter. In closing I do bring my issues/concerns to the attention of the Director of Nursing as well as the Administrator of the  building. Thank you to all staff and departments here at Ghent Health and Rehab.",2,8/23/2025,We appreciate your feedback and are sorry to see a 2-star rating. We hold ourselves accountable to high standards of person-centered care. Please consider reaching out so we can better understand your experience and make improvements.,8/25/2025,gmb,https://maps.google.com/maps?cid=10233776105323789694
synergyhlthcr-avardis,Highfield Nursing and Rehabilitation,6590 Tryon Rd,Cary,NC,27518-7052,US,2554,,Kendrick Turner,"I am reading the reviews. I hope this don't happen to me. I'm only here for rehab. And I don't like what I say, but I hope and pray. That I get the treatment that I need. When I go into a place how to look at the reviews. And hope and pray that I won't get whatever that is saying on this. I'm gonna give it the benefit of the doubt. I'm only here temporarily just for treatment. And I'm so sorry for the high. Oh yeah, I didn't get the right treatment. But I will give you updates how I'm treated. God bless pastor Kendrick Turner.",5,8/21/2025,Thank you for the 5-star rating! We are committed to helping every person in our care reach new heights. Your support means the world to our team!,8/25/2025,gmb,https://maps.google.com/maps?cid=8193990697302986110
synergyhlthcr-avardis,Westwood Health and Rehabilitation,625 Ashland St,Archdale,NC,27263-2943,US,2552,,A Google User,"Unbelievable how much this facility has went down and the lack of compassion in the building by employees , you can change owners, change administrators but still allow people with NO heart to work there , The new administrator is fake , you can tell he gets really annoyed whenever someone questions him but he has no problem questioning others . He saids some very unprofessional stuff to be representing a long term care facility . It’s not okay to get in trouble for calling out or being late to the point of getting fired when it’s personal reasons for it happening but when it’s okay for employee to bully and harass another employee and residents, when administrator knows and does nothing about cause RN means more than other staff or residents, nothing gets investigated here , someone gets accused of bully others they should be suspended until investigation but when an employee reports physical harassment they don’t get suspended just because they are RN . Staff come in drunk on nights , can’t be seen but all the calllights just ring and go ignored, one waited over 2 hours to be changed , no dress code for staff . Don’t go here stay away ! Far Far away!! This place needs new management that actually cares and not just a front when big wheels come in.",1,8/20/2025,"We're truly sorry to see a 1-star rating. Your experience matters to us, and take all concerns and feedback seriously. Please contact us directly so we can listen, learn, and work to make things right.",8/25/2025,gmb,https://maps.google.com/maps?cid=8729691537125028428
synergyhlthcr-avardis,Jamestown Health and Rehabilitation,1811 Jamestown Rd,Williamsburg,VA,23185-2326,US,2658,,Russel Jones,"Staff here are great. My father was recently there for physical therapy and a few other things he was needing help with. We as a family are very pleased with the care and support he received. The facility is a little dated and needs some upgrades. The room didn’t have a phone but he was able to use his cellphone. They have free WiFi. The meals looked ok he wasn’t a huge fan but he did enjoy a few of the meals. All the staff are friendly. Nurse Donna is wonderful, the CNA Blair was great also. The administrator was attentive to our needs. Over all it was a good experience. If we find ourselves needing services in the future again we will
Surly pick this place again.",5,8/20/2025,Thank you for the 5-star rating! We are committed to helping every person in our care reach new heights. Your support means the world to our team!,8/25/2025,gmb,https://maps.google.com/maps?cid=2496657677262714810
synergyhlthcr-avardis,Middleton Oaks Health and Rehabilitation,627 Middleton Rd,Winona,MS,38967-2021,US,2504,,Scott Matthews,,5,8/20/2025,Thank you for the 5-star rating! We are committed to helping every person in our care reach new heights. Your support means the world to our team!,8/25/2025,gmb,https://maps.google.com/maps?cid=18249732291281051392
synergyhlthcr-avardis,Jamestown Health and Rehabilitation,1811 Jamestown Rd,Williamsburg,VA,23185-2326,US,2658,,M Leroy,Thank you for taking care of my grandmother so she could return home to us. We appreciate the therapy team for working with her and making her get better quickly. A very nice facility with friendly staff. Thank you so much.,5,8/19/2025,Thank you for the 5-star rating! We are committed to helping every person in our care reach new heights. Your support means the world to our team!,8/20/2025,gmb,https://maps.google.com/maps?cid=2496657677262714810
synergyhlthcr-avardis,Jamestown Health and Rehabilitation,1811 Jamestown Rd,Williamsburg,VA,23185-2326,US,2658,,Esther Stevenson,"My first impression visiting my family member at this facility was walking in and hearing spa like music but also smelling fresh popcorn and it being served to the patients. Most nursing homes don’t have the most pleasant smell but this once smells like a real home. I had a friend staying here for therapy & I visited frequently and every time I came to see her, the grass always cut, beautiful flowers outside, residents in the dining room looked very happy and well taken care of during lunch time. I was always greeted with a smile as well. My loved one had no complaints during their stay and actually said they would come back again if they had to have another surgery. The admissions process was very smooth, I was at the hospital visiting my loved one when Heather the liaison came in and told him what to expect during his stay at Jamestown. She was very bubbly and bright and gave us comfort before entering the facility. The nursing team was very helpful in making sure he was always taken care of. The therapy team was very nice as well. Food is good at a nursing home however there was alternates if he didn’t want what they had which is great.., I think the nursing director was Lori, she was fantastic and always nice to him. Donna was his nurse most days, talk about amazing. I recommend this place to anyone that needs to have their loved one receive therapy. Thank you to the hard working staff",5,8/19/2025,We're so glad to hear that our team made a positive impact on your experience. Our people are the heart of our mission. We'll be sure to share your appreciation with the team. Thank you for recognizing their dedication and care!,8/20/2025,gmb,https://maps.google.com/maps?cid=2496657677262714810
synergyhlthcr-avardis,Jamestown Health and Rehabilitation,1811 Jamestown Rd,Williamsburg,VA,23185-2326,US,2658,,Samantha Banks,"Jamestown Health & Rehab is a very warming atmosphere. All of the staff are so friendly here & welcoming as soon as you walk in the door. The nurses are very attentive to their residents & treat them with the most utmost respect. If i needed to have my loved one come somewhere for therapy or to live, I would definitely choose Jamestown. I work with the admissions team here often - Heather & Shelby & they are the kindest ladies to welcome you in. The therapy team is outstanding & puts their full effort!! Thank you all for being so friendly and kind!",5,8/18/2025,We're so glad to hear that our team made a positive impact on your experience. Our people are the heart of our mission. We'll be sure to share your appreciation with the team. Thank you for recognizing their dedication and care!,8/20/2025,gmb,https://maps.google.com/maps?cid=2496657677262714810
synergyhlthcr-avardis,Middleton Oaks Health and Rehabilitation,627 Middleton Rd,Winona,MS,38967-2021,US,2504,,Rachel Latham,,5,8/18/2025,Thank you for the 5-star rating! We are committed to helping every person in our care reach new heights. Your support means the world to our team!,8/20/2025,gmb,https://maps.google.com/maps?cid=18249732291281051392
synergyhlthcr-avardis,Pheasant Ridge Nursing and Rehabilitation,4355 Pheasant Ridge Rd,Roanoke,VA,24014-5272,US,2656,,Joey Blankenship,I have worked at many rehab and ltc in my career. I have worked at Pheasant Ridge nursing and Rehab for 2 yrs and love it. The staff is awesome.,5,8/16/2025,Thank you for the 5-star rating! We are committed to helping every person in our care reach new heights. Your support means the world to our team!,8/18/2025,gmb,https://maps.google.com/maps?cid=1982640372297032831
synergyhlthcr-avardis,Clay County Health and Rehabilitation,86 Valley Hideaway Dr,Hayesville,NC,28904-9674,US,2555,,mark chandross,"Clay County Health & Rehab is the best skilled nursing center in NC!  If you are in need of short term rehab, or even long term care, the homelike environment and loving staff make life great.  A truly special place!!",5,8/14/2025,Thank you for the 5-star rating! We are committed to helping every person in our care reach new heights. Your support means the world to our team!,8/15/2025,gmb,https://maps.google.com/maps?cid=13135783167940185773
synergyhlthcr-avardis,Jamestown Health and Rehabilitation,1811 Jamestown Rd,Williamsburg,VA,23185-2326,US,2658,,Alicia Johns,"DO NOT SEND YOUR LOVED ones here if you Love them. If you hate them best place to send them, they will be in hell!! This staff, well most not all are  horrible. They have left my Aunt without her call button on a regular, ignore the call button, cold uneatable food, very few showers, shall I go on… this place just got bought they need to step it up quick to save themselves let’s not start on the falling down facility!!!",1,8/13/2025,"We're truly sorry to see a 1-star rating. Your experience matters to us, and take all concerns and feedback seriously. Please contact us directly so we can listen, learn, and work to make things right.",8/15/2025,gmb,https://maps.google.com/maps?cid=2496657677262714810
synergyhlthcr-avardis,Pheasant Ridge Nursing and Rehabilitation,4355 Pheasant Ridge Rd,Roanoke,VA,24014-5272,US,2656,,Joyce Porter,"This is a very nice facility, very clean with no smells or odors. The rooms are kept clean and are rather large. The therapy departments are great and everyone including office staff has been excellent. It's been just over a month now and it will be very difficult to leave because of the loving care i've received from all. I'm not gonna lie. I had a hard first two days, but my problems were handled quickly and efficiently. Don't get discouraged by the insurances, because they run everything and you have to work with them too. If your not happy, ask for Ryan! He is excellent and handled my issues as if I was his own family. The discharge process is awesome as well. in my experience I've been left out to dry and pheasant ridge staff not only communicates well but ensures everything is a smooth transition. Someone is always there to help.",5,8/12/2025,Thank you for the 5-star rating! We are committed to helping every person in our care reach new heights. Your support means the world to our team!,8/15/2025,gmb,https://maps.google.com/maps?cid=1982640372297032831
synergyhlthcr-avardis,King's Daughters Community Health and Rehabilitation,1410 N Augusta St,Staunton,VA,24401-2401,US,2653,,Jake Cook,"Boy, am I glad I read these reviews before starting a position with this company.",1,8/11/2025,"We're truly sorry to see a 1-star rating. Your experience matters to us, and take all concerns and feedback seriously. Please contact us directly so we can listen, learn, and work to make things right.",8/15/2025,gmb,https://maps.google.com/maps?cid=11489819334989089200
synergyhlthcr-avardis,Oak Grove Healthcare,518 Old US 221 N Hwy,Rutherfordton,NC,28139,US,2560,,Emma Christopher,"Friendly and knowable staff, clean, enjoyed my stay there. Food is not Mama's cooking, sorta bland cafeteria food... overall very nice place. I highly recommend Oak Grove Healthcare for Long or short term stays. 5 plus stars.",5,8/11/2025,Thank you for the 5-star rating! We are committed to helping every person in our care reach new heights. Your support means the world to our team!,8/15/2025,gmb,https://maps.google.com/maps?cid=4663812526415986294
synergyhlthcr-avardis,Highfield Nursing and Rehabilitation,6590 Tryon Rd,Cary,NC,27518-7052,US,2554,,Katina,I wish that I could give a zero this is the most disgusting nasty place I ever seen in my life they're infested with bugs I only spent a few hours there when I was admitted there and I caught a Uber home in the middle of the night bugs was in the bed with me SMH,1,8/8/2025,"Your concerns are valid, and we're sorry to hear that your visit did not reflect the safe, welcoming environment we are committed to providing. We believe that dignity in care includes attention to every detail, from cleanliness to comfort. We've shared your feedback with our environmental services and operations teams, and we'd welcome the chance to learn more about your experience and make necessary improvements. Please email us at Social@avardishealth.com.",8/11/2025,gmb,https://maps.google.com/maps?cid=8193990697302986110
synergyhlthcr-avardis,Biltmore Haven Nursing and Rehabilitation,3864 Sweeten Creek Rd,Arden,NC,28704-3136,US,2561,,Rozland Edgeron,They do have new faces and look like they’re trying to get things in order. I sure hope so. I wish that there was someway that they could tell people that are not handicap not to park in the handicap spots. You have visitors that are coming to see family members that are handicap and can’t even park in the correct location.,3,8/7/2025,"Thank you for your rating.  We believe feedback helps us grow. If there's anything we can do to better support you or your loved one, we're here to listen.  Please contact a member of care center team to share your feedback!",8/11/2025,gmb,https://maps.google.com/maps?cid=16957879690051259397
synergyhlthcr-avardis,Newport News Nursing and Rehabilitation,12997 Nettles Dr,Newport News,VA,23602-6913,US,2654,,Victoria,,1,8/6/2025,"We're truly sorry to see a 1-star rating. Your experience matters to us, and take all concerns and feedback seriously. Please contact us directly so we can listen, learn, and work to make things right.",8/11/2025,gmb,https://maps.google.com/maps?cid=2324153722059615782
synergyhlthcr-avardis,Ocean Springs Health and Rehabilitation Center,1199 Ocean Springs Rd,Ocean Springs,MS,39564-3421,US,2019,,Sam Martin,"Excellent!! Great team of workers and they KNOW what they're doing. I was very pleased. If I have another medical reason, I'll absolutely come here. And I can't wait to visit my therapists.",5,8/6/2025,Thank you for the 5-star rating! We are committed to helping every person in our care reach new heights. Your support means the world to our team!,8/11/2025,gmb,https://maps.google.com/maps?cid=9456388844909393569
synergyhlthcr-avardis,Cardinal Healthcare and Rehabilitation,931 N Aspen St,Lincolnton,NC,28092-2113,US,2553,,Toshia H,,5,8/5/2025,Thank you for the 5-star rating! We are committed to helping every person in our care reach new heights. Your support means the world to our team!,8/11/2025,gmb,https://maps.google.com/maps?cid=5235987348951661631
synergyhlthcr-avardis,Emerald Ridge Health and Rehabilitation,25 Reynolds Mountain Blvd,Asheville,NC,28804-1270,US,2556,,polysitic kidney disease warrior Edwards,Place needs to be shut down ASAP,1,8/5/2025,"We're truly sorry to see a 1-star rating. Your experience matters to us, and take all concerns and feedback seriously. Please contact us directly so we can listen, learn, and work to make things right.",8/11/2025,gmb,https://maps.google.com/maps?cid=4215589149897886275
synergyhlthcr-avardis,Wilora Lake Healthcare,6001 Wilora Lake Rd,Charlotte,NC,28212-2833,US,2565,,Elizabeth May,"Excellent staff, everyone is very friendly",5,8/5/2025,"Thank you for your rating.  We believe feedback helps us grow. If there's anything we can do to better support you or your loved one, we're here to listen.  Please contact a member of care center team to share your feedback!",8/11/2025,gmb,https://maps.google.com/maps?cid=12883400636958841292
synergyhlthcr-avardis,Oak Grove Healthcare,518 Old US 221 N Hwy,Rutherfordton,NC,28139,US,2560,,Kenzie Phillips,,5,8/4/2025,Thank you for the 5-star rating! We are committed to helping every person in our care reach new heights. Your support means the world to our team!,8/4/2025,gmb,https://maps.google.com/maps?cid=4663812526415986294
synergyhlthcr-avardis,Oak Grove Healthcare,518 Old US 221 N Hwy,Rutherfordton,NC,28139,US,2560,,Anon Persom,Very unprofessional! Upper management is very rude.,1,8/3/2025,"We're truly sorry to see a 1-star rating. Your experience matters to us, and take all concerns and feedback seriously. Please contact us directly so we can listen, learn, and work to make things right.",8/4/2025,gmb,https://maps.google.com/maps?cid=4663812526415986294
synergyhlthcr-avardis,Wellington Rehabilitation and Healthcare,1000 Tandal Pl,Knightdale,NC,27545-8842,US,2563,,J M,"If I could give ZERO stars I would. Please do not let any family member or friend go to this facility. Getting someone on the phone, forget it. I would not drop off a stray cat at this place.",1,8/2/2025,"We're truly sorry to hear that your experience did not reflect the standard of care we aim to deliver. We are committed to a culture of accountability, where every voice matters, especially those of the families we serve. Your feedback is invaluable and will be shared with our leadership team to help us do better. We would appreciate the opportunity to connect directly and learn more, so we can work toward a resolution together. Please email us at Social@avardishealth.com.",8/4/2025,gmb,https://maps.google.com/maps?cid=3886324912718004434
synergyhlthcr-avardis,Starkville Manor Health Care and Rehabilitation,1001 Hospital Rd,Starkville,MS,39759-2125,US,2503,,Savannah Richardson,"As a vendor working closely within long term care facilities, I can confidently say that the Starkville Manor administrative team is organized, responsive, and truly committed to maintaining high standards—not only for their residents but also in how they collaborate with outside partners. Communication is always clear and timely, making our job easier and more efficient.

What’s most impressive is the genuine dedication of the staff. Every time we’re onsite, we witness firsthand the kindness and compassion they show to residents. It’s clear that quality care is at the heart of everything they do.",5,8/1/2025,Thank you so much for your kind words. We are committed to person-centered care and compassionate service. It's our goal to ensure every individual and family feels valued and supported. Your feedback inspires us to continue reaching new heights in care excellence.,8/4/2025,gmb,https://maps.google.com/maps?cid=10689748702764398361
synergyhlthcr-avardis,Middleton Oaks Health and Rehabilitation,627 Middleton Rd,Winona,MS,38967-2021,US,2504,,Raven Harmon,No complaints yet please let’s keep it that way my grandma is there currently and she said they are treating her good and she’s doing good let’s keep it that way please,5,8/1/2025,Thank you for the 5-star rating! We are committed to helping every person in our care reach new heights. Your support means the world to our team!,8/4/2025,gmb,https://maps.google.com/maps?cid=18249732291281051392
synergyhlthcr-avardis,Pine View Health and Rehabilitation Center,1304 Walnut St,Waynesboro,MS,39367-2232,US,2018,,Charlotte Dunn,Great nurses friendly and treats my mom like family,5,8/1/2025,Thank you for the 5-star rating! We are committed to helping every person in our care reach new heights. Your support means the world to our team!,8/4/2025,gmb,https://maps.google.com/maps?cid=8633103632613825898
synergyhlthcr-avardis,Westwood Health and Rehabilitation,625 Ashland St,Archdale,NC,27263-2943,US,2552,,Salty Douche,This place is absolutely horrible. The new administrator doesn't care about the residents. I have asked to speak to the new administrator on numerous occasions about things that I didnt like that were going on. He continues to blow me off.. the place is ran down and understaffed. The other day when I was visiting my family member I saw the new administrator cut off a lockout tagout lock thats a safety issue.,2,8/1/2025,"We're truly sorry to hear that your experience did not reflect the standard of care we aim to deliver. We are committed to a culture of accountability, where every voice matters, especially those of the families we serve. Your feedback is invaluable and will be shared with our leadership team to help us do better. We would appreciate the opportunity to connect directly and learn more, so we can work toward a resolution together. Please email us at Social@avardishealth.com.",8/4/2025,gmb,https://maps.google.com/maps?cid=8729691537125028428
synergyhlthcr-avardis,Starkville Manor Health Care and Rehabilitation,1001 Hospital Rd,Starkville,MS,39759-2125,US,2503,,Nicole Spearman,Social worker has been very kind to us and helping to transition home.,5,7/29/2025,Thank you for the 5-star rating! We are committed to helping every person in our care reach new heights. Your support means the world to our team!,8/4/2025,gmb,https://maps.google.com/maps?cid=10689748702764398361
synergyhlthcr-avardis,Starkville Manor Health Care and Rehabilitation,1001 Hospital Rd,Starkville,MS,39759-2125,US,2503,,Kelli-ann Cummins,Exceptional therapy & wound care.  The activity department have sweet creative ladies. Short-term rehab here was a blessing to our family.,5,7/29/2025,We're so glad to hear that our team made a positive impact on your experience. Our people are the heart of our mission. We'll be sure to share your appreciation with the team. Thank you for recognizing their dedication and care!,8/4/2025,gmb,https://maps.google.com/maps?cid=10689748702764398361
synergyhlthcr-avardis,Westwood Health and Rehabilitation,625 Ashland St,Archdale,NC,27263-2943,US,2552,,Selina Dunham,,3,7/25/2025,"Thank you for your rating.  We believe feedback helps us grow. If there's anything we can do to better support you or your loved one, we're here to listen.  Please contact a member of care center team to share your feedback!",7/26/2025,gmb,https://maps.google.com/maps?cid=8729691537125028428
synergyhlthcr-avardis,Newport News Nursing and Rehabilitation,12997 Nettles Dr,Newport News,VA,23602-6913,US,2654,,Marvin Chadwick,"They are considerate, 2nd and 3rd shift cnas very attentive, activities was excellent and always spoke to me.",5,7/25/2025,We're so glad to hear that our team made a positive impact on your experience. Our people are the heart of our mission. We'll be sure to share your appreciation with the team. Thank you for recognizing their dedication and care!,7/26/2025,gmb,https://maps.google.com/maps?cid=2324153722059615782
synergyhlthcr-avardis,Jamestown Health and Rehabilitation,1811 Jamestown Rd,Williamsburg,VA,23185-2326,US,2658,,Michaela Hawkins,"Do not send your loved one here if you can’t be with them to help them all day to get them to the bathroom you have to bring toilet paper paper towels, food a washcloth a hand towel. Showers maybe once every two weeks dietitian would not work with me on fixing my loved ones diet restrictions things he could not eat and things they kept putting on there they never changed it at all. You do not have very many friendly people there You might get one person, but everybody else has got an attitude if they have to do something for somebody who can’t do it for themselves you constantly call and call to get updates, but that’s a big joke. We were afraid to say anything with our names because he was afraid of retaliation because as soon as I started having complaints about things letting him sit there for a long periods of time, not being unhooked from the IV to go to the bathroom always saying they’ll find somebody to help and they never do one night my loved one rang the bell from 930 to 20 minutes till 12 waiting for somebody to take him to the bathroom And all he got was sorry the nurse stepped out. This was in the evening. He had to hear the bell ring the entire time on that machine we couldn’t stand up sitting in there for 3040 minutes with him while it was going off you can’t ever get in touch with the doctor. I have left five messages in two weeks and not one time did he ever return my call Not saying he’s not a good doctor. Just saying you can’t get the gist of everything that’s going on there unless you’re there 24 seven I wish I would’ve taken pictures of everything. The extremely dirty sheets, nasty bathroom two weeks almost 2 weeks his toilet and sink and around the toilet were filthy. Had bowel movement on the handles of his porta potty over top of the toilet Never cleaned blood three days on the floor where things squirted everywhere before somebody cleaned it up. I could really go on and on about everything and nitpick nobody’s perfect but most of the problem is they are understaffed. They don’t have enough people to take care of everybody that needs to be taken care of properly so I thought the Facility for not having enough people to take care of people that don’t have anybody else to take care of them. It’s very important that our family members are very well taken care of and happy you won’t find that there. Also there’s only three people there that are gonna be good to you. That is physical therapy, Transportation and director. Sorry to leave such a bad review. Also, my grandmother died there when it was under a different name 10 years ago with gangrene bed sores confusion left in a bed from the time we brought her there when she could walk with a walker, they weren’t giving her pain medicine and she died on her birthday two months later although I know it’s not the same name now, but that was one of the main reasons why I didn’t wanna send them there but unfortunately, when you try to find a rehab center after they come out of the hospital, you’re not gonna get the place you really want and you have to keep on top of them and with the nurses and don’t give up because of their job to tell us what’s going on hope this helps somebody and I’m sorry it was all negative. There were only three positive things about it.",1,7/25/2025,We're so glad to hear that our team made a positive impact on your experience. Our people are the heart of our mission. We'll be sure to share your appreciation with the team. Thank you for recognizing their dedication and care!,7/23/2025,gmb,https://maps.google.com/maps?cid=2496657677262714810
synergyhlthcr-avardis,Willowbrook Rehabilitation and Care,333 E Lee Ave,Yadkinville,NC,27055-8132,US,2564,,Kathy Mitchell,,5,7/25/2025,Thank you for the 5-star rating! We are committed to helping every person in our care reach new heights. Your support means the world to our team!,7/26/2025,gmb,https://maps.google.com/maps?cid=13181415108160796263
synergyhlthcr-avardis,Newport News Nursing and Rehabilitation,12997 Nettles Dr,Newport News,VA,23602-6913,US,2654,,Andre Harris,The candles are really wonderful to have and a really nice smell,5,7/24/2025,Thank you for the 5-star rating! We are committed to helping every person in our care reach new heights. Your support means the world to our team!,7/26/2025,gmb,https://maps.google.com/maps?cid=2324153722059615782
synergyhlthcr-avardis,King's Daughters Community Health and Rehabilitation,1410 N Augusta St,Staunton,VA,24401-2401,US,2653,,Barbara Middleton,"Staff work together and are very kind, compassionate, caring team.",4,7/24/2025,"Thank you for your rating.  We believe feedback helps us grow. If there's anything we can do to better support you or your loved one, we're here to listen.  Please contact a member of care center team to share your feedback!",7/26/2025,gmb,https://maps.google.com/maps?cid=11489819334989089200
synergyhlthcr-avardis,Westwood Health and Rehabilitation,625 Ashland St,Archdale,NC,27263-2943,US,2552,,Jessie,"Disgusting,run down, plain,boring,sad looks worse than Pruitt,Gray Brier and Meridian. I can say the staff looked decent,well groomed,nice, clean uniforms too good to work. Upon entering they had more call lights than Tanglewood light festival. There is no way this is Westwood the care has plummeted. Residents sitting in wheelchairs with urine stained sheets under them from the time they get up til whenever they lay down, residents nails longer than this post. Plenty staff but they’re all at the nurses station and standing under the ringing call lights not answering them. More water than ice in the water coolers so you know its not fresh, mold on the towels that house the scoop to get the ice. A resident made an accident and it was reported to the staff to assist though the resident was cleaning it themselves. No one assisted. Westwood needs to be shut down theres no reset for the care that is inside those walls. I dont know what happened but it was heart wrenching to see the condition of the residents. Still FORCING staff to utilize credentials that their job TITLE dont require due to staffing issues. Example if you are a social worker but you have a CNA license you will be made to work the floor in a shortage or else. To the administration, state, local government DO BETTER. Those are helpless individuals in there and sad that they cant have the quality of life they deserve. I would rate Westwood a -5 but that option isn’t available.",1,7/24/2025,"We're truly sorry to hear that your experience did not reflect the standard of care we aim to deliver. We are committed to a culture of accountability, where every voice matters, especially those of the families we serve. Your feedback is invaluable and will be shared with our leadership team to help us do better. We would appreciate the opportunity to connect directly and learn more, so we can work toward a resolution together. Please email us at Social@avardishealth.com.",7/24/2025,gmb,https://maps.google.com/maps?cid=8729691537125028428
synergyhlthcr-avardis,King's Daughters Community Health and Rehabilitation,1410 N Augusta St,Staunton,VA,24401-2401,US,2653,,Jessica Vazquez,"I’ve had the opportunity to witness some truly meaningful changes in our organization over the past several months, and I want to acknowledge the leadership team for their efforts in improving both our company culture and overall direction.

One of the most noticeable changes has been the shift toward a more open, inclusive, and communicative workplace environment. Leadership has become more transparent, making a conscious effort to keep employees informed and involved in decisions that affect us. Regular check-ins, open-door policies, and constructive feedback have become the norm, which has significantly improved morale and trust across teams.

Additionally, there’s been a genuine push to support employee well-being and work-life balance. Initiatives like flexible scheduling, mental health awareness, and professional development opportunities show a real commitment to investing in us not just as employees, but as people.

The leadership style has also evolved in a very positive direction. It’s more collaborative, empowering, and aligned with our shared goals. Leaders are now more approachable, accountable, and engaged, which has had a ripple effect on team dynamics and productivity.

Overall, I’m proud to be part of an organization that is actively working to grow and improve. These cultural and leadership changes have created a more supportive, motivated, and forward-thinking workplace—and I look forward to what’s ahead.",5,7/23/2025,We're so glad to hear that our team made a positive impact on your experience. Our people are the heart of our mission. We'll be sure to share your appreciation with the team. Thank you for recognizing their dedication and thank you for being a part of it!,7/24/2025,gmb,https://maps.google.com/maps?cid=11489819334989089200
synergyhlthcr-avardis,Middleton Oaks Health and Rehabilitation,627 Middleton Rd,Winona,MS,38967-2021,US,2504,,Beverly Wynne,,5,7/22/2025,Thank you for the 5-star rating! We are committed to helping every person in our care reach new heights. Your support means the world to our team!,7/23/2025,gmb,https://maps.google.com/maps?cid=18249732291281051392
synergyhlthcr-avardis,Pine View Health and Rehabilitation Center,1304 Walnut St,Waynesboro,MS,39367-2232,US,2018,,Katrina Jones,Horrible facility,1,7/22/2025,"We're truly sorry to see a 1-star rating. Your experience matters to us, and take all concerns and feedback seriously. Please contact us directly so we can listen, learn, and work to make things right.",7/22/2025,gmb,https://maps.google.com/maps?cid=8633103632613825898
synergyhlthcr-avardis,Starkville Manor Health Care and Rehabilitation,1001 Hospital Rd,Starkville,MS,39759-2125,US,2503,,Ethan Cantrell,Highly recommend,5,7/21/2025,Thank you for the 5-star rating! We are committed to helping every person in our care reach new heights. Your support means the world to our team!,7/22/2025,gmb,https://maps.google.com/maps?cid=10689748702764398361
synergyhlthcr-avardis,Starkville Manor Health Care and Rehabilitation,1001 Hospital Rd,Starkville,MS,39759-2125,US,2503,,Garrett Uphold,,5,7/21/2025,Thank you for the 5-star rating! We are committed to helping every person in our care reach new heights. Your support means the world to our team!,7/22/2025,gmb,https://maps.google.com/maps?cid=10689748702764398361
synergyhlthcr-avardis,Starkville Manor Health Care and Rehabilitation,1001 Hospital Rd,Starkville,MS,39759-2125,US,2503,,Shane McCuen,,5,7/21/2025,Thank you for the 5-star rating! We are committed to helping every person in our care reach new heights. Your support means the world to our team!,7/22/2025,gmb,https://maps.google.com/maps?cid=10689748702764398361
synergyhlthcr-avardis,Wilora Lake Healthcare,6001 Wilora Lake Rd,Charlotte,NC,28212-2833,US,2565,,P H,I had tour of the facility. I was very impressed by the staff and how the rooms and building were well kept. Latoya was very professional and knowledgeable.,5,7/21/2025,Thank you so much for your kind words. We are committed to person-centered care and compassionate service. It's our goal to ensure every individual and family feels valued and supported. Your feedback inspires us to continue reaching new heights in care excellence.,7/22/2025,gmb,https://maps.google.com/maps?cid=12883400636958841292
synergyhlthcr-avardis,Starkville Manor Health Care and Rehabilitation,1001 Hospital Rd,Starkville,MS,39759-2125,US,2503,,Lilee Bennett,,5,7/21/2025,Thank you for the 5-star rating! We are committed to helping every person in our care reach new heights. Your support means the world to our team!,7/22/2025,gmb,https://maps.google.com/maps?cid=10689748702764398361
synergyhlthcr-avardis,Windsor Grove Health and Rehabilitation,23352 Courthouse Hwy,Windsor,VA,23487-5333,US,2659,,Regina Charles,That was an accident previously not meant to send a one star rating. As far as I can determine the facility is well maintained and safe. The care being given to my family member is well.,3,7/21/2025,"We're truly sorry to see a 1-star rating. Your experience matters to us, and take all concerns and feedback seriously. Please contact us directly so we can listen, learn, and work to make things right.",7/21/2025,gmb,https://maps.google.com/maps?cid=2890239000189666972
synergyhlthcr-avardis,Starkville Manor Health Care and Rehabilitation,1001 Hospital Rd,Starkville,MS,39759-2125,US,2503,,Michelle Trujillo,Top notch!!!,5,7/21/2025,Thank you for the 5-star rating! We are committed to helping every person in our care reach new heights. Your support means the world to our team!,7/22/2025,gmb,https://maps.google.com/maps?cid=10689748702764398361
synergyhlthcr-avardis,Starkville Manor Health Care and Rehabilitation,1001 Hospital Rd,Starkville,MS,39759-2125,US,2503,,Booker Washington,The activities department is very creative; they have new and exciting things every day.,5,7/21/2025,Thank you so much for your kind words. We are committed to person-centered care and compassionate service. It's our goal to ensure every individual and family feels valued and supported. Your feedback inspires us to continue reaching new heights in care excellence.,7/22/2025,gmb,https://maps.google.com/maps?cid=10689748702764398361
synergyhlthcr-avardis,Starkville Manor Health Care and Rehabilitation,1001 Hospital Rd,Starkville,MS,39759-2125,US,2503,,Destinee Bennett,"Starkville Manor staff have been such a blessing to work with. The staff is kind, attentive, and truly cares about their residents. The facility is clean, welcoming, and always feels like a safe, supportive environment. We’re so grateful for the love and care they provide every day!",5,7/21/2025,We're so glad to hear that our team made a positive impact on your experience. Our people are the heart of our mission. We'll be sure to share your appreciation with the team. Thank you for recognizing their dedication and care!,7/22/2025,gmb,https://maps.google.com/maps?cid=10689748702764398361
synergyhlthcr-avardis,Starkville Manor Health Care and Rehabilitation,1001 Hospital Rd,Starkville,MS,39759-2125,US,2503,,Kelvin Cummins,,5,7/21/2025,Thank you for the 5-star rating! We are committed to helping every person in our care reach new heights. Your support means the world to our team!,7/22/2025,gmb,https://maps.google.com/maps?cid=10689748702764398361
synergyhlthcr-avardis,Starkville Manor Health Care and Rehabilitation,1001 Hospital Rd,Starkville,MS,39759-2125,US,2503,,Bill Taylor,,5,7/21/2025,Thank you for the 5-star rating! We are committed to helping every person in our care reach new heights. Your support means the world to our team!,7/22/2025,gmb,https://maps.google.com/maps?cid=10689748702764398361
synergyhlthcr-avardis,King's Daughters Community Health and Rehabilitation,1410 N Augusta St,Staunton,VA,24401-2401,US,2653,,Kimberly Gum,This a nasty place!! 1st off they had a resident that had bed bugs that they failed to do anything about until recent! The treatment of their staff is very unprofessional! Don't speak out or stand up for yourself cause you can & will be punished for it! SMH I wouldn't let them take care of my pet rock! Nor would I ever recommend someone to seek employment there. Such a disgrace!  To bad there isn't a way to give minus stars cause I would definitely give them negative stars!,1,7/21/2025,"We're truly sorry to hear that your experience did not reflect the standard of care we aim to deliver. We are committed to a culture of accountability, where every voice matters, especially those of the families we serve. Your feedback is invaluable and will be shared with our leadership team to help us do better. We would appreciate the opportunity to connect directly and learn more, so we can work toward a resolution together. Please email us at Social@avardishealth.com.",7/22/2025,gmb,https://maps.google.com/maps?cid=11489819334989089200
synergyhlthcr-avardis,Pass Christian Health and Rehabilitation Center,538 Menge Ave,Pass Christian,MS,39571-4234,US,2017,,Mandy Hall,"Horrible place to send your love ones. They staff is very unprofessional and lazy. They don’t treat the patients right, don’t check on them like they should. Mother went in walking and left unable to walk or anything, she was supposed to be only in for therapy to get her strength back but didn’t get therapy at all and now she unable to even walk. Had a fallen which shouldn’t happen if they were doing their job so  please don’t send your love ones there for any care cause they don’t care at all about anyone that enter that place. It’s a lot I can write but I’ll just leave it at this…PLEASE DON’T USE THIS PLACE FOR YOUR LOVE ONES IF YOU CAN ABOUT THEM. If I could give a -1 I would",1,7/20/2025,"We're truly sorry to hear that your experience did not reflect the standard of care we aim to deliver. We are committed to a culture of accountability, where every voice matters, especially those of the families we serve. Your feedback is invaluable and will be shared with our leadership team to help us do better. We would appreciate the opportunity to connect directly and learn more, so we can work toward a resolution together. Please email us at Social@avardishealth.com.",7/21/2025,gmb,https://maps.google.com/maps?cid=7837025244960355316
synergyhlthcr-avardis,Pine View Health and Rehabilitation Center,1304 Walnut St,Waynesboro,MS,39367-2232,US,2018,,Melinda Bishop,"Please please please do NOT put your family in this facility they do NOT care about there patients it's all a money making scam they will not be taken good care of and will be abused and neglected. My family member just recently passed there and it could have been prevented but the DON there, Kandy Griggs does not know how to run a facility or be a leader. She refused to send me family member out to the hospital and she passed. My family member used to tell me how she would go in her room and talk to her so bad and the entire building just has such a toxic hostile evil environment, you can feel it when you walk through the doors. My heart breaks knowing Kandy Griggs abused my family member and NOTHING has been done about. Would not recommend.",1,7/20/2025,"We're truly sorry to hear that your experience did not reflect the standard of care we aim to deliver. We are committed to a culture of accountability, where every voice matters, especially those of the families we serve. Your feedback is invaluable and will be shared with our leadership team to help us do better. We would appreciate the opportunity to connect directly and learn more, so we can work toward a resolution together. Please email us at Social@avardishealth.com.",7/21/2025,gmb,https://maps.google.com/maps?cid=8633103632613825898
synergyhlthcr-avardis,Hibriten Mountain Nursing and Rehabilitation,2030 Harper Ave NW,Lenoir,NC,28645-4953,US,2557,,Rebecca,"This facility is a joke. Nurses don’t show up for their 7am shift till 9am. Nobody answers the phone or door. I’ve seen CNAs and nurses remove trays from feeders rooms that were untouched so the residents went without food. The administrator, Laura Patrick, dresses just like how the facility handles care, very unprofessional. I’ve never seen an administrator wear pjs everyday of the week. They leave ONE nurse in charge of EVERY resident on third shift. And not to mention, their third shift staff sleep at the desk in the middle of the night. Not sure how the governing body continues to allow them to take care of our elderly population. Nothing has changed from Gateway now that it’s hibriten. I don’t ever leave negative reviews but people deserve to know how their family members are being treated at this facility. God bless.",1,7/18/2025,"We're truly sorry to hear that your experience did not reflect the standard of care we aim to deliver. We are committed to a culture of accountability, where every voice matters, especially those of the families we serve. Your feedback is invaluable and will be shared with our leadership team to help us do better. We would appreciate the opportunity to connect directly and learn more, so we can work toward a resolution together. Please email us at Social@avardishealth.com.",7/21/2025,gmb,https://maps.google.com/maps?cid=11623040022405330618
synergyhlthcr-avardis,Hibriten Mountain Nursing and Rehabilitation,2030 Harper Ave NW,Lenoir,NC,28645-4953,US,2557,,sarah,hope that you got new staff along with the new name.,1,7/18/2025,"We're truly sorry to see a 1-star rating. Your experience matters to us, and take all concerns and feedback seriously. Please contact us directly so we can listen, learn, and work to make things right.",7/21/2025,gmb,https://maps.google.com/maps?cid=11623040022405330618
synergyhlthcr-avardis,Wilora Lake Healthcare,6001 Wilora Lake Rd,Charlotte,NC,28212-2833,US,2565,,Michelle Payne,"I have been here for 4 yrs and my experience here is excellent. Great place for your parents. And the nurses, doctors and vendors are great. I love it here.",5,7/18/2025,Thank you so much for your kind words. We are committed to person-centered care and compassionate service. It's our goal to ensure every individual and family feels valued and supported. Your feedback inspires us to continue reaching new heights in care excellence.,7/21/2025,gmb,https://maps.google.com/maps?cid=12883400636958841292
synergyhlthcr-avardis,Pine View Health and Rehabilitation Center,1304 Walnut St,Waynesboro,MS,39367-2232,US,2018,,Barbra Smith,"If you care about your loved ones do NOT place them in the care of this facility. They WILL be neglected they work the facility extremely understaffed to take care of all the residents. They only work up to 4 CNAs at night to turn and dry 90 something residents it is ridiculous and an impossible task. I have also seen incidents be covered up and sweep under the rug, this place should be shut down. They just have not had the right people investigate the building and the people who do must be just as corrupt  because there is visible water damage on the walls also black mold on the walls in certain areas. The daily is nasty and stinks. They are so obsolete and still Utilize crank beds like this is the 1950s  And if you are a Nurse or CNA looking for employment DO NOT try and work at this evil toxic corrupt facility it is the WORST place to be employed and is ran by the most TOXIC evil people in the world who will do all in there power to make your experience awful. The DON Kandy Griggs is the worst thing that ever happened to Pinevirw health and Rehab, it’s always had a bad reputation but she has fully cemented this facility as the worst nursing facility I’ve ever seen in my 24 years of working in health and having family in a nursing home setting. She must be fired for this place to improve and this also goes for the Administrator. The reviews for this facility are mostly all fake and left by the corrupt employees and Management. This is a terrible, awful and Disgraceful embarrassment of a nursing home. I have seen things first hand that would have me and everyone employed there in court. THIS PLACE NEEDS TO BE SHUT DOWN and the earth salted and blessed.",1,7/18/2025,"We're truly sorry to hear that your experience did not reflect the standard of care we aim to deliver. We are committed to a culture of accountability, where every voice matters, especially those of the families we serve. Your feedback is invaluable and will be shared with our leadership team to help us do better. We would appreciate the opportunity to connect directly and learn more, so we can work toward a resolution together. Please email us at Social@avardishealth.com.",7/21/2025,gmb,https://maps.google.com/maps?cid=8633103632613825898
synergyhlthcr-avardis,Highfield Nursing and Rehabilitation,6590 Tryon Rd,Cary,NC,27518-7052,US,2554,,John Pratt,"I live here long term I'm 44, I've been on disability for 20 years when I first got there someone leaked HIPPA info and it's still going around for the last year I've been there. I'm giving it a chance if it still sucks all @ my rating will go back to a 1, and I'll be leaving. There's people like Gary, pam, summer, Sarah, Ewe, shalla uncle Cletus, Gloria here daughter and pain in the rear end Dana (& a couple others) that will go the extra mile make sure you're ok, and go above and beyond what their job description is.",3,7/18/2025,"We're truly sorry to hear that your experience did not reflect the standard of care we aim to deliver. We are committed to a culture of accountability, where every voice matters, especially those of the families we serve. Your feedback is invaluable and will be shared with our leadership team to help us do better. We would appreciate the opportunity to connect directly and learn more, so we can work toward a resolution together. Please email us at Social@avardishealth.com.",7/21/2025,gmb,https://maps.google.com/maps?cid=8193990697302986110
synergyhlthcr-avardis,Ocean Springs Health and Rehabilitation Center,1199 Ocean Springs Rd,Ocean Springs,MS,39564-3421,US,2019,,ronnie bohannon,"I was a patient there and I WOULD NOT recommend this place to anyone!  Whenever I needed help, it would take a long time to get it.  Their food is disgusting.  Their PE staff was good though.",1,7/17/2025,"We're truly sorry to hear that your experience did not reflect the standard of care we aim to deliver. We are committed to a culture of accountability, where every voice matters, especially those of the families we serve. Your feedback is invaluable and will be shared with our leadership team to help us do better. We would appreciate the opportunity to connect directly and learn more, so we can work toward a resolution together. Please email us at Social@avardishealth.com.",7/21/2025,gmb,https://maps.google.com/maps?cid=9456388844909393569
synergyhlthcr-avardis,Highfield Nursing and Rehabilitation,6590 Tryon Rd,Cary,NC,27518-7052,US,2554,,Sanjay Das,"Highfield Nursing & Rehab recently had a name and ownership change. They have issues to work through obviously from prior ownership. However, I was heartened by how they’re caring for someone I know who is there. He has skilled needs, and his dementia has progressed to where he can’t live at home. When I visited him, he was clean and looked well cared for. Highfield has a sitter with him at least during the day for his safety, and also helped the family apply for skilled Medicaid.",3,7/17/2025,"Thank you for your rating.  We believe feedback helps us grow. If there's anything we can do to better support you or your loved one, we're here to listen.  Please contact a member of care center team to share your feedback!",7/21/2025,gmb,https://maps.google.com/maps?cid=8193990697302986110
synergyhlthcr-avardis,Willowbrook Rehabilitation and Care,333 E Lee Ave,Yadkinville,NC,27055-8132,US,2564,,JP SHARK08,"DONT TAKE YOUR LOVE ONE HERE!! My mom went there, they did NOT do good job on my mom. My mom kept press the button (calling nurse) and they normally don’t come after 30 to 40 mins.. 90% of times when I came to see her, she was NOT sitting or laying properly and I knew then they did NOT keep checking on her. I cried everytime I came to see her because there was always something… I even contact the director my concerns, she answer once but never again after that and I felt they didn’t do anything difference.. oh and they kept making a mess on the chair! So we couldn’t find what we were trying to find. Horrible horrible place.. way below under 0. Please don’t say oh I’m sorry to hear that please contact us.. too late for that, I done contact several times and never heard from you , that one time you did but didn’t make any better.",1,7/17/2025,"Your concerns are valid, and we're sorry to hear that your visit did not reflect the safe, welcoming environment we are committed to providing. We believe that dignity in care includes attention to every detail, from cleanliness to comfort. We've shared your feedback with our environmental services and operations teams, and we'd welcome the chance to learn more about your experience and make necessary improvements. ",7/21/2025,gmb,https://maps.google.com/maps?cid=13181415108160796263
synergyhlthcr-avardis,King's Daughters Community Health and Rehabilitation,1410 N Augusta St,Staunton,VA,24401-2401,US,2653,,Tammy Reese,"I’ve been increasingly disappointed with my experience at Kings Daughters. While there are a couple of compassionate employees who genuinely care about the residents, that small group is vastly outnumbered by staff—from CNAs right up to Administration—who seem more interested in backstabbing and covering for each other than in providing ethical, transparent care.

It’s troubling to see innocent residents or family members suffer when someone raises concerns about questionable behavior. Instead of addressing issues head-on, the leadership appears more focused on silencing critics and deflecting blame. There are clear instances where unethical and immoral actions go unpunished, with certain staff members engaging in shady behavior while management turns a blind eye.

For anyone considering Kings Daughters, be aware that while a few good individuals are trying their best, the overall environment is deeply flawed by a culture of dishonesty and internal backstabbing. I hope future efforts bring about positive change, but for now, I cannot recommend this facility.",1,7/16/2025,"We're truly sorry to hear that your experience did not reflect the standard of care we aim to deliver. We are committed to a culture of accountability, where every voice matters, especially those of the families we serve. Your feedback is invaluable and will be shared with our leadership team to help us do better. We would appreciate the opportunity to connect directly and learn more, so we can work toward a resolution together. Please email us at Social@avardishealth.com.",7/21/2025,gmb,https://maps.google.com/maps?cid=11489819334989089200
synergyhlthcr-avardis,Willowbrook Rehabilitation and Care,333 E Lee Ave,Yadkinville,NC,27055-8132,US,2564,,I-eesha Adams,My client was here for about 2 months and she alerted me to being neglected. She said there were times when they took up to 2 hrs to change her. She started crying and said she hated it there. Her name is Amy Bean.,1,7/16/2025,"We're truly sorry to hear that your experience did not reflect the standard of care we aim to deliver. We are committed to a culture of accountability, where every voice matters, especially those of the families we serve. Your feedback is invaluable and will be shared with our leadership team to help us do better. We would appreciate the opportunity to connect directly and learn more, so we can work toward a resolution together. Please email us at Social@avardishealth.com.",7/21/2025,gmb,https://maps.google.com/maps?cid=13181415108160796263
synergyhlthcr-avardis,Wilora Lake Healthcare,6001 Wilora Lake Rd,Charlotte,NC,28212-2833,US,2565,,Ticola Mapp,"Great facility. Went to see my aunt on the rehab hall, she was clean and so was her room. The building didn’t smell and the staff was very pleasant. Me and my family are very happy with my aunt being here",5,7/16/2025,Thank you so much for your kind words. We are committed to person-centered care and compassionate service. It's our goal to ensure every individual and family feels valued and supported. Your feedback inspires us to continue reaching new heights in care excellence.,7/21/2025,gmb,https://maps.google.com/maps?cid=12883400636958841292
synergyhlthcr-avardis,Wilora Lake Healthcare,6001 Wilora Lake Rd,Charlotte,NC,28212-2833,US,2565,,Tracey Hill,"My experience With my Brother being here has been great! He is  tended to very well. Always fresh and clean when I come  to see him. The staff is friendly, and make  me feel welcome at every visit. There's never a question that I can't get the answer to. Keep up the great work guys, and again thank you for caring for my family.",5,7/15/2025,Thank you so much for your kind words. We are committed to person-centered care and compassionate service. It's our goal to ensure every individual and family feels valued and supported. Your feedback inspires us to continue reaching new heights in care excellence.,7/21/2025,gmb,https://maps.google.com/maps?cid=12883400636958841292
synergyhlthcr-avardis,Wilora Lake Healthcare,6001 Wilora Lake Rd,Charlotte,NC,28212-2833,US,2565,,Jontrez Young,Every time i come visit my aunt Latoya Marion always smiling and willing to help. Upon every visit the nurses  also be very helpful. I appreciate the staff for caring for my Aunt.,5,7/14/2025,Thank you so much for your kind words. We are committed to person-centered care and compassionate service. It's our goal to ensure every individual and family feels valued and supported. Your feedback inspires us to continue reaching new heights in care excellence.,7/21/2025,gmb,https://maps.google.com/maps?cid=12883400636958841292
synergyhlthcr-avardis,Grand Trace Health and Rehabilitation,555 John R Junkin Dr,Natchez,MS,39120-4709,US,2505,,Matt Brumfield,,5,7/14/2025,Thank you for the 5-star rating! We are committed to helping every person in our care reach new heights. Your support means the world to our team!,7/21/2025,gmb,https://maps.google.com/maps?cid=13703202206434671051
synergyhlthcr-avardis,The Oaks Rehabilitation and Healthcare,3716 Highway 39 N,Meridian,MS,39301-1013,US,2502,,MESHUE,"You only go to this place if you want to die. If I could post a minus 5, I would. This has to be the worst facility in NJ! I don't know how they can call themselves a rehabilitation facility. My Mother was admitted and stayed for over 2 months with minimal care. They kept her on OXY-24/7, and rarely had her out of bed. She was supposed to have 1 hour of PT everyday and eat in her chair or in the dining room, that never happened. My mother developed bed sores, thrush, fell out of the bed, they didn't shower her, when they told us they did. We had to constantly ask for her to be changed, and unfortunately she developed 2 UTI's while she was there. The nurse manager Crystal was beyond unprofessional, she had poor communication skills and just tried to cover herself  with no consequences. Another nursing supervisor discovered that she also discontinued medications without the doctors approval, which is totally illegal and turned out TO BE very harmful to my Mom. As for the supervisors and social worker, the right hand doesn't know what the left hand is doing, AND  the list goes on and on. For the sake of your loved one,
PLEASE STAY AWAY!",1,7/13/2025,"Are you sure your review reflects our location as The Oaks is in Mississippi and you mentioned New Jersey?
We are committed to a culture of accountability, where every voice matters, especially those of the families we serve. Your feedback is invaluable and will be shared with our leadership team to help us do better. We would appreciate the opportunity to connect directly and learn more, so we can work toward a resolution together. Please email us at Social@avardishealth.com.",7/21/2025,gmb,https://maps.google.com/maps?cid=5232290777239781461
synergyhlthcr-avardis,Forrest Oakes Healthcare,620 Heathwood Dr,Albemarle,NC,28001-8604,US,2550,,David Simmons,,5,7/13/2025,Thank you for the 5-star rating! We are committed to helping every person in our care reach new heights. Your support means the world to our team!,7/21/2025,gmb,https://maps.google.com/maps?cid=6137009337062248888
synergyhlthcr-avardis,King's Daughters Community Health and Rehabilitation,1410 N Augusta St,Staunton,VA,24401-2401,US,2653,,Adam Spencer,,1,7/12/2025,"We're truly sorry to see a 1-star rating. Your experience matters to us, and take all concerns and feedback seriously. Please contact us directly so we can listen, learn, and work to make things right.",7/21/2025,gmb,https://maps.google.com/maps?cid=11489819334989089200
synergyhlthcr-avardis,Newport News Nursing and Rehabilitation,12997 Nettles Dr,Newport News,VA,23602-6913,US,2654,,Charlene Yarborough,"This place is horrible.  I spent 1 month there they were always short of CNA staff & because of the work conditions several of the good ones quit. Ive never experienced such a non-porfessionl setting before many of the staff cursing up / down the hall.The food was horrible. Many times no clean linen. Many of the rooms had ants in them. Do not send your love ones there !!!!! I will say that the business personnel , housekeeping,  physical therapy crew was good.",1,7/12/2025,"We're truly sorry to hear that your experience did not reflect the standard of care we aim to deliver. We are committed to a culture of accountability, where every voice matters, especially those of the families we serve. Your feedback is invaluable and will be shared with our leadership team to help us do better. We would appreciate the opportunity to connect directly and learn more, so we can work toward a resolution together. Please email us at Social@avardishealth.com.",7/21/2025,gmb,https://maps.google.com/maps?cid=2324153722059615782
synergyhlthcr-avardis,Westwood Health and Rehabilitation,625 Ashland St,Archdale,NC,27263-2943,US,2552,,tracy mcghee,"This place is horrible. The nastiest building I ever worked at. They don’t take care of the residence. Rooms are nasty. They don’t even have hot water for the residence. I worked and did a paper timesheet Director of nursing never turn my time in they didn’t pay me when I supposed to get paid told me I had to wait till the next payday they don’t have staff they have two CNA‘s working in the whole building people not getting changed on third shift, they laying in urine and feces all night and  please do not bring your family member to this facility. It’s horrible. I wouldn’t put my dog in here. This place is unacceptable. They need to shut it down. I have already called the news and because this place is horrific.No hot water building is disgusting rooms are fifty dried blood in residents rooms roaches crawling on the trays when they come from dining room giving residents other residents medication The DON and  her assistant set in the administration office all day and look at him",1,7/12/2025,"Your concerns are valid, and we're sorry to hear that your visit did not reflect the safe, welcoming environment we are committed to providing. We believe that dignity in care includes attention to every detail, from cleanliness to comfort. We've shared your feedback with our environmental services and operations teams, and we'd welcome the chance to learn more about your experience and make necessary improvements. Please email us at Social@avardishealth.com.",6/30/2025,gmb,https://maps.google.com/maps?cid=8729691537125028428
synergyhlthcr-avardis,Ghent Health and Rehabilitation,3900 Llewellyn Ave,Norfolk,VA,23504-1203,US,2655,,yudi vazquez,"My beloved neighbor now lives at Ghent, and the staff provides excellent care. The building is old, but improvements are being made daily. The staff works hard to care for the patients.

Please ignore the review left by Richard Jones. I think he lives across from the facility and is upset that HE purchased a home in front of a nursing home.",5,7/11/2025,Thank you so much for your kind words. We are committed to person-centered care and compassionate service. It's our goal to ensure every individual and family feels valued and supported. Your feedback inspires us to continue reaching new heights in care excellence.,7/21/2025,gmb,https://maps.google.com/maps?cid=10233776105323789694
synergyhlthcr-avardis,King's Daughters Community Health and Rehabilitation,1410 N Augusta St,Staunton,VA,24401-2401,US,2653,,Brandi Radford,If it was an option I’d give this place a big zero it doesn’t even deserve 1start! Staff likes the be completely hateful to others judge and will target and zoom in on one!,1,7/9/2025,"We're truly sorry to see a 1-star rating. Your experience matters to us, and take all concerns and feedback seriously. Please contact us directly so we can listen, learn, and work to make things right.",7/21/2025,gmb,https://maps.google.com/maps?cid=11489819334989089200
synergyhlthcr-avardis,Windsor Grove Health and Rehabilitation,23352 Courthouse Hwy,Windsor,VA,23487-5333,US,2659,,Linda La Spina,"Worst company to work for, bullying from management",1,7/9/2025,"We're truly sorry to see a 1-star rating. Your experience matters to us, and take all concerns and feedback seriously. Please contact us directly so we can listen, learn, and work to make things right.",7/21/2025,gmb,https://maps.google.com/maps?cid=2890239000189666972
synergyhlthcr-avardis,Wilora Lake Healthcare,6001 Wilora Lake Rd,Charlotte,NC,28212-2833,US,2565,,AnneCarol Bess,Not good,1,7/7/2025,"We're truly sorry to see a 1-star rating. Your experience matters to us, and take all concerns and feedback seriously. Please contact us directly so we can listen, learn, and work to make things right.",7/21/2025,gmb,https://maps.google.com/maps?cid=12883400636958841292
synergyhlthcr-avardis,Newport News Nursing and Rehabilitation,12997 Nettles Dr,Newport News,VA,23602-6913,US,2654,,Smitty Smith,,1,7/3/2025,"We're truly sorry to see a 1-star rating. Your experience matters to us, and take all concerns and feedback seriously. Please contact us directly so we can listen, learn, and work to make things right.",7/7/2025,gmb,https://maps.google.com/maps?cid=2324153722059615782
synergyhlthcr-avardis,Newport News Nursing and Rehabilitation,12997 Nettles Dr,Newport News,VA,23602-6913,US,2654,,Charlotte RIDDICK,,5,7/1/2025,Thank you for the 5-star rating! We are committed to helping every person in our care reach new heights. Your support means the world to our team!,7/7/2025,gmb,https://maps.google.com/maps?cid=2324153722059615782
synergyhlthcr-avardis,Ghent Health and Rehabilitation,3900 Llewellyn Ave,Norfolk,VA,23504-1203,US,2655,,Monique Arnuth,"@Richard Jones, you have a whole lot to say about a place that you have never stepped foot in. Your negative comments and rude banter are seen by many. Instead of being a negative Nancy try volunteering or visiting some of the patients in there. Your quick to judge but one day you may end up needing some help. God has a funny way of humbling people like you. That facility has come a long way and is working to be a great place for Norfolks elders to live. What have you done lately to make a difference?  That facility has been there for a very long time, you chose to move there. Get something else better to do the bash a place you may end up in one day!",5,7/1/2025,Thank you for the 5-star rating!,7/7/2025,gmb,https://maps.google.com/maps?cid=10233776105323789694
synergyhlthcr-avardis,Jamestown Health and Rehabilitation,1811 Jamestown Rd,Williamsburg,VA,23185-2326,US,2658,,s d,"This is the Consulate of Williamsburg. Nursing home that treats their residents awful. Tells them they won’t ever walk again. Let’s them sit in dirty diapers. I’ll add the pictures on an update. Don’t put you love one here. The social worker that worked there, was not a social worker. No credentials  and she recently was let go. All offices are closed. I hope they are removing all previous office employees. The executive director Kelvin that was there was abusive to me because I complained and wanted black mold treated in the room of my friend. I had to clean his room myself.",1,6/30/2025,"Your concerns are valid, and we're sorry to hear that your visit did not reflect the safe, welcoming environment we are committed to providing. We believe that dignity in care includes attention to every detail, from cleanliness to comfort. We've shared your feedback with our environmental services and operations teams, and we'd welcome the chance to learn more about your experience and make necessary improvements. Please email us at Social@avardishealth.com.",7/7/2025,gmb,https://maps.google.com/maps?cid=2496657677262714810
synergyhlthcr-avardis,Ghent Health and Rehabilitation,3900 Llewellyn Ave,Norfolk,VA,23504-1203,US,2655,,Richard Jones,"This is the former Consultant Healthcare location. The location is called something different now. This place hires and staffs unqualified, low-level employees and those employees and this location bring down the property value of the entire neighborhood. Identical to Consulate Healthcare - same staff, same lack of care, same garbage.",1,6/29/2025,"Thank you for sharing your concerns. We’re sorry to hear that your experience did not reflect the level of care and communication you expected. We want to acknowledge that this care center is now under the new ownership and management of Avardis Health, and we are actively working to elevate every aspect of the care experience.

Our commitment is to build a culture rooted in accountability, collaboration, and person-centered care—where every individual feels respected, supported, and valued. Feedback like yours is essential to that process. If you’re open to it, we would appreciate the opportunity to speak with you directly and learn more, so we can ensure your voice helps guide our path forward.  Please email us at Social@avardishealth.com.

Together, we are striving toward new heights in care—and your input plays a meaningful role in that journey.
",6/30/2025,gmb,https://maps.google.com/maps?cid=10233776105323789694
synergyhlthcr-avardis,Ghent Health and Rehabilitation,3900 Llewellyn Ave,Norfolk,VA,23504-1203,US,2655,,Meagan Howell,"I am so impressed by the activities department at Ghent Health and Rehab. They take their residents on dolphin tours, fishing excursions, trips to the zoo, every day it seems like they are on a new adventure! I also love all the renovated rooms. The courtyard has also had a beautiful facelift and it is full of plants and flowers! The staff really care and want to make Ghent Health and Rehab the best place it can be!",5,6/25/2025,We're so glad to hear that our team made a positive impact on your experience. Our people are the heart of our mission. We'll be sure to share your appreciation with the team. Thank you for recognizing their dedication and care!,6/30/2025,gmb,https://maps.google.com/maps?cid=10233776105323789694
synergyhlthcr-avardis,Emerald Ridge Health and Rehabilitation,25 Reynolds Mountain Blvd,Asheville,NC,28804-1270,US,2556,,Deanna Forseth,"I am an otherwise healthy person who broke all three bones in my ankle and because I didn’t have a family or medical advocate, I was sent to this place.  The bathroom smells worse than a urinal and they just shake their heads and say “oh well”.  In the 6 days I’ve been here they have forgotten to bring a meal 4 times.    When food comes, they say they have run four of sugar for the coffee and butter for the grits and nothing isn’t beige and cold and devoid of any nutrition on the plate.
I’m trying to be grateful to the staff but this place should be shut down.
I’m getting less healthy every day I’m here.",1,6/24/2025,"We're truly sorry to hear that your experience did not reflect the standard of care we aim to deliver. We are committed to a culture of accountability, where every voice matters, especially those of the families we serve. Your feedback is invaluable and will be shared with our leadership team to help us do better. We would appreciate the opportunity to connect directly and learn more, so we can work toward a resolution together. Please email us at Social@avardishealth.com.",6/30/2025,gmb,https://maps.google.com/maps?cid=4215589149897886275
synergyhlthcr-avardis,Pine View Health and Rehabilitation Center,1304 Walnut St,Waynesboro,MS,39367-2232,US,2018,,shawn busby,"Heed my warning, which I highly recommend. If you care deeply about your loved one, I advise against admitting them to this facility without conducting thorough research. Placing your loved one in the care of this facility can be detrimental due to the subpar conditions of the building and the lack of cleanliness. Furthermore, the staff and management contribute to a toxic environment. Your loved one will not receive proper meals or adequate care, rendering this facility ineffective. Given the manner in which it operates, it is astonishing that it remains functional. Not only has my personal experience with my loved one, who will no longer be in their care, been troubling, but also the accounts from their roommate and my own research have left me in disbelief and concern. I wish there had been more candid reviews available prior to admitting my loved one, as this would have allowed me to make an informed decision and spare them unnecessary suffering. I encourage others to conduct their own research, as everyone is entitled to their opinion, but my assessment is based on personal investigation and verifiable facts. I hope this information is helpful. Have a blessed day...Management needs to be fired..I went and visited this facility..black mold in all areas and covering vents and the roaches throughout the facility is just nasty and unacceptable..God knows what happens when no one can see or isn't there ...how is this facility even open with this type of management or manger !!!...and the smell is awful..I'm sure this review will get taken down because that's what they do ....they do not want bad reviews so they only let the good reviews stay to keep their ratings up but this place needs a federal walk through with representatives that who actually do their jobs and shut this cesspool down !!",1,6/23/2025,"Your concerns are valid, and we're sorry to hear that your visit did not reflect the safe, welcoming environment we are committed to providing. We believe that dignity in care includes attention to every detail, from cleanliness to comfort. We've shared your feedback with our environmental services and operations teams, and we'd welcome the chance to learn more about your experience and make necessary improvements. Please email us at Social@avardishealth.com.",6/30/2025,gmb,https://maps.google.com/maps?cid=8633103632613825898
synergyhlthcr-avardis,Jamestown Health and Rehabilitation,1811 Jamestown Rd,Williamsburg,VA,23185-2326,US,2658,,Angela Morris (Αγγελική),"Following surgery at Riverside Regional Center, I was subsequently admitted to the Jamestown Health and Rehabilitation facility (Consulate Health Care of Williamsburg).
Upon entering the building on a stretcher, I felt disgust. I was shocked that Riverside had sent me to such a facility.
I immediately contacted my children. My son arrived promptly and expressed his disgust. He informed me that he would arrange for my release. However, he was informed that coordinating a move with other centers at 7:00 pm was impossible. The only options available were to stay overnight or take me home, but this was not feasible given my fractured femur.
I refrained from interacting with any of the staff members, as I felt a sense of resentment towards them due to the poor conditions of my surroundings.
The following day, my son spoke with the insurance company, and they offered limited accommodations therefore despite
the challenging circumstances, I remained at the facility. A friend and my children provided me with food, drinks, and other necessities.
As the days progressed, I began to appreciate the kindness of the employees. Most of them have been working here for several years. I discovered a flower garden and a room dedicated to various daily activities. However, one of my medications was unfortunately out of stock for a couple of days. Despite this setback, the staff was extremely generous with pain medication and provided me with all the medications I take at home.
The rehabilitation trainers were exceptional.The case worker’s efforts were remarkable in persuading the insurance company to provide me with the necessary equipment. A team of professionals collaborated to ensure that all the required arrangements were made.
However, I must acknowledge that I had some reservations about the food. I never ate their food.
Despite these minor concerns, I remained at the facility for five days. Initially, my experience was quite unpleasant, but it transformed into a positive one. I am deeply appreciative of each and every staff member for their kindness and support. Life is unpredictable, and I am fortunate to have encountered such a compassionate and caring environment.",4,6/23/2025,"Thank you for the 4-star rating! We appreciate your support and are always looking for ways to elevate the care experience. If you ever have suggestions, we'd love to hear them!",6/30/2025,gmb,https://maps.google.com/maps?cid=2496657677262714810
synergyhlthcr-avardis,Ghent Health and Rehabilitation,3900 Llewellyn Ave,Norfolk,VA,23504-1203,US,2655,,Peter Salvatore (UncleJerry),"The rehab center run by independent outside contractors. Great work done Dr.T, Mike, Mark & Maureen!! 😊 Definitely recommend them for PT/OT ⭐️⭐️⭐️⭐️⭐️
6/15/25 ZERO STARS Under staffed, meds withheld due to no nurse on duty, many nurses wont give reqested pain meds until they want!! Horrible  food. Food portions wouldn't feed an average 4 yr old! Food often late and or cold. Food born illness common! Mice rats and roaches common place!",1,6/21/2025,"We're truly sorry to hear that your experience did not reflect the standard of care we aim to deliver. We are committed to a culture of accountability, where every voice matters, especially those of the families we serve. Your feedback is invaluable and will be shared with our leadership team to help us do better. We would appreciate the opportunity to connect directly and learn more, so we can work toward a resolution together. Please email us at Social@avardishealth.com.",6/30/2025,gmb,https://maps.google.com/maps?cid=10233776105323789694
synergyhlthcr-avardis,Wellington Rehabilitation and Healthcare,1000 Tandal Pl,Knightdale,NC,27545-8842,US,2563,,Lady,"My ex-husband was At this facility about three years ago, I walked in and found him on the floor with the door closed. I don’t recommend this place either",1,6/19/2025,"We're truly sorry to see a 1-star rating. Your experience matters to us, and take all concerns and feedback seriously. Please contact us directly so we can listen, learn, and work to make things right.",6/30/2025,gmb,https://maps.google.com/maps?cid=3886324912718004434
synergyhlthcr-avardis,Willowbrook Rehabilitation and Care,333 E Lee Ave,Yadkinville,NC,27055-8132,US,2564,,Kim Beasley,Bad place staff unperfechionel rude don't feed patients properly mean to then makes them weight to 3 or more hrs before changing them,1,6/17/2025,"We're truly sorry to see a 1-star rating. Your experience matters to us, and take all concerns and feedback seriously. Please contact us directly so we can listen, learn, and work to make things right.",6/30/2025,gmb,https://maps.google.com/maps?cid=13181415108160796263
synergyhlthcr-avardis,Highfield Nursing and Rehabilitation,6590 Tryon Rd,Cary,NC,27518-7052,US,2554,,E Holland,I love everyone here at Highfield,5,6/17/2025,Thank you for the 5-star rating! We are committed to helping every person in our care reach new heights. Your support means the world to our team!,6/30/2025,gmb,https://maps.google.com/maps?cid=8193990697302986110
synergyhlthcr-avardis,Highfield Nursing and Rehabilitation,6590 Tryon Rd,Cary,NC,27518-7052,US,2554,,Deborah Linton,"Erin, all CNA, aids, physical therapist, occupation therapist, & all staff have given me great care.",5,6/17/2025,We're so glad to hear that our team made a positive impact on your experience. Our people are the heart of our mission. We'll be sure to share your appreciation with the team. Thank you for recognizing their dedication and care!,6/30/2025,gmb,https://maps.google.com/maps?cid=8193990697302986110
synergyhlthcr-avardis,Cardinal Healthcare and Rehabilitation,931 N Aspen St,Lincolnton,NC,28092-2113,US,2553,,Gary,"I wanted to leave a review for Cardinal Healthcare and Rehabilitation Center for two reasons: (1) When I was looking for a qualified center to send my mom to, there was not always a lot of reviews to go by, so I want to help others, and (2) to thank the wonderful staff at Cardinal for the care, support, and compassion that they provided to my mom and myself.

I honestly was unsure what the level of care was going to be when my mom was getting discharged from the hospital to a rehabilitation center, and I hand selected Cardinal from a list of 10 centers that I was provided with by the hospital, and honestly the level of care FAR surpassed the “care” that she was receiving at the hospital.

I had daily interactions with the staff; from the administrators who came around all the time to check on residents, to the physical therapy team who are wonderful, to the delightful housekeeping team that is always around making sure all of the rooms and facility are spotless. The nursing staff that I interacted with were wonderful, and really cared about the level of care and comfort of the residents ( and they took care of me too!).
They check on the residents often, make sure that they are moving and not laying in one spot all day, help with anything that they can, and as I said before, were very supportive overall. I also can not forget to mention Ms. Barbara who is amazing and is a very special lady, who has so much empathy and compassion and she helped me get thru some hard days and would come and check on my mom as well.
There are some real “shining stars” working at this facility,  and as strange as it might sound, I will miss some of the interactions I had with the staff, and I am grateful to them for taking care of my mom and for putting up with me!",5,6/16/2025,We're so glad to hear that our team made a positive impact on your experience. Our people are the heart of our mission. We'll be sure to share your appreciation with the team. Thank you for recognizing their dedication and care!,6/30/2025,gmb,https://maps.google.com/maps?cid=5235987348951661631
synergyhlthcr-avardis,Walnut Cove Health and Rehabilitation,511 Windmill St,Walnut Cove,NC,27052-7706,US,2562,,Paul Redmon,They got bed bugs,1,6/15/2025,"We're truly sorry to see a 1-star rating. Your experience matters to us, and take all concerns and feedback seriously. We can assure that the center does not have bed bugs. Please contact us directly so we can discuss.",6/30/2025,gmb,https://maps.google.com/maps?cid=7743540191664109650
synergyhlthcr-avardis,Hibriten Mountain Nursing and Rehabilitation,2030 Harper Ave NW,Lenoir,NC,28645-4953,US,2557,,Amanda Youngdahl,,5,6/13/2025,Thank you for the 5-star rating! We are committed to helping every person in our care reach new heights. Your support means the world to our team!,6/30/2025,gmb,https://maps.google.com/maps?cid=11623040022405330618
synergyhlthcr-avardis,Pass Christian Health and Rehabilitation Center,538 Menge Ave,Pass Christian,MS,39571-4234,US,2017,,Jeanne Fowler,"I was here for Physical Rehabilitation for a broken femur from May 23 - June 8, 2025. I was given excellent care from arriving, Front Desk paper work my Nurses, NP, CNA's, Housekeeping, Physical Therapists, Delivery of meals, and Social Services. I was treated with a caring attitude from each person no matter what kind of day they were having. They were always pleasant, with a smile on their faces. We shared laughs & tears. I highly recommend.",5,6/11/2025,We're so glad to hear that our team made a positive impact on your experience. Our people are the heart of our mission. We'll be sure to share your appreciation with the team. Thank you for recognizing their dedication and care!,6/30/2025,gmb,https://maps.google.com/maps?cid=7837025244960355316
synergyhlthcr-avardis,Hibriten Mountain Nursing and Rehabilitation,2030 Harper Ave NW,Lenoir,NC,28645-4953,US,2557,,Randy Johnson,,5,6/11/2025,Thank you for the 5-star rating! We are committed to helping every person in our care reach new heights. Your support means the world to our team!,6/30/2025,gmb,https://maps.google.com/maps?cid=11623040022405330618
synergyhlthcr-avardis,Jamestown Health and Rehabilitation,1811 Jamestown Rd,Williamsburg,VA,23185-2326,US,2658,,Jordan H,Staff is caring and gave exceptional care!,5,6/10/2025,Thank you for the 5-star rating! We are committed to helping every person in our care reach new heights. Your support means the world to our team!,6/30/2025,gmb,https://maps.google.com/maps?cid=2496657677262714810
synergyhlthcr-avardis,Jamestown Health and Rehabilitation,1811 Jamestown Rd,Williamsburg,VA,23185-2326,US,2658,,Chelly R,,5,6/10/2025,Thank you for the 5-star rating! We are committed to helping every person in our care reach new heights. Your support means the world to our team!,6/30/2025,gmb,https://maps.google.com/maps?cid=2496657677262714810
synergyhlthcr-avardis,Jamestown Health and Rehabilitation,1811 Jamestown Rd,Williamsburg,VA,23185-2326,US,2658,,LJ “Threekidsplus” Howard,Staff is respectful and kind.   What a relief!!,5,6/10/2025,Thank you so much for your kind words. We are committed to person-centered care and compassionate service. It's our goal to ensure every individual and family feels valued and supported. Your feedback inspires us to continue reaching new heights in care excellence.,6/30/2025,gmb,https://maps.google.com/maps?cid=2496657677262714810
synergyhlthcr-avardis,Jamestown Health and Rehabilitation,1811 Jamestown Rd,Williamsburg,VA,23185-2326,US,2658,,James ingram jr,,5,6/9/2025,Thank you for the 5-star rating! We are committed to helping every person in our care reach new heights. Your support means the world to our team!,6/30/2025,gmb,https://maps.google.com/maps?cid=2496657677262714810
synergyhlthcr-avardis,Jamestown Health and Rehabilitation,1811 Jamestown Rd,Williamsburg,VA,23185-2326,US,2658,,Jessica Hammill,"Great place, friendly and knowledgeable staff who care about everyone in their care.",5,6/9/2025,Thank you so much for your kind words. We are committed to person-centered care and compassionate service. It's our goal to ensure every individual and family feels valued and supported. Your feedback inspires us to continue reaching new heights in care excellence.,6/30/2025,gmb,https://maps.google.com/maps?cid=2496657677262714810
synergyhlthcr-avardis,Highfield Nursing and Rehabilitation,6590 Tryon Rd,Cary,NC,27518-7052,US,2554,,mark waterman,"WAS CARY REHABILITATION NO BETTER WITH COCKROACHES, LEAKS IN HALLWAY CEILINGS SMALLER PORTION FOOD AND REDUNDANT, ONLY GOOD GROUP OT/PT THRAPY AND THERAPIST STRENGTH TRAINING",1,6/7/2025,,,gmb,https://maps.google.com/maps?cid=8193990697302986110
synergyhlthcr-avardis,Ocean Springs Health and Rehabilitation Center,1199 Ocean Springs Rd,Ocean Springs,MS,39564-3421,US,2019,,Denise Manning,,1,5/4/2025,"We're truly sorry to see a 1-star rating. Your experience matters to us, and take all concerns and feedback seriously. Please contact us directly so we can listen, learn, and work to make things right.",6/30/2025,gmb,https://maps.google.com/maps?cid=9456388844909393569
synergyhlthcr-avardis,Ocean Springs Health and Rehabilitation Center,1199 Ocean Springs Rd,Ocean Springs,MS,39564-3421,US,2019,,Patty Broussard,,1,5/2/2025,"We're truly sorry to see a 1-star rating. Your experience matters to us, and take all concerns and feedback seriously. Please contact us directly so we can listen, learn, and work to make things right.",6/30/2025,gmb,https://maps.google.com/maps?cid=9456388844909393569
